Time[s], TX, RX, Dir, Channel 3, Channel 4, Channel 5, Channel 6, Channel 7
0.000000000000000, 0, 0, 0, 1, 1, 1, 1, 1
5.443050000000000, 0, 0, 0, 0, 0, 0, 0, 0
5.443130000000000, 0, 0, 0, 1, 1, 1, 1, 1
5.443290000000000, 0, 0, 1, 1, 1, 1, 1, 1
5.443500000000000, 0, 0, 0, 1, 1, 1, 1, 1
5.443520000000000, 0, 0, 1, 1, 1, 1, 1, 1
5.443530000000001, 0, 0, 0, 1, 1, 1, 1, 1
5.443540000000000, 0, 0, 1, 1, 1, 1, 1, 1
5.443550000000000, 0, 0, 0, 1, 1, 1, 1, 1
5.443620000000000, 0, 0, 1, 1, 1, 1, 1, 1
5.443630000000001, 0, 0, 0, 1, 1, 1, 1, 1
5.443830000000000, 0, 0, 1, 1, 1, 1, 1, 1
5.443840000000001, 0, 0, 0, 1, 1, 1, 1, 1
5.443890000000001, 0, 0, 1, 1, 1, 1, 1, 1
5.443910000000001, 0, 0, 0, 1, 1, 1, 1, 1
5.443950000000000, 0, 0, 1, 1, 1, 1, 1, 1
5.443960000000001, 0, 0, 0, 1, 1, 1, 1, 1
5.444070000000001, 0, 1, 1, 1, 1, 1, 1, 1
5.444080000000000, 1, 1, 1, 1, 1, 1, 1, 1
5.447140000000000, 1, 0, 1, 1, 1, 1, 1, 1
5.447340000000001, 1, 0, 0, 1, 1, 1, 1, 1
5.447390000000000, 1, 0, 1, 1, 1, 1, 1, 1
5.447450000000001, 1, 0, 0, 1, 1, 1, 1, 1
5.447500000000001, 1, 0, 1, 1, 1, 1, 1, 1
5.447600000000000, 1, 0, 0, 1, 1, 1, 1, 1
5.447760000000001, 1, 0, 1, 1, 1, 1, 1, 1
5.447870000000001, 1, 0, 0, 1, 1, 1, 1, 1
5.447980000000000, 1, 0, 1, 1, 1, 1, 1, 1
5.448030000000000, 1, 0, 0, 1, 1, 1, 1, 1
5.448340000000001, 1, 0, 1, 1, 1, 1, 1, 1
5.449310000000001, 1, 0, 0, 1, 1, 1, 1, 1
5.449360000000000, 1, 0, 1, 1, 1, 1, 1, 1
5.449420000000001, 1, 0, 0, 1, 1, 1, 1, 1
5.449780000000001, 1, 0, 1, 1, 1, 1, 1, 1
5.449860000000000, 1, 0, 0, 1, 1, 1, 1, 1
5.450270000000001, 1, 0, 1, 1, 1, 1, 1, 1
5.451460000000001, 1, 0, 0, 1, 1, 1, 1, 1
5.451620000000000, 1, 0, 1, 1, 1, 1, 1, 1
5.451820000000001, 1, 0, 0, 1, 1, 1, 1, 1
5.451880000000000, 1, 0, 1, 1, 1, 1, 1, 1
5.452660000000001, 1, 1, 1, 1, 1, 1, 1, 1
5.452680000000001, 0, 1, 0, 1, 1, 1, 1, 1
5.453140000000000, 1, 1, 1, 1, 1, 1, 1, 1
5.453290000000001, 0, 1, 0, 1, 1, 1, 1, 1
5.453340000000001, 1, 1, 1, 1, 1, 1, 1, 1
5.453450000000000, 0, 1, 0, 1, 1, 1, 1, 1
5.453500000000000, 1, 1, 1, 1, 1, 1, 1, 1
5.453550000000001, 0, 1, 0, 1, 1, 1, 1, 1
5.453750000000000, 1, 1, 1, 1, 1, 1, 1, 1
5.453910000000000, 1, 0, 1, 1, 1, 1, 1, 1
5.454130000000000, 1, 1, 1, 1, 1, 1, 1, 1
5.454140000000001, 0, 1, 0, 1, 1, 1, 1, 1
5.454190000000001, 1, 1, 1, 1, 1, 1, 1, 1
5.454250000000000, 0, 1, 0, 1, 1, 1, 1, 1
5.454300000000001, 1, 1, 1, 1, 1, 1, 1, 1
5.454350000000001, 0, 1, 0, 1, 1, 1, 1, 1
5.454500000000000, 1, 1, 1, 1, 1, 1, 1, 1
5.454550000000000, 0, 1, 0, 1, 1, 1, 1, 1
5.454610000000001, 1, 1, 1, 1, 1, 1, 1, 1
5.454760000000000, 0, 1, 0, 1, 1, 1, 1, 1
5.454810000000000, 1, 1, 1, 1, 1, 1, 1, 1
5.454860000000000, 0, 1, 0, 1, 1, 1, 1, 1
5.454920000000000, 1, 1, 1, 1, 1, 1, 1, 1
5.454970000000000, 0, 1, 0, 1, 1, 1, 1, 1
5.455120000000001, 1, 1, 1, 1, 1, 1, 1, 1
5.455170000000001, 0, 1, 0, 1, 1, 1, 1, 1
5.455220000000001, 1, 1, 1, 1, 1, 1, 1, 1
5.455390000000000, 0, 1, 0, 1, 1, 1, 1, 1
5.455650000000000, 1, 1, 1, 1, 1, 1, 1, 1
5.455750000000000, 0, 1, 0, 1, 1, 1, 1, 1
5.455860000000000, 1, 1, 1, 1, 1, 1, 1, 1
5.456020000000001, 0, 1, 0, 1, 1, 1, 1, 1
5.456280000000000, 1, 1, 1, 1, 1, 1, 1, 1
5.456380000000000, 0, 1, 0, 1, 1, 1, 1, 1
5.456490000000001, 1, 1, 1, 1, 1, 1, 1, 1
5.456660000000000, 0, 1, 0, 1, 1, 1, 1, 1
5.456910000000001, 1, 1, 1, 1, 1, 1, 1, 1
5.457020000000001, 0, 1, 0, 1, 1, 1, 1, 1
5.457120000000001, 1, 1, 1, 1, 1, 1, 1, 1
5.457290000000000, 0, 1, 0, 1, 1, 1, 1, 1
5.457440000000000, 1, 1, 1, 1, 1, 1, 1, 1
5.457490000000001, 0, 1, 0, 1, 1, 1, 1, 1
5.457540000000001, 1, 1, 1, 1, 1, 1, 1, 1
5.457650000000000, 0, 1, 0, 1, 1, 1, 1, 1
5.457750000000001, 1, 1, 1, 1, 1, 1, 1, 1
5.457830000000000, 0, 1, 0, 1, 1, 1, 1, 1
5.457880000000000, 1, 1, 1, 1, 1, 1, 1, 1
5.458030000000001, 0, 1, 0, 1, 1, 1, 1, 1
5.458080000000001, 1, 1, 1, 1, 1, 1, 1, 1
5.458190000000000, 0, 1, 0, 1, 1, 1, 1, 1
5.458290000000001, 1, 1, 1, 1, 1, 1, 1, 1
5.458340000000001, 0, 1, 0, 1, 1, 1, 1, 1
5.458550000000001, 1, 1, 1, 1, 1, 1, 1, 1
5.458700000000000, 0, 1, 0, 1, 1, 1, 1, 1
5.458800000000000, 1, 1, 1, 1, 1, 1, 1, 1
5.458940000000000, 0, 1, 0, 1, 1, 1, 1, 1
5.458990000000000, 1, 1, 1, 1, 1, 1, 1, 1
5.459040000000001, 0, 1, 0, 1, 1, 1, 1, 1
5.459090000000001, 1, 1, 1, 1, 1, 1, 1, 1
5.459190000000000, 0, 1, 0, 1, 1, 1, 1, 1
5.459250000000001, 1, 1, 1, 1, 1, 1, 1, 1
5.459300000000001, 0, 1, 0, 1, 1, 1, 1, 1
5.459400000000000, 1, 1, 1, 1, 1, 1, 1, 1
5.459570000000000, 0, 1, 0, 1, 1, 1, 1, 1
5.459830000000000, 1, 1, 1, 1, 1, 1, 1, 1
5.459930000000001, 0, 1, 0, 1, 1, 1, 1, 1
5.460030000000001, 1, 1, 1, 1, 1, 1, 1, 1
5.460200000000000, 0, 1, 0, 1, 1, 1, 1, 1
5.460460000000000, 1, 1, 1, 1, 1, 1, 1, 1
5.460560000000000, 0, 1, 0, 1, 1, 1, 1, 1
5.460660000000001, 1, 1, 1, 1, 1, 1, 1, 1
5.460820000000000, 1, 0, 1, 1, 1, 1, 1, 1
5.461040000000001, 1, 1, 1, 1, 1, 1, 1, 1
5.461050000000000, 0, 1, 0, 1, 1, 1, 1, 1
5.461110000000001, 1, 1, 1, 1, 1, 1, 1, 1
5.461160000000000, 0, 1, 0, 1, 1, 1, 1, 1
5.461310000000000, 1, 1, 1, 1, 1, 1, 1, 1
5.461470000000000, 0, 1, 0, 1, 1, 1, 1, 1
5.461520000000000, 1, 1, 1, 1, 1, 1, 1, 1
5.461600000000001, 1, 0, 1, 1, 1, 1, 1, 1
5.491240000000000, 1, 0, 0, 1, 1, 1, 1, 1
5.492170000000001, 1, 0, 1, 1, 1, 1, 1, 1
5.493530000000001, 1, 0, 0, 1, 1, 1, 1, 1
5.494000000000001, 1, 0, 1, 1, 1, 1, 1, 1
5.494060000000000, 1, 0, 0, 1, 1, 1, 1, 1
5.494170000000000, 1, 0, 1, 1, 1, 1, 1, 1
5.494220000000000, 1, 0, 0, 1, 1, 1, 1, 1
5.494330000000001, 1, 0, 1, 1, 1, 1, 1, 1
5.494380000000000, 1, 0, 0, 1, 1, 1, 1, 1
5.494530000000000, 1, 0, 1, 1, 1, 1, 1, 1
5.495500000000001, 1, 0, 0, 1, 1, 1, 1, 1
5.495550000000001, 1, 0, 1, 1, 1, 1, 1, 1
5.495600000000000, 1, 0, 0, 1, 1, 1, 1, 1
5.495970000000001, 1, 0, 1, 1, 1, 1, 1, 1
5.496030000000000, 1, 0, 0, 1, 1, 1, 1, 1
5.496130000000001, 1, 0, 1, 1, 1, 1, 1, 1
5.496190000000000, 1, 0, 0, 1, 1, 1, 1, 1
5.496500000000000, 1, 0, 1, 1, 1, 1, 1, 1
5.497510000000000, 1, 0, 0, 1, 1, 1, 1, 1
5.497620000000000, 1, 0, 1, 1, 1, 1, 1, 1
5.497720000000000, 1, 0, 0, 1, 1, 1, 1, 1
5.497770000000000, 1, 0, 1, 1, 1, 1, 1, 1
5.497830000000000, 1, 0, 0, 1, 1, 1, 1, 1
5.497880000000000, 1, 0, 1, 1, 1, 1, 1, 1
5.497930000000000, 1, 0, 0, 1, 1, 1, 1, 1
5.497980000000000, 1, 0, 1, 1, 1, 1, 1, 1
5.515490000000001, 1, 0, 0, 1, 1, 1, 1, 1
5.516420000000000, 1, 0, 1, 1, 1, 1, 1, 1
5.517620000000001, 1, 0, 0, 1, 1, 1, 1, 1
5.517780000000000, 1, 0, 1, 1, 1, 1, 1, 1
5.517890000000000, 1, 0, 0, 1, 1, 1, 1, 1
5.518040000000000, 1, 0, 1, 1, 1, 1, 1, 1
5.518170000000000, 1, 0, 0, 1, 1, 1, 1, 1
5.518280000000001, 1, 0, 1, 1, 1, 1, 1, 1
5.518330000000001, 1, 0, 0, 1, 1, 1, 1, 1
5.518480000000000, 1, 0, 1, 1, 1, 1, 1, 1
5.518540000000001, 1, 0, 0, 1, 1, 1, 1, 1
5.518640000000000, 1, 0, 1, 1, 1, 1, 1, 1
5.519730000000000, 1, 0, 0, 1, 1, 1, 1, 1
5.519790000000000, 1, 0, 1, 1, 1, 1, 1, 1
5.519840000000000, 1, 0, 0, 1, 1, 1, 1, 1
5.520200000000001, 1, 0, 1, 1, 1, 1, 1, 1
5.520280000000001, 1, 0, 0, 1, 1, 1, 1, 1
5.520700000000001, 1, 0, 1, 1, 1, 1, 1, 1
5.521700000000000, 1, 0, 0, 1, 1, 1, 1, 1
5.521750000000001, 1, 0, 1, 1, 1, 1, 1, 1
5.521810000000000, 1, 0, 0, 1, 1, 1, 1, 1
5.521910000000000, 1, 0, 1, 1, 1, 1, 1, 1
5.521960000000001, 1, 0, 0, 1, 1, 1, 1, 1
5.522020000000000, 1, 0, 1, 1, 1, 1, 1, 1
5.561460000000000, 1, 0, 0, 1, 1, 1, 1, 1
5.562390000000001, 1, 0, 1, 1, 1, 1, 1, 1
5.563480000000000, 1, 0, 0, 1, 1, 1, 1, 1
5.563940000000001, 1, 0, 1, 1, 1, 1, 1, 1
5.564040000000000, 1, 0, 0, 1, 1, 1, 1, 1
5.564140000000000, 1, 0, 1, 1, 1, 1, 1, 1
5.564190000000001, 1, 0, 0, 1, 1, 1, 1, 1
5.564300000000000, 1, 0, 1, 1, 1, 1, 1, 1
5.564400000000000, 1, 0, 0, 1, 1, 1, 1, 1
5.564510000000000, 1, 0, 1, 1, 1, 1, 1, 1
5.565600000000001, 1, 0, 0, 1, 1, 1, 1, 1
5.565660000000000, 1, 0, 1, 1, 1, 1, 1, 1
5.565710000000000, 1, 0, 0, 1, 1, 1, 1, 1
5.566070000000001, 1, 0, 1, 1, 1, 1, 1, 1
5.566130000000000, 1, 0, 0, 1, 1, 1, 1, 1
5.566240000000001, 1, 0, 1, 1, 1, 1, 1, 1
5.566290000000000, 1, 0, 0, 1, 1, 1, 1, 1
5.566600000000000, 1, 0, 1, 1, 1, 1, 1, 1
5.567580000000000, 1, 0, 0, 1, 1, 1, 1, 1
5.567640000000001, 1, 0, 1, 1, 1, 1, 1, 1
5.567690000000001, 1, 0, 0, 1, 1, 1, 1, 1
5.567740000000001, 1, 0, 1, 1, 1, 1, 1, 1
5.567790000000000, 1, 0, 0, 1, 1, 1, 1, 1
5.567840000000000, 1, 0, 1, 1, 1, 1, 1, 1
5.567900000000001, 1, 0, 0, 1, 1, 1, 1, 1
5.568050000000000, 1, 0, 1, 1, 1, 1, 1, 1
5.585720000000000, 1, 0, 0, 1, 1, 1, 1, 1
5.586650000000001, 1, 0, 1, 1, 1, 1, 1, 1
5.587700000000001, 1, 0, 0, 1, 1, 1, 1, 1
5.587760000000000, 1, 0, 1, 1, 1, 1, 1, 1
5.587860000000000, 1, 0, 0, 1, 1, 1, 1, 1
5.587910000000001, 1, 0, 1, 1, 1, 1, 1, 1
5.587970000000000, 1, 0, 0, 1, 1, 1, 1, 1
5.588120000000001, 1, 0, 1, 1, 1, 1, 1, 1
5.588230000000000, 1, 0, 0, 1, 1, 1, 1, 1
5.588340000000001, 1, 0, 1, 1, 1, 1, 1, 1
5.588390000000000, 1, 0, 0, 1, 1, 1, 1, 1
5.588600000000000, 1, 0, 1, 1, 1, 1, 1, 1
5.588650000000000, 1, 0, 0, 1, 1, 1, 1, 1
5.588700000000000, 1, 0, 1, 1, 1, 1, 1, 1
5.589740000000001, 1, 0, 0, 1, 1, 1, 1, 1
5.589790000000001, 1, 0, 1, 1, 1, 1, 1, 1
5.589840000000001, 1, 0, 0, 1, 1, 1, 1, 1
5.590210000000001, 1, 0, 1, 1, 1, 1, 1, 1
5.590270000000000, 1, 0, 0, 1, 1, 1, 1, 1
5.590690000000000, 1, 0, 1, 1, 1, 1, 1, 1
5.591680000000000, 1, 0, 0, 1, 1, 1, 1, 1
5.591790000000000, 1, 0, 1, 1, 1, 1, 1, 1
5.591940000000000, 1, 0, 0, 1, 1, 1, 1, 1
5.592050000000000, 1, 0, 1, 1, 1, 1, 1, 1
5.592100000000000, 1, 0, 0, 1, 1, 1, 1, 1
5.592150000000000, 1, 0, 1, 1, 1, 1, 1, 1
5.631590000000000, 1, 0, 0, 1, 1, 1, 1, 1
5.632520000000000, 1, 0, 1, 1, 1, 1, 1, 1
5.633570000000001, 1, 0, 0, 1, 1, 1, 1, 1
5.634040000000001, 1, 0, 1, 1, 1, 1, 1, 1
5.634100000000000, 1, 0, 0, 1, 1, 1, 1, 1
5.634210000000000, 1, 0, 1, 1, 1, 1, 1, 1
5.634260000000000, 1, 0, 0, 1, 1, 1, 1, 1
5.634360000000000, 1, 0, 1, 1, 1, 1, 1, 1
5.634420000000000, 1, 0, 0, 1, 1, 1, 1, 1
5.634470000000000, 1, 0, 1, 1, 1, 1, 1, 1
5.634520000000000, 1, 0, 0, 1, 1, 1, 1, 1
5.634570000000000, 1, 0, 1, 1, 1, 1, 1, 1
5.635730000000001, 1, 0, 0, 1, 1, 1, 1, 1
5.635780000000000, 1, 0, 1, 1, 1, 1, 1, 1
5.635830000000000, 1, 0, 0, 1, 1, 1, 1, 1
5.636200000000001, 1, 0, 1, 1, 1, 1, 1, 1
5.636270000000001, 1, 0, 0, 1, 1, 1, 1, 1
5.636370000000000, 1, 0, 1, 1, 1, 1, 1, 1
5.636430000000001, 1, 0, 0, 1, 1, 1, 1, 1
5.636740000000001, 1, 0, 1, 1, 1, 1, 1, 1
5.637720000000001, 1, 0, 0, 1, 1, 1, 1, 1
5.637980000000001, 1, 0, 1, 1, 1, 1, 1, 1
5.638030000000001, 1, 0, 0, 1, 1, 1, 1, 1
5.638080000000000, 1, 0, 1, 1, 1, 1, 1, 1
5.655860000000001, 1, 0, 0, 1, 1, 1, 1, 1
5.656790000000001, 1, 0, 1, 1, 1, 1, 1, 1
5.657850000000001, 1, 0, 0, 1, 1, 1, 1, 1
5.657960000000000, 1, 0, 1, 1, 1, 1, 1, 1
5.658010000000001, 1, 0, 0, 1, 1, 1, 1, 1
5.658060000000001, 1, 0, 1, 1, 1, 1, 1, 1
5.658110000000001, 1, 0, 0, 1, 1, 1, 1, 1
5.658270000000001, 1, 0, 1, 1, 1, 1, 1, 1
5.658380000000000, 1, 0, 0, 1, 1, 1, 1, 1
5.658490000000000, 1, 0, 1, 1, 1, 1, 1, 1
5.658540000000000, 1, 0, 0, 1, 1, 1, 1, 1
5.658700000000001, 1, 0, 1, 1, 1, 1, 1, 1
5.658800000000000, 1, 0, 0, 1, 1, 1, 1, 1
5.658850000000000, 1, 0, 1, 1, 1, 1, 1, 1
5.659870000000001, 1, 0, 0, 1, 1, 1, 1, 1
5.659920000000001, 1, 0, 1, 1, 1, 1, 1, 1
5.659970000000000, 1, 0, 0, 1, 1, 1, 1, 1
5.660340000000001, 1, 0, 1, 1, 1, 1, 1, 1
5.660400000000000, 1, 0, 0, 1, 1, 1, 1, 1
5.660810000000001, 1, 0, 1, 1, 1, 1, 1, 1
5.661840000000001, 1, 0, 0, 1, 1, 1, 1, 1
5.661890000000001, 1, 0, 1, 1, 1, 1, 1, 1
5.662000000000001, 1, 0, 0, 1, 1, 1, 1, 1
5.662050000000001, 1, 0, 1, 1, 1, 1, 1, 1
5.662150000000000, 1, 0, 0, 1, 1, 1, 1, 1
5.662310000000001, 1, 0, 1, 1, 1, 1, 1, 1
5.702510000000000, 1, 0, 0, 1, 1, 1, 1, 1
5.703440000000001, 1, 0, 1, 1, 1, 1, 1, 1
5.704510000000001, 1, 0, 0, 1, 1, 1, 1, 1
5.704980000000001, 1, 0, 1, 1, 1, 1, 1, 1
5.705040000000000, 1, 0, 0, 1, 1, 1, 1, 1
5.705140000000000, 1, 0, 1, 1, 1, 1, 1, 1
5.705200000000000, 1, 0, 0, 1, 1, 1, 1, 1
5.705300000000000, 1, 0, 1, 1, 1, 1, 1, 1
5.705460000000000, 1, 0, 0, 1, 1, 1, 1, 1
5.705510000000000, 1, 0, 1, 1, 1, 1, 1, 1
5.706660000000000, 1, 0, 0, 1, 1, 1, 1, 1
5.706710000000000, 1, 0, 1, 1, 1, 1, 1, 1
5.706760000000000, 1, 0, 0, 1, 1, 1, 1, 1
5.707130000000000, 1, 0, 1, 1, 1, 1, 1, 1
5.707190000000001, 1, 0, 0, 1, 1, 1, 1, 1
5.707290000000000, 1, 0, 1, 1, 1, 1, 1, 1
5.707350000000001, 1, 0, 0, 1, 1, 1, 1, 1
5.707660000000001, 1, 0, 1, 1, 1, 1, 1, 1
5.708620000000001, 1, 0, 0, 1, 1, 1, 1, 1
5.708670000000001, 1, 0, 1, 1, 1, 1, 1, 1
5.708770000000000, 1, 0, 0, 1, 1, 1, 1, 1
5.708880000000001, 1, 0, 1, 1, 1, 1, 1, 1
5.708930000000001, 1, 0, 0, 1, 1, 1, 1, 1
5.709030000000000, 1, 0, 1, 1, 1, 1, 1, 1
5.726390000000000, 1, 0, 0, 1, 1, 1, 1, 1
5.727320000000001, 1, 0, 1, 1, 1, 1, 1, 1
5.728790000000000, 1, 0, 0, 1, 1, 1, 1, 1
5.728840000000001, 1, 0, 1, 1, 1, 1, 1, 1
5.728890000000001, 1, 0, 0, 1, 1, 1, 1, 1
5.729000000000000, 1, 0, 1, 1, 1, 1, 1, 1
5.729050000000001, 1, 0, 0, 1, 1, 1, 1, 1
5.729210000000000, 1, 0, 1, 1, 1, 1, 1, 1
5.729320000000000, 1, 0, 0, 1, 1, 1, 1, 1
5.729420000000000, 1, 0, 1, 1, 1, 1, 1, 1
5.729470000000000, 1, 0, 0, 1, 1, 1, 1, 1
5.729730000000001, 1, 0, 1, 1, 1, 1, 1, 1
5.730790000000001, 1, 0, 0, 1, 1, 1, 1, 1
5.730840000000001, 1, 0, 1, 1, 1, 1, 1, 1
5.730890000000000, 1, 0, 0, 1, 1, 1, 1, 1
5.731260000000001, 1, 0, 1, 1, 1, 1, 1, 1
5.731320000000000, 1, 0, 0, 1, 1, 1, 1, 1
5.731740000000000, 1, 0, 1, 1, 1, 1, 1, 1
5.732740000000001, 1, 0, 0, 1, 1, 1, 1, 1
5.732790000000000, 1, 0, 1, 1, 1, 1, 1, 1
5.733000000000001, 1, 0, 0, 1, 1, 1, 1, 1
5.733050000000000, 1, 0, 1, 1, 1, 1, 1, 1
5.770400000000000, 1, 0, 0, 1, 1, 1, 1, 1
5.771330000000001, 1, 0, 1, 1, 1, 1, 1, 1
5.772570000000001, 1, 0, 0, 1, 1, 1, 1, 1
5.773040000000001, 1, 0, 1, 1, 1, 1, 1, 1
5.773100000000000, 1, 0, 0, 1, 1, 1, 1, 1
5.773210000000001, 1, 0, 1, 1, 1, 1, 1, 1
5.773260000000001, 1, 0, 0, 1, 1, 1, 1, 1
5.773360000000000, 1, 0, 1, 1, 1, 1, 1, 1
5.773410000000000, 1, 0, 0, 1, 1, 1, 1, 1
5.773520000000000, 1, 0, 1, 1, 1, 1, 1, 1
5.774580000000000, 1, 0, 0, 1, 1, 1, 1, 1
5.774630000000000, 1, 0, 1, 1, 1, 1, 1, 1
5.774680000000000, 1, 0, 0, 1, 1, 1, 1, 1
5.775050000000000, 1, 0, 1, 1, 1, 1, 1, 1
5.775110000000001, 1, 0, 0, 1, 1, 1, 1, 1
5.775210000000000, 1, 0, 1, 1, 1, 1, 1, 1
5.775260000000000, 1, 0, 0, 1, 1, 1, 1, 1
5.775580000000001, 1, 0, 1, 1, 1, 1, 1, 1
5.776550000000000, 1, 0, 0, 1, 1, 1, 1, 1
5.776610000000001, 1, 0, 1, 1, 1, 1, 1, 1
5.776660000000001, 1, 0, 0, 1, 1, 1, 1, 1
5.776710000000000, 1, 0, 1, 1, 1, 1, 1, 1
5.776870000000001, 1, 0, 0, 1, 1, 1, 1, 1
5.776920000000000, 1, 0, 1, 1, 1, 1, 1, 1
5.776970000000000, 1, 0, 0, 1, 1, 1, 1, 1
5.777020000000000, 1, 0, 1, 1, 1, 1, 1, 1
5.794510000000001, 1, 0, 0, 1, 1, 1, 1, 1
5.795440000000000, 1, 0, 1, 1, 1, 1, 1, 1
5.796680000000000, 1, 0, 0, 1, 1, 1, 1, 1
5.796890000000000, 1, 0, 1, 1, 1, 1, 1, 1
5.796940000000000, 1, 0, 0, 1, 1, 1, 1, 1
5.797100000000000, 1, 0, 1, 1, 1, 1, 1, 1
5.797210000000001, 1, 0, 0, 1, 1, 1, 1, 1
5.797310000000000, 1, 0, 1, 1, 1, 1, 1, 1
5.797370000000001, 1, 0, 0, 1, 1, 1, 1, 1
5.797520000000000, 1, 0, 1, 1, 1, 1, 1, 1
5.797570000000000, 1, 0, 0, 1, 1, 1, 1, 1
5.797630000000001, 1, 0, 1, 1, 1, 1, 1, 1
5.798640000000001, 1, 0, 0, 1, 1, 1, 1, 1
5.798690000000001, 1, 0, 1, 1, 1, 1, 1, 1
5.798740000000000, 1, 0, 0, 1, 1, 1, 1, 1
5.799100000000000, 1, 0, 1, 1, 1, 1, 1, 1
5.799180000000001, 1, 0, 0, 1, 1, 1, 1, 1
5.799600000000001, 1, 0, 1, 1, 1, 1, 1, 1
5.800630000000001, 1, 0, 0, 1, 1, 1, 1, 1
5.800730000000001, 1, 0, 1, 1, 1, 1, 1, 1
5.800790000000000, 1, 0, 0, 1, 1, 1, 1, 1
5.800840000000001, 1, 0, 1, 1, 1, 1, 1, 1
5.800990000000001, 1, 0, 0, 1, 1, 1, 1, 1
5.801050000000000, 1, 0, 1, 1, 1, 1, 1, 1
5.842430000000000, 1, 0, 0, 1, 1, 1, 1, 1
5.843360000000001, 1, 0, 1, 1, 1, 1, 1, 1
5.844440000000001, 1, 0, 0, 1, 1, 1, 1, 1
5.844910000000000, 1, 0, 1, 1, 1, 1, 1, 1
5.844980000000001, 1, 0, 0, 1, 1, 1, 1, 1
5.845080000000000, 1, 0, 1, 1, 1, 1, 1, 1
5.845130000000000, 1, 0, 0, 1, 1, 1, 1, 1
5.845240000000000, 1, 0, 1, 1, 1, 1, 1, 1
5.845340000000000, 1, 0, 0, 1, 1, 1, 1, 1
5.845390000000000, 1, 0, 1, 1, 1, 1, 1, 1
5.846440000000000, 1, 0, 0, 1, 1, 1, 1, 1
5.846500000000001, 1, 0, 1, 1, 1, 1, 1, 1
5.846550000000001, 1, 0, 0, 1, 1, 1, 1, 1
5.846910000000000, 1, 0, 1, 1, 1, 1, 1, 1
5.846970000000001, 1, 0, 0, 1, 1, 1, 1, 1
5.847080000000000, 1, 0, 1, 1, 1, 1, 1, 1
5.847130000000001, 1, 0, 0, 1, 1, 1, 1, 1
5.847440000000001, 1, 0, 1, 1, 1, 1, 1, 1
5.848410000000000, 1, 0, 0, 1, 1, 1, 1, 1
5.848510000000000, 1, 0, 1, 1, 1, 1, 1, 1
5.848720000000000, 1, 0, 0, 1, 1, 1, 1, 1
5.848880000000000, 1, 0, 1, 1, 1, 1, 1, 1
5.866550000000000, 1, 0, 0, 1, 1, 1, 1, 1
5.867480000000000, 1, 0, 1, 1, 1, 1, 1, 1
5.868540000000000, 1, 0, 0, 1, 1, 1, 1, 1
5.868590000000000, 1, 0, 1, 1, 1, 1, 1, 1
5.868750000000000, 1, 0, 0, 1, 1, 1, 1, 1
5.868960000000000, 1, 0, 1, 1, 1, 1, 1, 1
5.869070000000001, 1, 0, 0, 1, 1, 1, 1, 1
5.869180000000000, 1, 0, 1, 1, 1, 1, 1, 1
5.869230000000001, 1, 0, 0, 1, 1, 1, 1, 1
5.869440000000001, 1, 0, 1, 1, 1, 1, 1, 1
5.870710000000001, 1, 0, 0, 1, 1, 1, 1, 1
5.870760000000001, 1, 0, 1, 1, 1, 1, 1, 1
5.870810000000001, 1, 0, 0, 1, 1, 1, 1, 1
5.871180000000001, 1, 0, 1, 1, 1, 1, 1, 1
5.871240000000000, 1, 0, 0, 1, 1, 1, 1, 1
5.871660000000000, 1, 0, 1, 1, 1, 1, 1, 1
5.872660000000001, 1, 0, 0, 1, 1, 1, 1, 1
5.872710000000001, 1, 0, 1, 1, 1, 1, 1, 1
5.872760000000000, 1, 0, 0, 1, 1, 1, 1, 1
5.872820000000001, 1, 0, 1, 1, 1, 1, 1, 1
5.872920000000001, 1, 0, 0, 1, 1, 1, 1, 1
5.872970000000000, 1, 0, 1, 1, 1, 1, 1, 1
5.873020000000000, 1, 0, 0, 1, 1, 1, 1, 1
5.873080000000001, 1, 0, 1, 1, 1, 1, 1, 1
5.912570000000001, 1, 0, 0, 1, 1, 1, 1, 1
5.913500000000001, 1, 0, 1, 1, 1, 1, 1, 1
5.914610000000001, 1, 0, 0, 1, 1, 1, 1, 1
5.915080000000001, 1, 0, 1, 1, 1, 1, 1, 1
5.915170000000001, 1, 0, 0, 1, 1, 1, 1, 1
5.915270000000000, 1, 0, 1, 1, 1, 1, 1, 1
5.915330000000001, 1, 0, 0, 1, 1, 1, 1, 1
5.915430000000001, 1, 0, 1, 1, 1, 1, 1, 1
5.915480000000001, 1, 0, 0, 1, 1, 1, 1, 1
5.915530000000000, 1, 0, 1, 1, 1, 1, 1, 1
5.916570000000000, 1, 0, 0, 1, 1, 1, 1, 1
5.916630000000000, 1, 0, 1, 1, 1, 1, 1, 1
5.916680000000000, 1, 0, 0, 1, 1, 1, 1, 1
5.917040000000000, 1, 0, 1, 1, 1, 1, 1, 1
5.917110000000000, 1, 0, 0, 1, 1, 1, 1, 1
5.917220000000000, 1, 0, 1, 1, 1, 1, 1, 1
5.917270000000000, 1, 0, 0, 1, 1, 1, 1, 1
5.917580000000000, 1, 0, 1, 1, 1, 1, 1, 1
5.918540000000000, 1, 0, 0, 1, 1, 1, 1, 1
5.918590000000001, 1, 0, 1, 1, 1, 1, 1, 1
5.918690000000001, 1, 0, 0, 1, 1, 1, 1, 1
5.918750000000000, 1, 0, 1, 1, 1, 1, 1, 1
5.918850000000001, 1, 0, 0, 1, 1, 1, 1, 1
5.918900000000001, 1, 0, 1, 1, 1, 1, 1, 1
5.936680000000001, 1, 0, 0, 1, 1, 1, 1, 1
5.937610000000000, 1, 0, 1, 1, 1, 1, 1, 1
5.938680000000001, 1, 0, 0, 1, 1, 1, 1, 1
5.938780000000000, 1, 0, 1, 1, 1, 1, 1, 1
5.938890000000001, 1, 0, 0, 1, 1, 1, 1, 1
5.939090000000000, 1, 0, 1, 1, 1, 1, 1, 1
5.939240000000001, 1, 0, 0, 1, 1, 1, 1, 1
5.939350000000000, 1, 0, 1, 1, 1, 1, 1, 1
5.939400000000001, 1, 0, 0, 1, 1, 1, 1, 1
5.939560000000000, 1, 0, 1, 1, 1, 1, 1, 1
5.940850000000000, 1, 0, 0, 1, 1, 1, 1, 1
5.940900000000000, 1, 0, 1, 1, 1, 1, 1, 1
5.940950000000001, 1, 0, 0, 1, 1, 1, 1, 1
5.941320000000000, 1, 0, 1, 1, 1, 1, 1, 1
5.941380000000001, 1, 0, 0, 1, 1, 1, 1, 1
5.941800000000001, 1, 0, 1, 1, 1, 1, 1, 1
5.942800000000000, 1, 0, 0, 1, 1, 1, 1, 1
5.943010000000000, 1, 0, 1, 1, 1, 1, 1, 1
5.982570000000001, 1, 0, 0, 1, 1, 1, 1, 1
5.983500000000000, 1, 0, 1, 1, 1, 1, 1, 1
5.984620000000000, 1, 0, 0, 1, 1, 1, 1, 1
5.985090000000000, 1, 0, 1, 1, 1, 1, 1, 1
5.985150000000001, 1, 0, 0, 1, 1, 1, 1, 1
5.985260000000000, 1, 0, 1, 1, 1, 1, 1, 1
5.985310000000000, 1, 0, 0, 1, 1, 1, 1, 1
5.985410000000001, 1, 0, 1, 1, 1, 1, 1, 1
5.986590000000001, 1, 0, 0, 1, 1, 1, 1, 1
5.986640000000000, 1, 0, 1, 1, 1, 1, 1, 1
5.986690000000000, 1, 0, 0, 1, 1, 1, 1, 1
5.987060000000000, 1, 0, 1, 1, 1, 1, 1, 1
5.987120000000001, 1, 0, 0, 1, 1, 1, 1, 1
5.987220000000001, 1, 0, 1, 1, 1, 1, 1, 1
5.987280000000000, 1, 0, 0, 1, 1, 1, 1, 1
5.987590000000001, 1, 0, 1, 1, 1, 1, 1, 1
5.988660000000000, 1, 0, 0, 1, 1, 1, 1, 1
5.988870000000000, 1, 0, 1, 1, 1, 1, 1, 1
5.988970000000000, 1, 0, 0, 1, 1, 1, 1, 1
5.989080000000000, 1, 0, 1, 1, 1, 1, 1, 1
6.006690000000001, 1, 0, 0, 1, 1, 1, 1, 1
6.007620000000000, 1, 0, 1, 1, 1, 1, 1, 1
6.008680000000001, 1, 0, 0, 1, 1, 1, 1, 1
6.008730000000001, 1, 0, 1, 1, 1, 1, 1, 1
6.008780000000001, 1, 0, 0, 1, 1, 1, 1, 1
6.008830000000001, 1, 0, 1, 1, 1, 1, 1, 1
6.008880000000000, 1, 0, 0, 1, 1, 1, 1, 1
6.009090000000000, 1, 0, 1, 1, 1, 1, 1, 1
6.009210000000000, 1, 0, 0, 1, 1, 1, 1, 1
6.009310000000000, 1, 0, 1, 1, 1, 1, 1, 1
6.009360000000001, 1, 0, 0, 1, 1, 1, 1, 1
6.009680000000000, 1, 0, 1, 1, 1, 1, 1, 1
6.010840000000001, 1, 0, 0, 1, 1, 1, 1, 1
6.010890000000001, 1, 0, 1, 1, 1, 1, 1, 1
6.010940000000001, 1, 0, 0, 1, 1, 1, 1, 1
6.011310000000001, 1, 0, 1, 1, 1, 1, 1, 1
6.011370000000000, 1, 0, 0, 1, 1, 1, 1, 1
6.011790000000000, 1, 0, 1, 1, 1, 1, 1, 1
6.012800000000000, 1, 0, 0, 1, 1, 1, 1, 1
6.012960000000001, 1, 0, 1, 1, 1, 1, 1, 1
6.013060000000000, 1, 0, 0, 1, 1, 1, 1, 1
6.013270000000000, 1, 0, 1, 1, 1, 1, 1, 1
6.052810000000001, 1, 0, 0, 1, 1, 1, 1, 1
6.053740000000000, 1, 0, 1, 1, 1, 1, 1, 1
6.054820000000000, 1, 0, 0, 1, 1, 1, 1, 1
6.055290000000000, 1, 0, 1, 1, 1, 1, 1, 1
6.055350000000001, 1, 0, 0, 1, 1, 1, 1, 1
6.055460000000000, 1, 0, 1, 1, 1, 1, 1, 1
6.055510000000001, 1, 0, 0, 1, 1, 1, 1, 1
6.055610000000001, 1, 0, 1, 1, 1, 1, 1, 1
6.055670000000000, 1, 0, 0, 1, 1, 1, 1, 1
6.055820000000001, 1, 0, 1, 1, 1, 1, 1, 1
6.056820000000000, 1, 0, 0, 1, 1, 1, 1, 1
6.056870000000001, 1, 0, 1, 1, 1, 1, 1, 1
6.056920000000001, 1, 0, 0, 1, 1, 1, 1, 1
6.057280000000000, 1, 0, 1, 1, 1, 1, 1, 1
6.057350000000000, 1, 0, 0, 1, 1, 1, 1, 1
6.057450000000000, 1, 0, 1, 1, 1, 1, 1, 1
6.057500000000000, 1, 0, 0, 1, 1, 1, 1, 1
6.057810000000001, 1, 0, 1, 1, 1, 1, 1, 1
6.058790000000000, 1, 0, 0, 1, 1, 1, 1, 1
6.058890000000001, 1, 0, 1, 1, 1, 1, 1, 1
6.059000000000000, 1, 0, 0, 1, 1, 1, 1, 1
6.059050000000001, 1, 0, 1, 1, 1, 1, 1, 1
6.059100000000001, 1, 0, 0, 1, 1, 1, 1, 1
6.059150000000001, 1, 0, 1, 1, 1, 1, 1, 1
6.059210000000000, 1, 0, 0, 1, 1, 1, 1, 1
6.059260000000000, 1, 0, 1, 1, 1, 1, 1, 1
6.076920000000000, 1, 0, 0, 1, 1, 1, 1, 1
6.077850000000001, 1, 0, 1, 1, 1, 1, 1, 1
6.078920000000000, 1, 0, 0, 1, 1, 1, 1, 1
6.079080000000000, 1, 0, 1, 1, 1, 1, 1, 1
6.079130000000000, 1, 0, 0, 1, 1, 1, 1, 1
6.079340000000000, 1, 0, 1, 1, 1, 1, 1, 1
6.079450000000000, 1, 0, 0, 1, 1, 1, 1, 1
6.079560000000001, 1, 0, 1, 1, 1, 1, 1, 1
6.079610000000001, 1, 0, 0, 1, 1, 1, 1, 1
6.079770000000001, 1, 0, 1, 1, 1, 1, 1, 1
6.079820000000001, 1, 0, 0, 1, 1, 1, 1, 1
6.079920000000000, 1, 0, 1, 1, 1, 1, 1, 1
6.081070000000000, 1, 0, 0, 1, 1, 1, 1, 1
6.081120000000000, 1, 0, 1, 1, 1, 1, 1, 1
6.081170000000000, 1, 0, 0, 1, 1, 1, 1, 1
6.081540000000000, 1, 0, 1, 1, 1, 1, 1, 1
6.081600000000001, 1, 0, 0, 1, 1, 1, 1, 1
6.082020000000001, 1, 0, 1, 1, 1, 1, 1, 1
6.083040000000000, 1, 0, 0, 1, 1, 1, 1, 1
6.083090000000000, 1, 0, 1, 1, 1, 1, 1, 1
6.083140000000000, 1, 0, 0, 1, 1, 1, 1, 1
6.083250000000000, 1, 0, 1, 1, 1, 1, 1, 1
6.083350000000000, 1, 0, 0, 1, 1, 1, 1, 1
6.083400000000000, 1, 0, 1, 1, 1, 1, 1, 1
6.083460000000001, 1, 0, 0, 1, 1, 1, 1, 1
6.083510000000000, 1, 0, 1, 1, 1, 1, 1, 1
6.122940000000001, 1, 0, 0, 1, 1, 1, 1, 1
6.123870000000000, 1, 0, 1, 1, 1, 1, 1, 1
6.124980000000001, 1, 0, 0, 1, 1, 1, 1, 1
6.125450000000001, 1, 0, 1, 1, 1, 1, 1, 1
6.125510000000000, 1, 0, 0, 1, 1, 1, 1, 1
6.125610000000001, 1, 0, 1, 1, 1, 1, 1, 1
6.125660000000001, 1, 0, 0, 1, 1, 1, 1, 1
6.125770000000000, 1, 0, 1, 1, 1, 1, 1, 1
6.125870000000001, 1, 0, 0, 1, 1, 1, 1, 1
6.125970000000001, 1, 0, 1, 1, 1, 1, 1, 1
6.126950000000001, 1, 0, 0, 1, 1, 1, 1, 1
6.127000000000001, 1, 0, 1, 1, 1, 1, 1, 1
6.127050000000001, 1, 0, 0, 1, 1, 1, 1, 1
6.127420000000001, 1, 0, 1, 1, 1, 1, 1, 1
6.127480000000000, 1, 0, 0, 1, 1, 1, 1, 1
6.127580000000001, 1, 0, 1, 1, 1, 1, 1, 1
6.127630000000001, 1, 0, 0, 1, 1, 1, 1, 1
6.127950000000000, 1, 0, 1, 1, 1, 1, 1, 1
6.128910000000000, 1, 0, 0, 1, 1, 1, 1, 1
6.128960000000000, 1, 0, 1, 1, 1, 1, 1, 1
6.129010000000000, 1, 0, 0, 1, 1, 1, 1, 1
6.129060000000001, 1, 0, 1, 1, 1, 1, 1, 1
6.129110000000001, 1, 0, 0, 1, 1, 1, 1, 1
6.129170000000000, 1, 0, 1, 1, 1, 1, 1, 1
6.129220000000000, 1, 0, 0, 1, 1, 1, 1, 1
6.129380000000000, 1, 0, 1, 1, 1, 1, 1, 1
6.147050000000000, 1, 0, 0, 1, 1, 1, 1, 1
6.147980000000000, 1, 0, 1, 1, 1, 1, 1, 1
6.149050000000001, 1, 0, 0, 1, 1, 1, 1, 1
6.149100000000001, 1, 0, 1, 1, 1, 1, 1, 1
6.149200000000000, 1, 0, 0, 1, 1, 1, 1, 1
6.149470000000001, 1, 0, 1, 1, 1, 1, 1, 1
6.149580000000000, 1, 0, 0, 1, 1, 1, 1, 1
6.149680000000001, 1, 0, 1, 1, 1, 1, 1, 1
6.149730000000001, 1, 0, 0, 1, 1, 1, 1, 1
6.149940000000001, 1, 0, 1, 1, 1, 1, 1, 1
6.149990000000001, 1, 0, 0, 1, 1, 1, 1, 1
6.150050000000000, 1, 0, 1, 1, 1, 1, 1, 1
6.151230000000001, 1, 0, 0, 1, 1, 1, 1, 1
6.151280000000001, 1, 0, 1, 1, 1, 1, 1, 1
6.151330000000001, 1, 0, 0, 1, 1, 1, 1, 1
6.151700000000001, 1, 0, 1, 1, 1, 1, 1, 1
6.151760000000000, 1, 0, 0, 1, 1, 1, 1, 1
6.152180000000000, 1, 0, 1, 1, 1, 1, 1, 1
6.153170000000000, 1, 0, 0, 1, 1, 1, 1, 1
6.153280000000001, 1, 0, 1, 1, 1, 1, 1, 1
6.193400000000000, 1, 0, 0, 1, 1, 1, 1, 1
6.194330000000001, 1, 0, 1, 1, 1, 1, 1, 1
6.195830000000001, 1, 0, 0, 1, 1, 1, 1, 1
6.196300000000001, 1, 0, 1, 1, 1, 1, 1, 1
6.196370000000001, 1, 0, 0, 1, 1, 1, 1, 1
6.196480000000000, 1, 0, 1, 1, 1, 1, 1, 1
6.196530000000000, 1, 0, 0, 1, 1, 1, 1, 1
6.196630000000001, 1, 0, 1, 1, 1, 1, 1, 1
6.196690000000000, 1, 0, 0, 1, 1, 1, 1, 1
6.196740000000000, 1, 0, 1, 1, 1, 1, 1, 1
6.196790000000001, 1, 0, 0, 1, 1, 1, 1, 1
6.196840000000001, 1, 0, 1, 1, 1, 1, 1, 1
6.197790000000000, 1, 0, 0, 1, 1, 1, 1, 1
6.197840000000000, 1, 0, 1, 1, 1, 1, 1, 1
6.197890000000000, 1, 0, 0, 1, 1, 1, 1, 1
6.198250000000001, 1, 0, 1, 1, 1, 1, 1, 1
6.198320000000001, 1, 0, 0, 1, 1, 1, 1, 1
6.198420000000000, 1, 0, 1, 1, 1, 1, 1, 1
6.198470000000000, 1, 0, 0, 1, 1, 1, 1, 1
6.198790000000001, 1, 0, 1, 1, 1, 1, 1, 1
6.199750000000001, 1, 0, 0, 1, 1, 1, 1, 1
6.200010000000001, 1, 0, 1, 1, 1, 1, 1, 1
6.200070000000000, 1, 0, 0, 1, 1, 1, 1, 1
6.200120000000000, 1, 0, 1, 1, 1, 1, 1, 1
6.217770000000001, 1, 0, 0, 1, 1, 1, 1, 1
6.218700000000000, 1, 0, 1, 1, 1, 1, 1, 1
6.219770000000000, 1, 0, 0, 1, 1, 1, 1, 1
6.219870000000000, 1, 0, 1, 1, 1, 1, 1, 1
6.219930000000001, 1, 0, 0, 1, 1, 1, 1, 1
6.220190000000001, 1, 0, 1, 1, 1, 1, 1, 1
6.220300000000001, 1, 0, 0, 1, 1, 1, 1, 1
6.220400000000001, 1, 0, 1, 1, 1, 1, 1, 1
6.220450000000000, 1, 0, 0, 1, 1, 1, 1, 1
6.220610000000001, 1, 0, 1, 1, 1, 1, 1, 1
6.220720000000001, 1, 0, 0, 1, 1, 1, 1, 1
6.220770000000001, 1, 0, 1, 1, 1, 1, 1, 1
6.221870000000001, 1, 0, 0, 1, 1, 1, 1, 1
6.221930000000000, 1, 0, 1, 1, 1, 1, 1, 1
6.221980000000000, 1, 0, 0, 1, 1, 1, 1, 1
6.222340000000001, 1, 0, 1, 1, 1, 1, 1, 1
6.222400000000000, 1, 0, 0, 1, 1, 1, 1, 1
6.222820000000000, 1, 0, 1, 1, 1, 1, 1, 1
6.223820000000001, 1, 0, 0, 1, 1, 1, 1, 1
6.223880000000000, 1, 0, 1, 1, 1, 1, 1, 1
6.223980000000000, 1, 0, 0, 1, 1, 1, 1, 1
6.224030000000001, 1, 0, 1, 1, 1, 1, 1, 1
6.224080000000001, 1, 0, 0, 1, 1, 1, 1, 1
6.224140000000000, 1, 0, 1, 1, 1, 1, 1, 1
6.224190000000000, 1, 0, 0, 1, 1, 1, 1, 1
6.224240000000001, 1, 0, 1, 1, 1, 1, 1, 1
6.263610000000001, 1, 0, 0, 1, 1, 1, 1, 1
6.264540000000000, 1, 0, 1, 1, 1, 1, 1, 1
6.265750000000001, 1, 0, 0, 1, 1, 1, 1, 1
6.266220000000001, 1, 0, 1, 1, 1, 1, 1, 1
6.266310000000001, 1, 0, 0, 1, 1, 1, 1, 1
6.266410000000000, 1, 0, 1, 1, 1, 1, 1, 1
6.266460000000000, 1, 0, 0, 1, 1, 1, 1, 1
6.266570000000001, 1, 0, 1, 1, 1, 1, 1, 1
6.266720000000000, 1, 0, 0, 1, 1, 1, 1, 1
6.266780000000001, 1, 0, 1, 1, 1, 1, 1, 1
6.267750000000000, 1, 0, 0, 1, 1, 1, 1, 1
6.267810000000001, 1, 0, 1, 1, 1, 1, 1, 1
6.267860000000001, 1, 0, 0, 1, 1, 1, 1, 1
6.268220000000000, 1, 0, 1, 1, 1, 1, 1, 1
6.268310000000000, 1, 0, 0, 1, 1, 1, 1, 1
6.268410000000000, 1, 0, 1, 1, 1, 1, 1, 1
6.268460000000000, 1, 0, 0, 1, 1, 1, 1, 1
6.268770000000001, 1, 0, 1, 1, 1, 1, 1, 1
6.269870000000001, 1, 0, 0, 1, 1, 1, 1, 1
6.269920000000001, 1, 0, 1, 1, 1, 1, 1, 1
6.270030000000000, 1, 0, 0, 1, 1, 1, 1, 1
6.270130000000001, 1, 0, 1, 1, 1, 1, 1, 1
6.270180000000001, 1, 0, 0, 1, 1, 1, 1, 1
6.270290000000000, 1, 0, 1, 1, 1, 1, 1, 1
6.287980000000000, 1, 0, 0, 1, 1, 1, 1, 1
6.288910000000000, 1, 0, 1, 1, 1, 1, 1, 1
6.290000000000001, 1, 0, 0, 1, 1, 1, 1, 1
6.290050000000001, 1, 0, 1, 1, 1, 1, 1, 1
6.290110000000000, 1, 0, 0, 1, 1, 1, 1, 1
6.290420000000000, 1, 0, 1, 1, 1, 1, 1, 1
6.290530000000000, 1, 0, 0, 1, 1, 1, 1, 1
6.290640000000001, 1, 0, 1, 1, 1, 1, 1, 1
6.290690000000001, 1, 0, 0, 1, 1, 1, 1, 1
6.290950000000000, 1, 0, 1, 1, 1, 1, 1, 1
6.291990000000000, 1, 0, 0, 1, 1, 1, 1, 1
6.292040000000000, 1, 0, 1, 1, 1, 1, 1, 1
6.292100000000000, 1, 0, 0, 1, 1, 1, 1, 1
6.292460000000000, 1, 0, 1, 1, 1, 1, 1, 1
6.292520000000001, 1, 0, 0, 1, 1, 1, 1, 1
6.292940000000001, 1, 0, 1, 1, 1, 1, 1, 1
6.293940000000000, 1, 0, 0, 1, 1, 1, 1, 1
6.293990000000001, 1, 0, 1, 1, 1, 1, 1, 1
6.294250000000001, 1, 0, 0, 1, 1, 1, 1, 1
6.294310000000000, 1, 0, 1, 1, 1, 1, 1, 1
6.294360000000000, 1, 0, 0, 1, 1, 1, 1, 1
6.294410000000001, 1, 0, 1, 1, 1, 1, 1, 1
6.333840000000000, 1, 0, 0, 1, 1, 1, 1, 1
6.334770000000001, 1, 0, 1, 1, 1, 1, 1, 1
6.336030000000001, 1, 0, 0, 1, 1, 1, 1, 1
6.336500000000001, 1, 0, 1, 1, 1, 1, 1, 1
6.336560000000000, 1, 0, 0, 1, 1, 1, 1, 1
6.336660000000000, 1, 0, 1, 1, 1, 1, 1, 1
6.336710000000001, 1, 0, 0, 1, 1, 1, 1, 1
6.336820000000000, 1, 0, 1, 1, 1, 1, 1, 1
6.336870000000000, 1, 0, 0, 1, 1, 1, 1, 1
6.336980000000001, 1, 0, 1, 1, 1, 1, 1, 1
6.337980000000001, 1, 0, 0, 1, 1, 1, 1, 1
6.338030000000001, 1, 0, 1, 1, 1, 1, 1, 1
6.338080000000001, 1, 0, 0, 1, 1, 1, 1, 1
6.338450000000001, 1, 0, 1, 1, 1, 1, 1, 1
6.338510000000000, 1, 0, 0, 1, 1, 1, 1, 1
6.338620000000001, 1, 0, 1, 1, 1, 1, 1, 1
6.338670000000000, 1, 0, 0, 1, 1, 1, 1, 1
6.338980000000000, 1, 0, 1, 1, 1, 1, 1, 1
6.339990000000000, 1, 0, 0, 1, 1, 1, 1, 1
6.340040000000000, 1, 0, 1, 1, 1, 1, 1, 1
6.340100000000001, 1, 0, 0, 1, 1, 1, 1, 1
6.340150000000000, 1, 0, 1, 1, 1, 1, 1, 1
6.340310000000001, 1, 0, 0, 1, 1, 1, 1, 1
6.340360000000000, 1, 0, 1, 1, 1, 1, 1, 1
6.340410000000000, 1, 0, 0, 1, 1, 1, 1, 1
6.340460000000000, 1, 0, 1, 1, 1, 1, 1, 1
6.358100000000000, 1, 0, 0, 1, 1, 1, 1, 1
6.359030000000001, 1, 0, 1, 1, 1, 1, 1, 1
6.360140000000000, 1, 0, 0, 1, 1, 1, 1, 1
6.360560000000000, 1, 0, 1, 1, 1, 1, 1, 1
6.360670000000001, 1, 0, 0, 1, 1, 1, 1, 1
6.360770000000000, 1, 0, 1, 1, 1, 1, 1, 1
6.360830000000001, 1, 0, 0, 1, 1, 1, 1, 1
6.360980000000001, 1, 0, 1, 1, 1, 1, 1, 1
6.361030000000000, 1, 0, 0, 1, 1, 1, 1, 1
6.361090000000001, 1, 0, 1, 1, 1, 1, 1, 1
6.362140000000000, 1, 0, 0, 1, 1, 1, 1, 1
6.362190000000001, 1, 0, 1, 1, 1, 1, 1, 1
6.362240000000001, 1, 0, 0, 1, 1, 1, 1, 1
6.362600000000000, 1, 0, 1, 1, 1, 1, 1, 1
6.362660000000001, 1, 0, 0, 1, 1, 1, 1, 1
6.363080000000001, 1, 0, 1, 1, 1, 1, 1, 1
6.364090000000001, 1, 0, 0, 1, 1, 1, 1, 1
6.364190000000001, 1, 0, 1, 1, 1, 1, 1, 1
6.364240000000001, 1, 0, 0, 1, 1, 1, 1, 1
6.364300000000001, 1, 0, 1, 1, 1, 1, 1, 1
6.364350000000001, 1, 0, 0, 1, 1, 1, 1, 1
6.364560000000001, 1, 0, 1, 1, 1, 1, 1, 1
6.403990000000000, 1, 0, 0, 1, 1, 1, 1, 1
6.404920000000001, 1, 0, 1, 1, 1, 1, 1, 1
6.406180000000001, 1, 0, 0, 1, 1, 1, 1, 1
6.406650000000001, 1, 0, 1, 1, 1, 1, 1, 1
6.406720000000001, 1, 0, 0, 1, 1, 1, 1, 1
6.406820000000001, 1, 0, 1, 1, 1, 1, 1, 1
6.406870000000001, 1, 0, 0, 1, 1, 1, 1, 1
6.406980000000001, 1, 0, 1, 1, 1, 1, 1, 1
6.407080000000001, 1, 0, 0, 1, 1, 1, 1, 1
6.407130000000000, 1, 0, 1, 1, 1, 1, 1, 1
6.408130000000001, 1, 0, 0, 1, 1, 1, 1, 1
6.408180000000001, 1, 0, 1, 1, 1, 1, 1, 1
6.408240000000000, 1, 0, 0, 1, 1, 1, 1, 1
6.408600000000001, 1, 0, 1, 1, 1, 1, 1, 1
6.408670000000001, 1, 0, 0, 1, 1, 1, 1, 1
6.408780000000000, 1, 0, 1, 1, 1, 1, 1, 1
6.408830000000001, 1, 0, 0, 1, 1, 1, 1, 1
6.409140000000001, 1, 0, 1, 1, 1, 1, 1, 1
6.410150000000001, 1, 0, 0, 1, 1, 1, 1, 1
6.410250000000000, 1, 0, 1, 1, 1, 1, 1, 1
6.410460000000000, 1, 0, 0, 1, 1, 1, 1, 1
6.410610000000000, 1, 0, 1, 1, 1, 1, 1, 1
6.428110000000000, 1, 0, 0, 1, 1, 1, 1, 1
6.429040000000001, 1, 0, 1, 1, 1, 1, 1, 1
6.430270000000000, 1, 0, 0, 1, 1, 1, 1, 1
6.430320000000001, 1, 0, 1, 1, 1, 1, 1, 1
6.430690000000000, 1, 0, 0, 1, 1, 1, 1, 1
6.430740000000000, 1, 0, 1, 1, 1, 1, 1, 1
6.430820000000001, 1, 0, 0, 1, 1, 1, 1, 1
6.430920000000000, 1, 0, 1, 1, 1, 1, 1, 1
6.430970000000000, 1, 0, 0, 1, 1, 1, 1, 1
6.431180000000000, 1, 0, 1, 1, 1, 1, 1, 1
6.432270000000001, 1, 0, 0, 1, 1, 1, 1, 1
6.432320000000001, 1, 0, 1, 1, 1, 1, 1, 1
6.432370000000001, 1, 0, 0, 1, 1, 1, 1, 1
6.432740000000001, 1, 0, 1, 1, 1, 1, 1, 1
6.432800000000000, 1, 0, 0, 1, 1, 1, 1, 1
6.433220000000000, 1, 0, 1, 1, 1, 1, 1, 1
6.434210000000000, 1, 0, 0, 1, 1, 1, 1, 1
6.434320000000000, 1, 0, 1, 1, 1, 1, 1, 1
6.434530000000001, 1, 0, 0, 1, 1, 1, 1, 1
6.434680000000000, 1, 0, 1, 1, 1, 1, 1, 1
6.473990000000001, 1, 0, 0, 1, 1, 1, 1, 1
6.474920000000001, 1, 0, 1, 1, 1, 1, 1, 1
6.476140000000001, 1, 0, 0, 1, 1, 1, 1, 1
6.476610000000001, 1, 0, 1, 1, 1, 1, 1, 1
6.476670000000000, 1, 0, 0, 1, 1, 1, 1, 1
6.476770000000000, 1, 0, 1, 1, 1, 1, 1, 1
6.476820000000001, 1, 0, 0, 1, 1, 1, 1, 1
6.476930000000000, 1, 0, 1, 1, 1, 1, 1, 1
6.476980000000000, 1, 0, 0, 1, 1, 1, 1, 1
6.477030000000001, 1, 0, 1, 1, 1, 1, 1, 1
6.478130000000000, 1, 0, 0, 1, 1, 1, 1, 1
6.478180000000001, 1, 0, 1, 1, 1, 1, 1, 1
6.478240000000000, 1, 0, 0, 1, 1, 1, 1, 1
6.478600000000000, 1, 0, 1, 1, 1, 1, 1, 1
6.478660000000001, 1, 0, 0, 1, 1, 1, 1, 1
6.478770000000001, 1, 0, 1, 1, 1, 1, 1, 1
6.478820000000001, 1, 0, 0, 1, 1, 1, 1, 1
6.479130000000000, 1, 0, 1, 1, 1, 1, 1, 1
6.480160000000001, 1, 0, 0, 1, 1, 1, 1, 1
6.480210000000000, 1, 0, 1, 1, 1, 1, 1, 1
6.480310000000000, 1, 0, 0, 1, 1, 1, 1, 1
6.480370000000001, 1, 0, 1, 1, 1, 1, 1, 1
6.480470000000000, 1, 0, 0, 1, 1, 1, 1, 1
6.480520000000000, 1, 0, 1, 1, 1, 1, 1, 1
6.498260000000000, 1, 0, 0, 1, 1, 1, 1, 1
6.499190000000000, 1, 0, 1, 1, 1, 1, 1, 1
6.500290000000001, 1, 0, 0, 1, 1, 1, 1, 1
6.500400000000001, 1, 0, 1, 1, 1, 1, 1, 1
6.500710000000001, 1, 0, 0, 1, 1, 1, 1, 1
6.500760000000001, 1, 0, 1, 1, 1, 1, 1, 1
6.500820000000001, 1, 0, 0, 1, 1, 1, 1, 1
6.500930000000000, 1, 0, 1, 1, 1, 1, 1, 1
6.500980000000000, 1, 0, 0, 1, 1, 1, 1, 1
6.501140000000000, 1, 0, 1, 1, 1, 1, 1, 1
6.502280000000001, 1, 0, 0, 1, 1, 1, 1, 1
6.502330000000001, 1, 0, 1, 1, 1, 1, 1, 1
6.502380000000000, 1, 0, 0, 1, 1, 1, 1, 1
6.502750000000001, 1, 0, 1, 1, 1, 1, 1, 1
6.502810000000000, 1, 0, 0, 1, 1, 1, 1, 1
6.503220000000001, 1, 0, 1, 1, 1, 1, 1, 1
6.504230000000001, 1, 0, 0, 1, 1, 1, 1, 1
6.504280000000001, 1, 0, 1, 1, 1, 1, 1, 1
6.504390000000001, 1, 0, 0, 1, 1, 1, 1, 1
6.504440000000001, 1, 0, 1, 1, 1, 1, 1, 1
6.504490000000001, 1, 0, 0, 1, 1, 1, 1, 1
6.504600000000001, 1, 0, 1, 1, 1, 1, 1, 1
6.504650000000001, 1, 0, 0, 1, 1, 1, 1, 1
6.504700000000001, 1, 0, 1, 1, 1, 1, 1, 1
6.544250000000001, 1, 0, 0, 1, 1, 1, 1, 1
6.545180000000000, 1, 0, 1, 1, 1, 1, 1, 1
6.546430000000001, 1, 0, 0, 1, 1, 1, 1, 1
6.546900000000001, 1, 0, 1, 1, 1, 1, 1, 1
6.546960000000000, 1, 0, 0, 1, 1, 1, 1, 1
6.547060000000000, 1, 0, 1, 1, 1, 1, 1, 1
6.547110000000001, 1, 0, 0, 1, 1, 1, 1, 1
6.547220000000000, 1, 0, 1, 1, 1, 1, 1, 1
6.548380000000001, 1, 0, 0, 1, 1, 1, 1, 1
6.548430000000001, 1, 0, 1, 1, 1, 1, 1, 1
6.548480000000001, 1, 0, 0, 1, 1, 1, 1, 1
6.548850000000001, 1, 0, 1, 1, 1, 1, 1, 1
6.548930000000000, 1, 0, 0, 1, 1, 1, 1, 1
6.549030000000000, 1, 0, 1, 1, 1, 1, 1, 1
6.549080000000001, 1, 0, 0, 1, 1, 1, 1, 1
6.549400000000000, 1, 0, 1, 1, 1, 1, 1, 1
6.550390000000000, 1, 0, 0, 1, 1, 1, 1, 1
6.550600000000000, 1, 0, 1, 1, 1, 1, 1, 1
6.550700000000001, 1, 0, 0, 1, 1, 1, 1, 1
6.550810000000000, 1, 0, 1, 1, 1, 1, 1, 1
6.568500000000000, 1, 0, 0, 1, 1, 1, 1, 1
6.569430000000001, 1, 0, 1, 1, 1, 1, 1, 1
6.570530000000001, 1, 0, 0, 1, 1, 1, 1, 1
6.570580000000001, 1, 0, 1, 1, 1, 1, 1, 1
6.570640000000001, 1, 0, 0, 1, 1, 1, 1, 1
6.570690000000001, 1, 0, 1, 1, 1, 1, 1, 1
6.570950000000001, 1, 0, 0, 1, 1, 1, 1, 1
6.571000000000001, 1, 0, 1, 1, 1, 1, 1, 1
6.571060000000000, 1, 0, 0, 1, 1, 1, 1, 1
6.571170000000000, 1, 0, 1, 1, 1, 1, 1, 1
6.571220000000000, 1, 0, 0, 1, 1, 1, 1, 1
6.571530000000000, 1, 0, 1, 1, 1, 1, 1, 1
6.572530000000000, 1, 0, 0, 1, 1, 1, 1, 1
6.572590000000001, 1, 0, 1, 1, 1, 1, 1, 1
6.572640000000001, 1, 0, 0, 1, 1, 1, 1, 1
6.573000000000000, 1, 0, 1, 1, 1, 1, 1, 1
6.573060000000001, 1, 0, 0, 1, 1, 1, 1, 1
6.573480000000001, 1, 0, 1, 1, 1, 1, 1, 1
6.574480000000000, 1, 0, 0, 1, 1, 1, 1, 1
6.574530000000000, 1, 0, 1, 1, 1, 1, 1, 1
6.574840000000001, 1, 0, 0, 1, 1, 1, 1, 1
6.574900000000000, 1, 0, 1, 1, 1, 1, 1, 1
6.614290000000000, 1, 0, 0, 1, 1, 1, 1, 1
6.615220000000001, 1, 0, 1, 1, 1, 1, 1, 1
6.616270000000001, 1, 0, 0, 1, 1, 1, 1, 1
6.616740000000001, 1, 0, 1, 1, 1, 1, 1, 1
6.616800000000000, 1, 0, 0, 1, 1, 1, 1, 1
6.616910000000001, 1, 0, 1, 1, 1, 1, 1, 1
6.616960000000001, 1, 0, 0, 1, 1, 1, 1, 1
6.617060000000000, 1, 0, 1, 1, 1, 1, 1, 1
6.617110000000000, 1, 0, 0, 1, 1, 1, 1, 1
6.617270000000000, 1, 0, 1, 1, 1, 1, 1, 1
6.618270000000001, 1, 0, 0, 1, 1, 1, 1, 1
6.618330000000000, 1, 0, 1, 1, 1, 1, 1, 1
6.618380000000000, 1, 0, 0, 1, 1, 1, 1, 1
6.618740000000001, 1, 0, 1, 1, 1, 1, 1, 1
6.618800000000000, 1, 0, 0, 1, 1, 1, 1, 1
6.618910000000001, 1, 0, 1, 1, 1, 1, 1, 1
6.618960000000000, 1, 0, 0, 1, 1, 1, 1, 1
6.619270000000000, 1, 0, 1, 1, 1, 1, 1, 1
6.620530000000000, 1, 0, 0, 1, 1, 1, 1, 1
6.620640000000001, 1, 0, 1, 1, 1, 1, 1, 1
6.620740000000001, 1, 0, 0, 1, 1, 1, 1, 1
6.620800000000001, 1, 0, 1, 1, 1, 1, 1, 1
6.620850000000001, 1, 0, 0, 1, 1, 1, 1, 1
6.620900000000001, 1, 0, 1, 1, 1, 1, 1, 1
6.620950000000001, 1, 0, 0, 1, 1, 1, 1, 1
6.621000000000000, 1, 0, 1, 1, 1, 1, 1, 1
6.638370000000000, 1, 0, 0, 1, 1, 1, 1, 1
6.639300000000000, 1, 0, 1, 1, 1, 1, 1, 1
6.640370000000001, 1, 0, 0, 1, 1, 1, 1, 1
6.640520000000000, 1, 0, 1, 1, 1, 1, 1, 1
6.640780000000000, 1, 0, 0, 1, 1, 1, 1, 1
6.640840000000001, 1, 0, 1, 1, 1, 1, 1, 1
6.640900000000000, 1, 0, 0, 1, 1, 1, 1, 1
6.641000000000001, 1, 0, 1, 1, 1, 1, 1, 1
6.641050000000001, 1, 0, 0, 1, 1, 1, 1, 1
6.641210000000001, 1, 0, 1, 1, 1, 1, 1, 1
6.641260000000001, 1, 0, 0, 1, 1, 1, 1, 1
6.641370000000000, 1, 0, 1, 1, 1, 1, 1, 1
6.642370000000001, 1, 0, 0, 1, 1, 1, 1, 1
6.642420000000000, 1, 0, 1, 1, 1, 1, 1, 1
6.642470000000000, 1, 0, 0, 1, 1, 1, 1, 1
6.642840000000001, 1, 0, 1, 1, 1, 1, 1, 1
6.642900000000001, 1, 0, 0, 1, 1, 1, 1, 1
6.643320000000000, 1, 0, 1, 1, 1, 1, 1, 1
6.644610000000000, 1, 0, 0, 1, 1, 1, 1, 1
6.644710000000001, 1, 0, 1, 1, 1, 1, 1, 1
6.644770000000000, 1, 0, 0, 1, 1, 1, 1, 1
6.644820000000000, 1, 0, 1, 1, 1, 1, 1, 1
6.644870000000001, 1, 0, 0, 1, 1, 1, 1, 1
6.644920000000001, 1, 0, 1, 1, 1, 1, 1, 1
6.684120000000001, 1, 0, 0, 1, 1, 1, 1, 1
6.685050000000000, 1, 0, 1, 1, 1, 1, 1, 1
6.686280000000001, 1, 0, 0, 1, 1, 1, 1, 1
6.686750000000001, 1, 0, 1, 1, 1, 1, 1, 1
6.686810000000000, 1, 0, 0, 1, 1, 1, 1, 1
6.686920000000001, 1, 0, 1, 1, 1, 1, 1, 1
6.686970000000001, 1, 0, 0, 1, 1, 1, 1, 1
6.687070000000000, 1, 0, 1, 1, 1, 1, 1, 1
6.687180000000001, 1, 0, 0, 1, 1, 1, 1, 1
6.687280000000000, 1, 0, 1, 1, 1, 1, 1, 1
6.688260000000001, 1, 0, 0, 1, 1, 1, 1, 1
6.688310000000000, 1, 0, 1, 1, 1, 1, 1, 1
6.688360000000000, 1, 0, 0, 1, 1, 1, 1, 1
6.688730000000001, 1, 0, 1, 1, 1, 1, 1, 1
6.688790000000001, 1, 0, 0, 1, 1, 1, 1, 1
6.688890000000001, 1, 0, 1, 1, 1, 1, 1, 1
6.688940000000001, 1, 0, 0, 1, 1, 1, 1, 1
6.689260000000001, 1, 0, 1, 1, 1, 1, 1, 1
6.690350000000000, 1, 0, 0, 1, 1, 1, 1, 1
6.690410000000001, 1, 0, 1, 1, 1, 1, 1, 1
6.690460000000001, 1, 0, 0, 1, 1, 1, 1, 1
6.690510000000001, 1, 0, 1, 1, 1, 1, 1, 1
6.690560000000001, 1, 0, 0, 1, 1, 1, 1, 1
6.690620000000001, 1, 0, 1, 1, 1, 1, 1, 1
6.690670000000001, 1, 0, 0, 1, 1, 1, 1, 1
6.690820000000000, 1, 0, 1, 1, 1, 1, 1, 1
6.709170000000000, 1, 0, 0, 1, 1, 1, 1, 1
6.710100000000001, 1, 0, 1, 1, 1, 1, 1, 1
6.711170000000001, 1, 0, 0, 1, 1, 1, 1, 1
6.711220000000001, 1, 0, 1, 1, 1, 1, 1, 1
6.711320000000001, 1, 0, 0, 1, 1, 1, 1, 1
6.711370000000001, 1, 0, 1, 1, 1, 1, 1, 1
6.711580000000001, 1, 0, 0, 1, 1, 1, 1, 1
6.711640000000001, 1, 0, 1, 1, 1, 1, 1, 1
6.711740000000001, 1, 0, 0, 1, 1, 1, 1, 1
6.711840000000000, 1, 0, 1, 1, 1, 1, 1, 1
6.711890000000000, 1, 0, 0, 1, 1, 1, 1, 1
6.712100000000000, 1, 0, 1, 1, 1, 1, 1, 1
6.712150000000000, 1, 0, 0, 1, 1, 1, 1, 1
6.712210000000001, 1, 0, 1, 1, 1, 1, 1, 1
6.713140000000000, 1, 0, 0, 1, 1, 1, 1, 1
6.713190000000001, 1, 0, 1, 1, 1, 1, 1, 1
6.713240000000001, 1, 0, 0, 1, 1, 1, 1, 1
6.713610000000001, 1, 0, 1, 1, 1, 1, 1, 1
6.713670000000000, 1, 0, 0, 1, 1, 1, 1, 1
6.714090000000001, 1, 0, 1, 1, 1, 1, 1, 1
6.715270000000000, 1, 0, 0, 1, 1, 1, 1, 1
6.715320000000000, 1, 0, 1, 1, 1, 1, 1, 1
6.715370000000001, 1, 0, 0, 1, 1, 1, 1, 1
6.715430000000000, 1, 0, 1, 1, 1, 1, 1, 1
6.715530000000000, 1, 0, 0, 1, 1, 1, 1, 1
6.715640000000000, 1, 0, 1, 1, 1, 1, 1, 1
6.715690000000000, 1, 0, 0, 1, 1, 1, 1, 1
6.715740000000000, 1, 0, 1, 1, 1, 1, 1, 1
6.755040000000000, 1, 0, 0, 1, 1, 1, 1, 1
6.755970000000000, 1, 0, 1, 1, 1, 1, 1, 1
6.757220000000000, 1, 0, 0, 1, 1, 1, 1, 1
6.757690000000000, 1, 0, 1, 1, 1, 1, 1, 1
6.757750000000001, 1, 0, 0, 1, 1, 1, 1, 1
6.757860000000001, 1, 0, 1, 1, 1, 1, 1, 1
6.757910000000001, 1, 0, 0, 1, 1, 1, 1, 1
6.758010000000001, 1, 0, 1, 1, 1, 1, 1, 1
6.758070000000001, 1, 0, 0, 1, 1, 1, 1, 1
6.758120000000001, 1, 0, 1, 1, 1, 1, 1, 1
6.758170000000001, 1, 0, 0, 1, 1, 1, 1, 1
6.758220000000001, 1, 0, 1, 1, 1, 1, 1, 1
6.759170000000000, 1, 0, 0, 1, 1, 1, 1, 1
6.759220000000001, 1, 0, 1, 1, 1, 1, 1, 1
6.759270000000001, 1, 0, 0, 1, 1, 1, 1, 1
6.759640000000001, 1, 0, 1, 1, 1, 1, 1, 1
6.759720000000001, 1, 0, 0, 1, 1, 1, 1, 1
6.759820000000000, 1, 0, 1, 1, 1, 1, 1, 1
6.759870000000000, 1, 0, 0, 1, 1, 1, 1, 1
6.760190000000001, 1, 0, 1, 1, 1, 1, 1, 1
6.761150000000001, 1, 0, 0, 1, 1, 1, 1, 1
6.761410000000001, 1, 0, 1, 1, 1, 1, 1, 1
6.761470000000001, 1, 0, 0, 1, 1, 1, 1, 1
6.761520000000001, 1, 0, 1, 1, 1, 1, 1, 1
6.779390000000000, 1, 0, 0, 1, 1, 1, 1, 1
6.780320000000001, 1, 0, 1, 1, 1, 1, 1, 1
6.781400000000001, 1, 0, 0, 1, 1, 1, 1, 1
6.781500000000000, 1, 0, 1, 1, 1, 1, 1, 1
6.781550000000000, 1, 0, 0, 1, 1, 1, 1, 1
6.781610000000001, 1, 0, 1, 1, 1, 1, 1, 1
6.781820000000001, 1, 0, 0, 1, 1, 1, 1, 1
6.781870000000001, 1, 0, 1, 1, 1, 1, 1, 1
6.781950000000000, 1, 0, 0, 1, 1, 1, 1, 1
6.782060000000000, 1, 0, 1, 1, 1, 1, 1, 1
6.782110000000000, 1, 0, 0, 1, 1, 1, 1, 1
6.782270000000000, 1, 0, 1, 1, 1, 1, 1, 1
6.782370000000000, 1, 0, 0, 1, 1, 1, 1, 1
6.782420000000000, 1, 0, 1, 1, 1, 1, 1, 1
6.783390000000001, 1, 0, 0, 1, 1, 1, 1, 1
6.783450000000000, 1, 0, 1, 1, 1, 1, 1, 1
6.783500000000001, 1, 0, 0, 1, 1, 1, 1, 1
6.783860000000001, 1, 0, 1, 1, 1, 1, 1, 1
6.783950000000001, 1, 0, 0, 1, 1, 1, 1, 1
6.784370000000001, 1, 0, 1, 1, 1, 1, 1, 1
6.785400000000001, 1, 0, 0, 1, 1, 1, 1, 1
6.785610000000000, 1, 0, 1, 1, 1, 1, 1, 1
6.785710000000001, 1, 0, 0, 1, 1, 1, 1, 1
6.785870000000001, 1, 0, 1, 1, 1, 1, 1, 1
6.825270000000001, 1, 0, 0, 1, 1, 1, 1, 1
6.826200000000001, 1, 0, 1, 1, 1, 1, 1, 1
6.827470000000001, 1, 0, 0, 1, 1, 1, 1, 1
6.827930000000000, 1, 0, 1, 1, 1, 1, 1, 1
6.827990000000001, 1, 0, 0, 1, 1, 1, 1, 1
6.828100000000001, 1, 0, 1, 1, 1, 1, 1, 1
6.828150000000001, 1, 0, 0, 1, 1, 1, 1, 1
6.828260000000000, 1, 0, 1, 1, 1, 1, 1, 1
6.828410000000001, 1, 0, 0, 1, 1, 1, 1, 1
6.828460000000001, 1, 0, 1, 1, 1, 1, 1, 1
6.829420000000001, 1, 0, 0, 1, 1, 1, 1, 1
6.829470000000001, 1, 0, 1, 1, 1, 1, 1, 1
6.829520000000000, 1, 0, 0, 1, 1, 1, 1, 1
6.829890000000001, 1, 0, 1, 1, 1, 1, 1, 1
6.829950000000000, 1, 0, 0, 1, 1, 1, 1, 1
6.830050000000001, 1, 0, 1, 1, 1, 1, 1, 1
6.830100000000001, 1, 0, 0, 1, 1, 1, 1, 1
6.830420000000000, 1, 0, 1, 1, 1, 1, 1, 1
6.831390000000001, 1, 0, 0, 1, 1, 1, 1, 1
6.831450000000000, 1, 0, 1, 1, 1, 1, 1, 1
6.831550000000001, 1, 0, 0, 1, 1, 1, 1, 1
6.831660000000000, 1, 0, 1, 1, 1, 1, 1, 1
6.831710000000000, 1, 0, 0, 1, 1, 1, 1, 1
6.831810000000001, 1, 0, 1, 1, 1, 1, 1, 1
6.849530000000001, 1, 0, 0, 1, 1, 1, 1, 1
6.850460000000001, 1, 0, 1, 1, 1, 1, 1, 1
6.851520000000001, 1, 0, 0, 1, 1, 1, 1, 1
6.851570000000001, 1, 0, 1, 1, 1, 1, 1, 1
6.851620000000000, 1, 0, 0, 1, 1, 1, 1, 1
6.851720000000000, 1, 0, 1, 1, 1, 1, 1, 1
6.851930000000000, 1, 0, 0, 1, 1, 1, 1, 1
6.851990000000001, 1, 0, 1, 1, 1, 1, 1, 1
6.852050000000000, 1, 0, 0, 1, 1, 1, 1, 1
6.852150000000001, 1, 0, 1, 1, 1, 1, 1, 1
6.852200000000001, 1, 0, 0, 1, 1, 1, 1, 1
6.852460000000001, 1, 0, 1, 1, 1, 1, 1, 1
6.853520000000001, 1, 0, 0, 1, 1, 1, 1, 1
6.853570000000000, 1, 0, 1, 1, 1, 1, 1, 1
6.853620000000000, 1, 0, 0, 1, 1, 1, 1, 1
6.853990000000000, 1, 0, 1, 1, 1, 1, 1, 1
6.854050000000001, 1, 0, 0, 1, 1, 1, 1, 1
6.854460000000000, 1, 0, 1, 1, 1, 1, 1, 1
6.855490000000001, 1, 0, 0, 1, 1, 1, 1, 1
6.855650000000001, 1, 0, 1, 1, 1, 1, 1, 1
6.855760000000001, 1, 0, 0, 1, 1, 1, 1, 1
6.855810000000001, 1, 0, 1, 1, 1, 1, 1, 1
6.895210000000001, 1, 0, 0, 1, 1, 1, 1, 1
6.896140000000001, 1, 0, 1, 1, 1, 1, 1, 1
6.897380000000001, 1, 0, 0, 1, 1, 1, 1, 1
6.897850000000001, 1, 0, 1, 1, 1, 1, 1, 1
6.897910000000000, 1, 0, 0, 1, 1, 1, 1, 1
6.898010000000000, 1, 0, 1, 1, 1, 1, 1, 1
6.898070000000001, 1, 0, 0, 1, 1, 1, 1, 1
6.898170000000000, 1, 0, 1, 1, 1, 1, 1, 1
6.898220000000000, 1, 0, 0, 1, 1, 1, 1, 1
6.898330000000001, 1, 0, 1, 1, 1, 1, 1, 1
6.899530000000000, 1, 0, 0, 1, 1, 1, 1, 1
6.899590000000001, 1, 0, 1, 1, 1, 1, 1, 1
6.899640000000001, 1, 0, 0, 1, 1, 1, 1, 1
6.900000000000000, 1, 0, 1, 1, 1, 1, 1, 1
6.900070000000000, 1, 0, 0, 1, 1, 1, 1, 1
6.900180000000001, 1, 0, 1, 1, 1, 1, 1, 1
6.900230000000001, 1, 0, 0, 1, 1, 1, 1, 1
6.900540000000000, 1, 0, 1, 1, 1, 1, 1, 1
6.901520000000001, 1, 0, 0, 1, 1, 1, 1, 1
6.901570000000000, 1, 0, 1, 1, 1, 1, 1, 1
6.901630000000001, 1, 0, 0, 1, 1, 1, 1, 1
6.901680000000001, 1, 0, 1, 1, 1, 1, 1, 1
6.901840000000001, 1, 0, 0, 1, 1, 1, 1, 1
6.901890000000001, 1, 0, 1, 1, 1, 1, 1, 1
6.901940000000001, 1, 0, 0, 1, 1, 1, 1, 1
6.901990000000001, 1, 0, 1, 1, 1, 1, 1, 1
6.919550000000001, 1, 0, 0, 1, 1, 1, 1, 1
6.920480000000000, 1, 0, 1, 1, 1, 1, 1, 1
6.921550000000001, 1, 0, 0, 1, 1, 1, 1, 1
6.921760000000001, 1, 0, 1, 1, 1, 1, 1, 1
6.921970000000001, 1, 0, 0, 1, 1, 1, 1, 1
6.922020000000001, 1, 0, 1, 1, 1, 1, 1, 1
6.922080000000000, 1, 0, 0, 1, 1, 1, 1, 1
6.922180000000001, 1, 0, 1, 1, 1, 1, 1, 1
6.922230000000001, 1, 0, 0, 1, 1, 1, 1, 1
6.922390000000001, 1, 0, 1, 1, 1, 1, 1, 1
6.922440000000001, 1, 0, 0, 1, 1, 1, 1, 1
6.922500000000000, 1, 0, 1, 1, 1, 1, 1, 1
6.923640000000001, 1, 0, 0, 1, 1, 1, 1, 1
6.923700000000000, 1, 0, 1, 1, 1, 1, 1, 1
6.923750000000001, 1, 0, 0, 1, 1, 1, 1, 1
6.924110000000001, 1, 0, 1, 1, 1, 1, 1, 1
6.924170000000000, 1, 0, 0, 1, 1, 1, 1, 1
6.924590000000000, 1, 0, 1, 1, 1, 1, 1, 1
6.925650000000001, 1, 0, 0, 1, 1, 1, 1, 1
6.925700000000001, 1, 0, 1, 1, 1, 1, 1, 1
6.925760000000000, 1, 0, 0, 1, 1, 1, 1, 1
6.925860000000000, 1, 0, 1, 1, 1, 1, 1, 1
6.926020000000000, 1, 0, 0, 1, 1, 1, 1, 1
6.926070000000000, 1, 0, 1, 1, 1, 1, 1, 1
6.965340000000000, 1, 0, 0, 1, 1, 1, 1, 1
6.966270000000001, 1, 0, 1, 1, 1, 1, 1, 1
6.967330000000000, 1, 0, 0, 1, 1, 1, 1, 1
6.967800000000000, 1, 0, 1, 1, 1, 1, 1, 1
6.967860000000001, 1, 0, 0, 1, 1, 1, 1, 1
6.967960000000001, 1, 0, 1, 1, 1, 1, 1, 1
6.968010000000000, 1, 0, 0, 1, 1, 1, 1, 1
6.968120000000001, 1, 0, 1, 1, 1, 1, 1, 1
6.968220000000001, 1, 0, 0, 1, 1, 1, 1, 1
6.968270000000000, 1, 0, 1, 1, 1, 1, 1, 1
6.969310000000001, 1, 0, 0, 1, 1, 1, 1, 1
6.969360000000001, 1, 0, 1, 1, 1, 1, 1, 1
6.969410000000001, 1, 0, 0, 1, 1, 1, 1, 1
6.969780000000001, 1, 0, 1, 1, 1, 1, 1, 1
6.969840000000000, 1, 0, 0, 1, 1, 1, 1, 1
6.969940000000000, 1, 0, 1, 1, 1, 1, 1, 1
6.970000000000001, 1, 0, 0, 1, 1, 1, 1, 1
6.970310000000000, 1, 0, 1, 1, 1, 1, 1, 1
6.971300000000000, 1, 0, 0, 1, 1, 1, 1, 1
6.971400000000001, 1, 0, 1, 1, 1, 1, 1, 1
6.971610000000001, 1, 0, 0, 1, 1, 1, 1, 1
6.971770000000000, 1, 0, 1, 1, 1, 1, 1, 1
6.989420000000001, 1, 0, 0, 1, 1, 1, 1, 1
6.990350000000000, 1, 0, 1, 1, 1, 1, 1, 1
6.991420000000001, 1, 0, 0, 1, 1, 1, 1, 1
6.991470000000001, 1, 0, 1, 1, 1, 1, 1, 1
6.991620000000000, 1, 0, 0, 1, 1, 1, 1, 1
6.991680000000001, 1, 0, 1, 1, 1, 1, 1, 1
6.991830000000000, 1, 0, 0, 1, 1, 1, 1, 1
6.991880000000001, 1, 0, 1, 1, 1, 1, 1, 1
6.991950000000001, 1, 0, 0, 1, 1, 1, 1, 1
6.992050000000001, 1, 0, 1, 1, 1, 1, 1, 1
6.992100000000001, 1, 0, 0, 1, 1, 1, 1, 1
6.992310000000001, 1, 0, 1, 1, 1, 1, 1, 1
6.993420000000000, 1, 0, 0, 1, 1, 1, 1, 1
6.993470000000000, 1, 0, 1, 1, 1, 1, 1, 1
6.993520000000000, 1, 0, 0, 1, 1, 1, 1, 1
6.993890000000000, 1, 0, 1, 1, 1, 1, 1, 1
6.993950000000001, 1, 0, 0, 1, 1, 1, 1, 1
6.994360000000000, 1, 0, 1, 1, 1, 1, 1, 1
6.995380000000001, 1, 0, 0, 1, 1, 1, 1, 1
6.995490000000000, 1, 0, 1, 1, 1, 1, 1, 1
6.995650000000000, 1, 0, 0, 1, 1, 1, 1, 1
6.995700000000000, 1, 0, 1, 1, 1, 1, 1, 1
6.995750000000000, 1, 0, 0, 1, 1, 1, 1, 1
6.995800000000001, 1, 0, 1, 1, 1, 1, 1, 1
7.035360000000001, 1, 0, 0, 1, 1, 1, 1, 1
7.036290000000000, 1, 0, 1, 1, 1, 1, 1, 1
7.037340000000000, 1, 0, 0, 1, 1, 1, 1, 1
7.037810000000000, 1, 0, 1, 1, 1, 1, 1, 1
7.037870000000001, 1, 0, 0, 1, 1, 1, 1, 1
7.037970000000001, 1, 0, 1, 1, 1, 1, 1, 1
7.038030000000001, 1, 0, 0, 1, 1, 1, 1, 1
7.038130000000001, 1, 0, 1, 1, 1, 1, 1, 1
7.038180000000001, 1, 0, 0, 1, 1, 1, 1, 1
7.038230000000000, 1, 0, 1, 1, 1, 1, 1, 1
7.039520000000000, 1, 0, 0, 1, 1, 1, 1, 1
7.039570000000000, 1, 0, 1, 1, 1, 1, 1, 1
7.039620000000000, 1, 0, 0, 1, 1, 1, 1, 1
7.039990000000000, 1, 0, 1, 1, 1, 1, 1, 1
7.040050000000001, 1, 0, 0, 1, 1, 1, 1, 1
7.040150000000001, 1, 0, 1, 1, 1, 1, 1, 1
7.040200000000000, 1, 0, 0, 1, 1, 1, 1, 1
7.040520000000001, 1, 0, 1, 1, 1, 1, 1, 1
7.041530000000001, 1, 0, 0, 1, 1, 1, 1, 1
7.041580000000001, 1, 0, 1, 1, 1, 1, 1, 1
7.041690000000001, 1, 0, 0, 1, 1, 1, 1, 1
7.041740000000001, 1, 0, 1, 1, 1, 1, 1, 1
7.041840000000001, 1, 0, 0, 1, 1, 1, 1, 1
7.041900000000001, 1, 0, 1, 1, 1, 1, 1, 1
7.059610000000000, 1, 0, 0, 1, 1, 1, 1, 1
7.060540000000000, 1, 0, 1, 1, 1, 1, 1, 1
7.061640000000001, 1, 0, 0, 1, 1, 1, 1, 1
7.061750000000001, 1, 0, 1, 1, 1, 1, 1, 1
7.061850000000001, 1, 0, 0, 1, 1, 1, 1, 1
7.061900000000001, 1, 0, 1, 1, 1, 1, 1, 1
7.062060000000001, 1, 0, 0, 1, 1, 1, 1, 1
7.062110000000001, 1, 0, 1, 1, 1, 1, 1, 1
7.062170000000001, 1, 0, 0, 1, 1, 1, 1, 1
7.062280000000000, 1, 0, 1, 1, 1, 1, 1, 1
7.062330000000000, 1, 0, 0, 1, 1, 1, 1, 1
7.062480000000001, 1, 0, 1, 1, 1, 1, 1, 1
7.063610000000001, 1, 0, 0, 1, 1, 1, 1, 1
7.063660000000000, 1, 0, 1, 1, 1, 1, 1, 1
7.063710000000000, 1, 0, 0, 1, 1, 1, 1, 1
7.064080000000001, 1, 0, 1, 1, 1, 1, 1, 1
7.064140000000001, 1, 0, 0, 1, 1, 1, 1, 1
7.064560000000000, 1, 0, 1, 1, 1, 1, 1, 1
7.065600000000001, 1, 0, 0, 1, 1, 1, 1, 1
7.065660000000000, 1, 0, 1, 1, 1, 1, 1, 1
7.065760000000001, 1, 0, 0, 1, 1, 1, 1, 1
7.065810000000001, 1, 0, 1, 1, 1, 1, 1, 1
7.105480000000001, 1, 0, 0, 1, 1, 1, 1, 1
7.106410000000000, 1, 0, 1, 1, 1, 1, 1, 1
7.107460000000001, 1, 0, 0, 1, 1, 1, 1, 1
7.107930000000001, 1, 0, 1, 1, 1, 1, 1, 1
7.108000000000001, 1, 0, 0, 1, 1, 1, 1, 1
7.108100000000000, 1, 0, 1, 1, 1, 1, 1, 1
7.108150000000000, 1, 0, 0, 1, 1, 1, 1, 1
7.108260000000000, 1, 0, 1, 1, 1, 1, 1, 1
7.109620000000000, 1, 0, 0, 1, 1, 1, 1, 1
7.109670000000000, 1, 0, 1, 1, 1, 1, 1, 1
7.109720000000000, 1, 0, 0, 1, 1, 1, 1, 1
7.110090000000000, 1, 0, 1, 1, 1, 1, 1, 1
7.110150000000001, 1, 0, 0, 1, 1, 1, 1, 1
7.110260000000000, 1, 0, 1, 1, 1, 1, 1, 1
7.110310000000001, 1, 0, 0, 1, 1, 1, 1, 1
7.110620000000001, 1, 0, 1, 1, 1, 1, 1, 1
7.111600000000000, 1, 0, 0, 1, 1, 1, 1, 1
7.111810000000000, 1, 0, 1, 1, 1, 1, 1, 1
7.111920000000000, 1, 0, 0, 1, 1, 1, 1, 1
7.112020000000000, 1, 0, 1, 1, 1, 1, 1, 1
7.129640000000000, 1, 0, 0, 1, 1, 1, 1, 1
7.130570000000001, 1, 0, 1, 1, 1, 1, 1, 1
7.131750000000000, 1, 0, 0, 1, 1, 1, 1, 1
7.131800000000001, 1, 0, 1, 1, 1, 1, 1, 1
7.131860000000001, 1, 0, 0, 1, 1, 1, 1, 1
7.131910000000000, 1, 0, 1, 1, 1, 1, 1, 1
7.131960000000000, 1, 0, 0, 1, 1, 1, 1, 1
7.132010000000000, 1, 0, 1, 1, 1, 1, 1, 1
7.132170000000000, 1, 0, 0, 1, 1, 1, 1, 1
7.132220000000000, 1, 0, 1, 1, 1, 1, 1, 1
7.132280000000001, 1, 0, 0, 1, 1, 1, 1, 1
7.132390000000001, 1, 0, 1, 1, 1, 1, 1, 1
7.132440000000001, 1, 0, 0, 1, 1, 1, 1, 1
7.132750000000001, 1, 0, 1, 1, 1, 1, 1, 1
7.133770000000000, 1, 0, 0, 1, 1, 1, 1, 1
7.133820000000001, 1, 0, 1, 1, 1, 1, 1, 1
7.133870000000001, 1, 0, 0, 1, 1, 1, 1, 1
7.134240000000001, 1, 0, 1, 1, 1, 1, 1, 1
7.134300000000001, 1, 0, 0, 1, 1, 1, 1, 1
7.134720000000001, 1, 0, 1, 1, 1, 1, 1, 1
7.135740000000000, 1, 0, 0, 1, 1, 1, 1, 1
7.135790000000001, 1, 0, 1, 1, 1, 1, 1, 1
7.136000000000001, 1, 0, 0, 1, 1, 1, 1, 1
7.136210000000000, 1, 0, 1, 1, 1, 1, 1, 1
7.175510000000001, 1, 0, 0, 1, 1, 1, 1, 1
7.176440000000000, 1, 0, 1, 1, 1, 1, 1, 1
7.177490000000001, 1, 0, 0, 1, 1, 1, 1, 1
7.177960000000001, 1, 0, 1, 1, 1, 1, 1, 1
7.178020000000001, 1, 0, 0, 1, 1, 1, 1, 1
7.178120000000001, 1, 0, 1, 1, 1, 1, 1, 1
7.178170000000001, 1, 0, 0, 1, 1, 1, 1, 1
7.178280000000001, 1, 0, 1, 1, 1, 1, 1, 1
7.178330000000001, 1, 0, 0, 1, 1, 1, 1, 1
7.178490000000001, 1, 0, 1, 1, 1, 1, 1, 1
7.179640000000001, 1, 0, 0, 1, 1, 1, 1, 1
7.179690000000001, 1, 0, 1, 1, 1, 1, 1, 1
7.179740000000001, 1, 0, 0, 1, 1, 1, 1, 1
7.180110000000001, 1, 0, 1, 1, 1, 1, 1, 1
7.180180000000001, 1, 0, 0, 1, 1, 1, 1, 1
7.180280000000001, 1, 0, 1, 1, 1, 1, 1, 1
7.180340000000000, 1, 0, 0, 1, 1, 1, 1, 1
7.180650000000001, 1, 0, 1, 1, 1, 1, 1, 1
7.181620000000001, 1, 0, 0, 1, 1, 1, 1, 1
7.181720000000000, 1, 0, 1, 1, 1, 1, 1, 1
7.181830000000001, 1, 0, 0, 1, 1, 1, 1, 1
7.181880000000000, 1, 0, 1, 1, 1, 1, 1, 1
7.181930000000000, 1, 0, 0, 1, 1, 1, 1, 1
7.181990000000001, 1, 0, 1, 1, 1, 1, 1, 1
7.182040000000001, 1, 0, 0, 1, 1, 1, 1, 1
7.182090000000001, 1, 0, 1, 1, 1, 1, 1, 1
7.200550000000001, 1, 0, 0, 1, 1, 1, 1, 1
7.201480000000001, 1, 0, 1, 1, 1, 1, 1, 1
7.202550000000000, 1, 0, 0, 1, 1, 1, 1, 1
7.202710000000001, 1, 0, 1, 1, 1, 1, 1, 1
7.202760000000000, 1, 0, 0, 1, 1, 1, 1, 1
7.202810000000000, 1, 0, 1, 1, 1, 1, 1, 1
7.202970000000001, 1, 0, 0, 1, 1, 1, 1, 1
7.203020000000000, 1, 0, 1, 1, 1, 1, 1, 1
7.203080000000001, 1, 0, 0, 1, 1, 1, 1, 1
7.203190000000000, 1, 0, 1, 1, 1, 1, 1, 1
7.203240000000001, 1, 0, 0, 1, 1, 1, 1, 1
7.203400000000000, 1, 0, 1, 1, 1, 1, 1, 1
7.203450000000001, 1, 0, 0, 1, 1, 1, 1, 1
7.203550000000001, 1, 0, 1, 1, 1, 1, 1, 1
7.204580000000001, 1, 0, 0, 1, 1, 1, 1, 1
7.204630000000001, 1, 0, 1, 1, 1, 1, 1, 1
7.204680000000001, 1, 0, 0, 1, 1, 1, 1, 1
7.205050000000001, 1, 0, 1, 1, 1, 1, 1, 1
7.205110000000000, 1, 0, 0, 1, 1, 1, 1, 1
7.205530000000000, 1, 0, 1, 1, 1, 1, 1, 1
7.206530000000001, 1, 0, 0, 1, 1, 1, 1, 1
7.206640000000000, 1, 0, 1, 1, 1, 1, 1, 1
7.206690000000001, 1, 0, 0, 1, 1, 1, 1, 1
7.206740000000001, 1, 0, 1, 1, 1, 1, 1, 1
7.206850000000000, 1, 0, 0, 1, 1, 1, 1, 1
7.206900000000001, 1, 0, 1, 1, 1, 1, 1, 1
7.206950000000001, 1, 0, 0, 1, 1, 1, 1, 1
7.207000000000001, 1, 0, 1, 1, 1, 1, 1, 1
7.246340000000001, 1, 0, 0, 1, 1, 1, 1, 1
7.247270000000000, 1, 0, 1, 1, 1, 1, 1, 1
7.248330000000000, 1, 0, 0, 1, 1, 1, 1, 1
7.248800000000001, 1, 0, 1, 1, 1, 1, 1, 1
7.248860000000001, 1, 0, 0, 1, 1, 1, 1, 1
7.248960000000000, 1, 0, 1, 1, 1, 1, 1, 1
7.249010000000000, 1, 0, 0, 1, 1, 1, 1, 1
7.249120000000000, 1, 0, 1, 1, 1, 1, 1, 1
7.249220000000000, 1, 0, 0, 1, 1, 1, 1, 1
7.249330000000000, 1, 0, 1, 1, 1, 1, 1, 1
7.250320000000000, 1, 0, 0, 1, 1, 1, 1, 1
7.250370000000000, 1, 0, 1, 1, 1, 1, 1, 1
7.250430000000001, 1, 0, 0, 1, 1, 1, 1, 1
7.250790000000000, 1, 0, 1, 1, 1, 1, 1, 1
7.250850000000001, 1, 0, 0, 1, 1, 1, 1, 1
7.250960000000001, 1, 0, 1, 1, 1, 1, 1, 1
7.251010000000001, 1, 0, 0, 1, 1, 1, 1, 1
7.251320000000001, 1, 0, 1, 1, 1, 1, 1, 1
7.252310000000000, 1, 0, 0, 1, 1, 1, 1, 1
7.252360000000000, 1, 0, 1, 1, 1, 1, 1, 1
7.252410000000000, 1, 0, 0, 1, 1, 1, 1, 1
7.252460000000001, 1, 0, 1, 1, 1, 1, 1, 1
7.252520000000001, 1, 0, 0, 1, 1, 1, 1, 1
7.252570000000000, 1, 0, 1, 1, 1, 1, 1, 1
7.252620000000000, 1, 0, 0, 1, 1, 1, 1, 1
7.252780000000000, 1, 0, 1, 1, 1, 1, 1, 1
7.270400000000000, 1, 0, 0, 1, 1, 1, 1, 1
7.271330000000001, 1, 0, 1, 1, 1, 1, 1, 1
7.272590000000001, 1, 0, 0, 1, 1, 1, 1, 1
7.272640000000001, 1, 0, 1, 1, 1, 1, 1, 1
7.272740000000001, 1, 0, 0, 1, 1, 1, 1, 1
7.272850000000001, 1, 0, 1, 1, 1, 1, 1, 1
7.273000000000001, 1, 0, 0, 1, 1, 1, 1, 1
7.273050000000000, 1, 0, 1, 1, 1, 1, 1, 1
7.273110000000001, 1, 0, 0, 1, 1, 1, 1, 1
7.273220000000000, 1, 0, 1, 1, 1, 1, 1, 1
7.273270000000001, 1, 0, 0, 1, 1, 1, 1, 1
7.273480000000000, 1, 0, 1, 1, 1, 1, 1, 1
7.273530000000001, 1, 0, 0, 1, 1, 1, 1, 1
7.273580000000001, 1, 0, 1, 1, 1, 1, 1, 1
7.274500000000001, 1, 0, 0, 1, 1, 1, 1, 1
7.274550000000001, 1, 0, 1, 1, 1, 1, 1, 1
7.274600000000000, 1, 0, 0, 1, 1, 1, 1, 1
7.274970000000001, 1, 0, 1, 1, 1, 1, 1, 1
7.275030000000001, 1, 0, 0, 1, 1, 1, 1, 1
7.275450000000000, 1, 0, 1, 1, 1, 1, 1, 1
7.276500000000000, 1, 0, 0, 1, 1, 1, 1, 1
7.276550000000000, 1, 0, 1, 1, 1, 1, 1, 1
7.276600000000000, 1, 0, 0, 1, 1, 1, 1, 1
7.276650000000001, 1, 0, 1, 1, 1, 1, 1, 1
7.316380000000001, 1, 0, 0, 1, 1, 1, 1, 1
7.317310000000001, 1, 0, 1, 1, 1, 1, 1, 1
7.318360000000000, 1, 0, 0, 1, 1, 1, 1, 1
7.318830000000000, 1, 0, 1, 1, 1, 1, 1, 1
7.318890000000001, 1, 0, 0, 1, 1, 1, 1, 1
7.318990000000000, 1, 0, 1, 1, 1, 1, 1, 1
7.319050000000001, 1, 0, 0, 1, 1, 1, 1, 1
7.319150000000000, 1, 0, 1, 1, 1, 1, 1, 1
7.319200000000000, 1, 0, 0, 1, 1, 1, 1, 1
7.319250000000000, 1, 0, 1, 1, 1, 1, 1, 1
7.319310000000001, 1, 0, 0, 1, 1, 1, 1, 1
7.319360000000001, 1, 0, 1, 1, 1, 1, 1, 1
7.320360000000001, 1, 0, 0, 1, 1, 1, 1, 1
7.320410000000001, 1, 0, 1, 1, 1, 1, 1, 1
7.320460000000001, 1, 0, 0, 1, 1, 1, 1, 1
7.320830000000001, 1, 0, 1, 1, 1, 1, 1, 1
7.320890000000000, 1, 0, 0, 1, 1, 1, 1, 1
7.320990000000001, 1, 0, 1, 1, 1, 1, 1, 1
7.321040000000001, 1, 0, 0, 1, 1, 1, 1, 1
7.321360000000000, 1, 0, 1, 1, 1, 1, 1, 1
7.322490000000000, 1, 0, 0, 1, 1, 1, 1, 1
7.322750000000001, 1, 0, 1, 1, 1, 1, 1, 1
7.322810000000000, 1, 0, 0, 1, 1, 1, 1, 1
7.322860000000000, 1, 0, 1, 1, 1, 1, 1, 1
7.340460000000000, 1, 0, 0, 1, 1, 1, 1, 1
7.341390000000001, 1, 0, 1, 1, 1, 1, 1, 1
7.342640000000000, 1, 0, 0, 1, 1, 1, 1, 1
7.342740000000001, 1, 0, 1, 1, 1, 1, 1, 1
7.342790000000001, 1, 0, 0, 1, 1, 1, 1, 1
7.342900000000000, 1, 0, 1, 1, 1, 1, 1, 1
7.343050000000001, 1, 0, 0, 1, 1, 1, 1, 1
7.343110000000000, 1, 0, 1, 1, 1, 1, 1, 1
7.343170000000001, 1, 0, 0, 1, 1, 1, 1, 1
7.343270000000000, 1, 0, 1, 1, 1, 1, 1, 1
7.343320000000000, 1, 0, 0, 1, 1, 1, 1, 1
7.343480000000000, 1, 0, 1, 1, 1, 1, 1, 1
7.343580000000000, 1, 0, 0, 1, 1, 1, 1, 1
7.343630000000001, 1, 0, 1, 1, 1, 1, 1, 1
7.344630000000000, 1, 0, 0, 1, 1, 1, 1, 1
7.344680000000000, 1, 0, 1, 1, 1, 1, 1, 1
7.344730000000000, 1, 0, 0, 1, 1, 1, 1, 1
7.345100000000000, 1, 0, 1, 1, 1, 1, 1, 1
7.345160000000001, 1, 0, 0, 1, 1, 1, 1, 1
7.345570000000000, 1, 0, 1, 1, 1, 1, 1, 1
7.346570000000001, 1, 0, 0, 1, 1, 1, 1, 1
7.346780000000001, 1, 0, 1, 1, 1, 1, 1, 1
7.346830000000001, 1, 0, 0, 1, 1, 1, 1, 1
7.346890000000001, 1, 0, 1, 1, 1, 1, 1, 1
7.346940000000001, 1, 0, 0, 1, 1, 1, 1, 1
7.346990000000001, 1, 0, 1, 1, 1, 1, 1, 1
7.386370000000000, 1, 0, 0, 1, 1, 1, 1, 1
7.387300000000001, 1, 0, 1, 1, 1, 1, 1, 1
7.388360000000000, 1, 0, 0, 1, 1, 1, 1, 1
7.388830000000000, 1, 0, 1, 1, 1, 1, 1, 1
7.388920000000001, 1, 0, 0, 1, 1, 1, 1, 1
7.389020000000000, 1, 0, 1, 1, 1, 1, 1, 1
7.389080000000001, 1, 0, 0, 1, 1, 1, 1, 1
7.389180000000001, 1, 0, 1, 1, 1, 1, 1, 1
7.389340000000001, 1, 0, 0, 1, 1, 1, 1, 1
7.389390000000001, 1, 0, 1, 1, 1, 1, 1, 1
7.390370000000001, 1, 0, 0, 1, 1, 1, 1, 1
7.390420000000001, 1, 0, 1, 1, 1, 1, 1, 1
7.390480000000001, 1, 0, 0, 1, 1, 1, 1, 1
7.390840000000001, 1, 0, 1, 1, 1, 1, 1, 1
7.390910000000001, 1, 0, 0, 1, 1, 1, 1, 1
7.391010000000001, 1, 0, 1, 1, 1, 1, 1, 1
7.391070000000001, 1, 0, 0, 1, 1, 1, 1, 1
7.391380000000001, 1, 0, 1, 1, 1, 1, 1, 1
7.392470000000000, 1, 0, 0, 1, 1, 1, 1, 1
7.392530000000001, 1, 0, 1, 1, 1, 1, 1, 1
7.392630000000000, 1, 0, 0, 1, 1, 1, 1, 1
7.392730000000000, 1, 0, 1, 1, 1, 1, 1, 1
7.392790000000001, 1, 0, 0, 1, 1, 1, 1, 1
7.392890000000000, 1, 0, 1, 1, 1, 1, 1, 1
7.410480000000001, 1, 0, 0, 1, 1, 1, 1, 1
7.411410000000001, 1, 0, 1, 1, 1, 1, 1, 1
7.412470000000001, 1, 0, 0, 1, 1, 1, 1, 1
7.412530000000000, 1, 0, 1, 1, 1, 1, 1, 1
7.412580000000000, 1, 0, 0, 1, 1, 1, 1, 1
7.412740000000000, 1, 0, 1, 1, 1, 1, 1, 1
7.412890000000001, 1, 0, 0, 1, 1, 1, 1, 1
7.412940000000001, 1, 0, 1, 1, 1, 1, 1, 1
7.413020000000000, 1, 0, 0, 1, 1, 1, 1, 1
7.413130000000001, 1, 0, 1, 1, 1, 1, 1, 1
7.413180000000001, 1, 0, 0, 1, 1, 1, 1, 1
7.413440000000000, 1, 0, 1, 1, 1, 1, 1, 1
7.414650000000001, 1, 0, 0, 1, 1, 1, 1, 1
7.414710000000000, 1, 0, 1, 1, 1, 1, 1, 1
7.414760000000000, 1, 0, 0, 1, 1, 1, 1, 1
7.415120000000001, 1, 0, 1, 1, 1, 1, 1, 1
7.415180000000000, 1, 0, 0, 1, 1, 1, 1, 1
7.415600000000000, 1, 0, 1, 1, 1, 1, 1, 1
7.416600000000001, 1, 0, 0, 1, 1, 1, 1, 1
7.416760000000001, 1, 0, 1, 1, 1, 1, 1, 1
7.416920000000000, 1, 0, 0, 1, 1, 1, 1, 1
7.416970000000001, 1, 0, 1, 1, 1, 1, 1, 1
7.417020000000001, 1, 0, 0, 1, 1, 1, 1, 1
7.417070000000001, 1, 0, 1, 1, 1, 1, 1, 1
7.456490000000001, 1, 0, 0, 1, 1, 1, 1, 1
7.457420000000001, 1, 0, 1, 1, 1, 1, 1, 1
7.458470000000001, 1, 0, 0, 1, 1, 1, 1, 1
7.458940000000001, 1, 0, 1, 1, 1, 1, 1, 1
7.459000000000001, 1, 0, 0, 1, 1, 1, 1, 1
7.459110000000001, 1, 0, 1, 1, 1, 1, 1, 1
7.459160000000001, 1, 0, 0, 1, 1, 1, 1, 1
7.459260000000000, 1, 0, 1, 1, 1, 1, 1, 1
7.459320000000001, 1, 0, 0, 1, 1, 1, 1, 1
7.459420000000001, 1, 0, 1, 1, 1, 1, 1, 1
7.460510000000000, 1, 0, 0, 1, 1, 1, 1, 1
7.460560000000001, 1, 0, 1, 1, 1, 1, 1, 1
7.460610000000001, 1, 0, 0, 1, 1, 1, 1, 1
7.460980000000000, 1, 0, 1, 1, 1, 1, 1, 1
7.461040000000001, 1, 0, 0, 1, 1, 1, 1, 1
7.461140000000000, 1, 0, 1, 1, 1, 1, 1, 1
7.461190000000000, 1, 0, 0, 1, 1, 1, 1, 1
7.461510000000001, 1, 0, 1, 1, 1, 1, 1, 1
7.462480000000000, 1, 0, 0, 1, 1, 1, 1, 1
7.462530000000001, 1, 0, 1, 1, 1, 1, 1, 1
7.462590000000001, 1, 0, 0, 1, 1, 1, 1, 1
7.462640000000000, 1, 0, 1, 1, 1, 1, 1, 1
7.462800000000001, 1, 0, 0, 1, 1, 1, 1, 1
7.462850000000000, 1, 0, 1, 1, 1, 1, 1, 1
7.462900000000000, 1, 0, 0, 1, 1, 1, 1, 1
7.462950000000000, 1, 0, 1, 1, 1, 1, 1, 1
7.480590000000000, 1, 0, 0, 1, 1, 1, 1, 1
7.481520000000001, 1, 0, 1, 1, 1, 1, 1, 1
7.482590000000001, 1, 0, 0, 1, 1, 1, 1, 1
7.482850000000001, 1, 0, 1, 1, 1, 1, 1, 1
7.483010000000001, 1, 0, 0, 1, 1, 1, 1, 1
7.483060000000001, 1, 0, 1, 1, 1, 1, 1, 1
7.483120000000000, 1, 0, 0, 1, 1, 1, 1, 1
7.483220000000000, 1, 0, 1, 1, 1, 1, 1, 1
7.483280000000001, 1, 0, 0, 1, 1, 1, 1, 1
7.483430000000000, 1, 0, 1, 1, 1, 1, 1, 1
7.483480000000001, 1, 0, 0, 1, 1, 1, 1, 1
7.483540000000001, 1, 0, 1, 1, 1, 1, 1, 1
7.484720000000000, 1, 0, 0, 1, 1, 1, 1, 1
7.484770000000001, 1, 0, 1, 1, 1, 1, 1, 1
7.484820000000001, 1, 0, 0, 1, 1, 1, 1, 1
7.485190000000000, 1, 0, 1, 1, 1, 1, 1, 1
7.485260000000000, 1, 0, 0, 1, 1, 1, 1, 1
7.485670000000001, 1, 0, 1, 1, 1, 1, 1, 1
7.486710000000000, 1, 0, 0, 1, 1, 1, 1, 1
7.486770000000001, 1, 0, 1, 1, 1, 1, 1, 1
7.486820000000001, 1, 0, 0, 1, 1, 1, 1, 1
7.486920000000000, 1, 0, 1, 1, 1, 1, 1, 1
7.486970000000000, 1, 0, 0, 1, 1, 1, 1, 1
7.487180000000000, 1, 0, 1, 1, 1, 1, 1, 1
7.526720000000001, 1, 0, 0, 1, 1, 1, 1, 1
7.527650000000000, 1, 0, 1, 1, 1, 1, 1, 1
7.528700000000001, 1, 0, 0, 1, 1, 1, 1, 1
7.529170000000001, 1, 0, 1, 1, 1, 1, 1, 1
7.529230000000001, 1, 0, 0, 1, 1, 1, 1, 1
7.529330000000001, 1, 0, 1, 1, 1, 1, 1, 1
7.529380000000001, 1, 0, 0, 1, 1, 1, 1, 1
7.529490000000001, 1, 0, 1, 1, 1, 1, 1, 1
7.529590000000001, 1, 0, 0, 1, 1, 1, 1, 1
7.529640000000001, 1, 0, 1, 1, 1, 1, 1, 1
7.530720000000001, 1, 0, 0, 1, 1, 1, 1, 1
7.530770000000000, 1, 0, 1, 1, 1, 1, 1, 1
7.530820000000000, 1, 0, 0, 1, 1, 1, 1, 1
7.531190000000000, 1, 0, 1, 1, 1, 1, 1, 1
7.531250000000001, 1, 0, 0, 1, 1, 1, 1, 1
7.531350000000001, 1, 0, 1, 1, 1, 1, 1, 1
7.531410000000001, 1, 0, 0, 1, 1, 1, 1, 1
7.531720000000001, 1, 0, 1, 1, 1, 1, 1, 1
7.532700000000000, 1, 0, 0, 1, 1, 1, 1, 1
7.532810000000000, 1, 0, 1, 1, 1, 1, 1, 1
7.533020000000000, 1, 0, 0, 1, 1, 1, 1, 1
7.533170000000001, 1, 0, 1, 1, 1, 1, 1, 1
7.550840000000001, 1, 0, 0, 1, 1, 1, 1, 1
7.551770000000000, 1, 0, 1, 1, 1, 1, 1, 1
7.552840000000001, 1, 0, 0, 1, 1, 1, 1, 1
7.552890000000001, 1, 0, 1, 1, 1, 1, 1, 1
7.553100000000001, 1, 0, 0, 1, 1, 1, 1, 1
7.553150000000000, 1, 0, 1, 1, 1, 1, 1, 1
7.553260000000001, 1, 0, 0, 1, 1, 1, 1, 1
7.553310000000001, 1, 0, 1, 1, 1, 1, 1, 1
7.553380000000001, 1, 0, 0, 1, 1, 1, 1, 1
7.553480000000000, 1, 0, 1, 1, 1, 1, 1, 1
7.553530000000000, 1, 0, 0, 1, 1, 1, 1, 1
7.553740000000000, 1, 0, 1, 1, 1, 1, 1, 1
7.555000000000001, 1, 0, 0, 1, 1, 1, 1, 1
7.555050000000000, 1, 0, 1, 1, 1, 1, 1, 1
7.555110000000001, 1, 0, 0, 1, 1, 1, 1, 1
7.555470000000001, 1, 0, 1, 1, 1, 1, 1, 1
7.555530000000001, 1, 0, 0, 1, 1, 1, 1, 1
7.555950000000001, 1, 0, 1, 1, 1, 1, 1, 1
7.556960000000001, 1, 0, 0, 1, 1, 1, 1, 1
7.557010000000001, 1, 0, 1, 1, 1, 1, 1, 1
7.557060000000001, 1, 0, 0, 1, 1, 1, 1, 1
7.557160000000001, 1, 0, 1, 1, 1, 1, 1, 1
7.557370000000001, 1, 0, 0, 1, 1, 1, 1, 1
7.557420000000000, 1, 0, 1, 1, 1, 1, 1, 1
7.596740000000000, 1, 0, 0, 1, 1, 1, 1, 1
7.597670000000001, 1, 0, 1, 1, 1, 1, 1, 1
7.598720000000001, 1, 0, 0, 1, 1, 1, 1, 1
7.599190000000001, 1, 0, 1, 1, 1, 1, 1, 1
7.599250000000001, 1, 0, 0, 1, 1, 1, 1, 1
7.599350000000000, 1, 0, 1, 1, 1, 1, 1, 1
7.599400000000001, 1, 0, 0, 1, 1, 1, 1, 1
7.599510000000000, 1, 0, 1, 1, 1, 1, 1, 1
7.599560000000000, 1, 0, 0, 1, 1, 1, 1, 1
7.599610000000000, 1, 0, 1, 1, 1, 1, 1, 1
7.600860000000001, 1, 0, 0, 1, 1, 1, 1, 1
7.600910000000001, 1, 0, 1, 1, 1, 1, 1, 1
7.600960000000001, 1, 0, 0, 1, 1, 1, 1, 1
7.601330000000001, 1, 0, 1, 1, 1, 1, 1, 1
7.601390000000000, 1, 0, 0, 1, 1, 1, 1, 1
7.601490000000001, 1, 0, 1, 1, 1, 1, 1, 1
7.601540000000001, 1, 0, 0, 1, 1, 1, 1, 1
7.601850000000001, 1, 0, 1, 1, 1, 1, 1, 1
7.602840000000000, 1, 0, 0, 1, 1, 1, 1, 1
7.602890000000000, 1, 0, 1, 1, 1, 1, 1, 1
7.602990000000001, 1, 0, 0, 1, 1, 1, 1, 1
7.603050000000001, 1, 0, 1, 1, 1, 1, 1, 1
7.603150000000000, 1, 0, 0, 1, 1, 1, 1, 1
7.603200000000000, 1, 0, 1, 1, 1, 1, 1, 1
7.620840000000000, 1, 0, 0, 1, 1, 1, 1, 1
7.621770000000001, 1, 0, 1, 1, 1, 1, 1, 1
7.622840000000001, 1, 0, 0, 1, 1, 1, 1, 1
7.622940000000001, 1, 0, 1, 1, 1, 1, 1, 1
7.623100000000001, 1, 0, 0, 1, 1, 1, 1, 1
7.623150000000001, 1, 0, 1, 1, 1, 1, 1, 1
7.623250000000001, 1, 0, 0, 1, 1, 1, 1, 1
7.623310000000001, 1, 0, 1, 1, 1, 1, 1, 1
7.623370000000000, 1, 0, 0, 1, 1, 1, 1, 1
7.623470000000000, 1, 0, 1, 1, 1, 1, 1, 1
7.623520000000001, 1, 0, 0, 1, 1, 1, 1, 1
7.623680000000000, 1, 0, 1, 1, 1, 1, 1, 1
7.625020000000001, 1, 0, 0, 1, 1, 1, 1, 1
7.625080000000001, 1, 0, 1, 1, 1, 1, 1, 1
7.625130000000000, 1, 0, 0, 1, 1, 1, 1, 1
7.625490000000001, 1, 0, 1, 1, 1, 1, 1, 1
7.625550000000000, 1, 0, 0, 1, 1, 1, 1, 1
7.625970000000001, 1, 0, 1, 1, 1, 1, 1, 1
7.627080000000000, 1, 0, 0, 1, 1, 1, 1, 1
7.627240000000000, 1, 0, 1, 1, 1, 1, 1, 1
7.627340000000000, 1, 0, 0, 1, 1, 1, 1, 1
7.627390000000001, 1, 0, 1, 1, 1, 1, 1, 1
7.627450000000001, 1, 0, 0, 1, 1, 1, 1, 1
7.627550000000000, 1, 0, 1, 1, 1, 1, 1, 1
7.666860000000001, 1, 0, 0, 1, 1, 1, 1, 1
7.667790000000001, 1, 0, 1, 1, 1, 1, 1, 1
7.668760000000001, 1, 0, 0, 1, 1, 1, 1, 1
7.669230000000001, 1, 0, 1, 1, 1, 1, 1, 1
7.669290000000001, 1, 0, 0, 1, 1, 1, 1, 1
7.669390000000001, 1, 0, 1, 1, 1, 1, 1, 1
7.669440000000001, 1, 0, 0, 1, 1, 1, 1, 1
7.669550000000001, 1, 0, 1, 1, 1, 1, 1, 1
7.670870000000001, 1, 0, 0, 1, 1, 1, 1, 1
7.670930000000000, 1, 0, 1, 1, 1, 1, 1, 1
7.670980000000001, 1, 0, 0, 1, 1, 1, 1, 1
7.671340000000001, 1, 0, 1, 1, 1, 1, 1, 1
7.671400000000000, 1, 0, 0, 1, 1, 1, 1, 1
7.671510000000000, 1, 0, 1, 1, 1, 1, 1, 1
7.671560000000000, 1, 0, 0, 1, 1, 1, 1, 1
7.671870000000000, 1, 0, 1, 1, 1, 1, 1, 1
7.672770000000001, 1, 0, 0, 1, 1, 1, 1, 1
7.672980000000001, 1, 0, 1, 1, 1, 1, 1, 1
7.673080000000001, 1, 0, 0, 1, 1, 1, 1, 1
7.673190000000001, 1, 0, 1, 1, 1, 1, 1, 1
7.690970000000001, 1, 0, 0, 1, 1, 1, 1, 1
7.691900000000000, 1, 0, 1, 1, 1, 1, 1, 1
7.692970000000001, 1, 0, 0, 1, 1, 1, 1, 1
7.693020000000001, 1, 0, 1, 1, 1, 1, 1, 1
7.693080000000001, 1, 0, 0, 1, 1, 1, 1, 1
7.693130000000001, 1, 0, 1, 1, 1, 1, 1, 1
7.693230000000001, 1, 0, 0, 1, 1, 1, 1, 1
7.693290000000001, 1, 0, 1, 1, 1, 1, 1, 1
7.693390000000001, 1, 0, 0, 1, 1, 1, 1, 1
7.693440000000001, 1, 0, 1, 1, 1, 1, 1, 1
7.693500000000000, 1, 0, 0, 1, 1, 1, 1, 1
7.693610000000001, 1, 0, 1, 1, 1, 1, 1, 1
7.693660000000000, 1, 0, 0, 1, 1, 1, 1, 1
7.693970000000000, 1, 0, 1, 1, 1, 1, 1, 1
7.695090000000000, 1, 0, 0, 1, 1, 1, 1, 1
7.695150000000001, 1, 0, 1, 1, 1, 1, 1, 1
7.695200000000001, 1, 0, 0, 1, 1, 1, 1, 1
7.695560000000000, 1, 0, 1, 1, 1, 1, 1, 1
7.695640000000001, 1, 0, 0, 1, 1, 1, 1, 1
7.696060000000001, 1, 0, 1, 1, 1, 1, 1, 1
7.697740000000000, 1, 0, 0, 1, 1, 1, 1, 1
7.697950000000001, 1, 0, 1, 1, 1, 1, 1, 1
7.698050000000000, 1, 0, 0, 1, 1, 1, 1, 1
7.698110000000001, 1, 0, 1, 1, 1, 1, 1, 1
7.737690000000001, 1, 0, 0, 1, 1, 1, 1, 1
7.738620000000001, 1, 0, 1, 1, 1, 1, 1, 1
7.739650000000001, 1, 0, 0, 1, 1, 1, 1, 1
7.740110000000000, 1, 0, 1, 1, 1, 1, 1, 1
7.740180000000001, 1, 0, 0, 1, 1, 1, 1, 1
7.740280000000000, 1, 0, 1, 1, 1, 1, 1, 1
7.740340000000001, 1, 0, 0, 1, 1, 1, 1, 1
7.740440000000000, 1, 0, 1, 1, 1, 1, 1, 1
7.740490000000000, 1, 0, 0, 1, 1, 1, 1, 1
7.740650000000000, 1, 0, 1, 1, 1, 1, 1, 1
7.741650000000001, 1, 0, 0, 1, 1, 1, 1, 1
7.741700000000001, 1, 0, 1, 1, 1, 1, 1, 1
7.741750000000001, 1, 0, 0, 1, 1, 1, 1, 1
7.742120000000001, 1, 0, 1, 1, 1, 1, 1, 1
7.742190000000001, 1, 0, 0, 1, 1, 1, 1, 1
7.742290000000001, 1, 0, 1, 1, 1, 1, 1, 1
7.742340000000000, 1, 0, 0, 1, 1, 1, 1, 1
7.742660000000001, 1, 0, 1, 1, 1, 1, 1, 1
7.743650000000001, 1, 0, 0, 1, 1, 1, 1, 1
7.743760000000001, 1, 0, 1, 1, 1, 1, 1, 1
7.743860000000001, 1, 0, 0, 1, 1, 1, 1, 1
7.743910000000001, 1, 0, 1, 1, 1, 1, 1, 1
7.743970000000001, 1, 0, 0, 1, 1, 1, 1, 1
7.744020000000001, 1, 0, 1, 1, 1, 1, 1, 1
7.744070000000001, 1, 0, 0, 1, 1, 1, 1, 1
7.744120000000001, 1, 0, 1, 1, 1, 1, 1, 1
7.761770000000000, 1, 0, 0, 1, 1, 1, 1, 1
7.762700000000001, 1, 0, 1, 1, 1, 1, 1, 1
7.763800000000001, 1, 0, 0, 1, 1, 1, 1, 1
7.763960000000001, 1, 0, 1, 1, 1, 1, 1, 1
7.764060000000001, 1, 0, 0, 1, 1, 1, 1, 1
7.764110000000001, 1, 0, 1, 1, 1, 1, 1, 1
7.764220000000001, 1, 0, 0, 1, 1, 1, 1, 1
7.764270000000001, 1, 0, 1, 1, 1, 1, 1, 1
7.764330000000001, 1, 0, 0, 1, 1, 1, 1, 1
7.764430000000001, 1, 0, 1, 1, 1, 1, 1, 1
7.764490000000000, 1, 0, 0, 1, 1, 1, 1, 1
7.764640000000001, 1, 0, 1, 1, 1, 1, 1, 1
7.764700000000000, 1, 0, 0, 1, 1, 1, 1, 1
7.764800000000001, 1, 0, 1, 1, 1, 1, 1, 1
7.765790000000001, 1, 0, 0, 1, 1, 1, 1, 1
7.765840000000001, 1, 0, 1, 1, 1, 1, 1, 1
7.765890000000001, 1, 0, 0, 1, 1, 1, 1, 1
7.766260000000001, 1, 0, 1, 1, 1, 1, 1, 1
7.766320000000000, 1, 0, 0, 1, 1, 1, 1, 1
7.766740000000000, 1, 0, 1, 1, 1, 1, 1, 1
7.767920000000001, 1, 0, 0, 1, 1, 1, 1, 1
7.767970000000001, 1, 0, 1, 1, 1, 1, 1, 1
7.768020000000001, 1, 0, 0, 1, 1, 1, 1, 1
7.768070000000001, 1, 0, 1, 1, 1, 1, 1, 1
7.768180000000001, 1, 0, 0, 1, 1, 1, 1, 1
7.768330000000001, 1, 0, 1, 1, 1, 1, 1, 1
7.807930000000001, 1, 0, 0, 1, 1, 1, 1, 1
7.808860000000001, 1, 0, 1, 1, 1, 1, 1, 1
7.809920000000001, 1, 0, 0, 1, 1, 1, 1, 1
7.810390000000001, 1, 0, 1, 1, 1, 1, 1, 1
7.810450000000000, 1, 0, 0, 1, 1, 1, 1, 1
7.810550000000001, 1, 0, 1, 1, 1, 1, 1, 1
7.810600000000001, 1, 0, 0, 1, 1, 1, 1, 1
7.810710000000000, 1, 0, 1, 1, 1, 1, 1, 1
7.810810000000001, 1, 0, 0, 1, 1, 1, 1, 1
7.810910000000001, 1, 0, 1, 1, 1, 1, 1, 1
7.811880000000000, 1, 0, 0, 1, 1, 1, 1, 1
7.811930000000000, 1, 0, 1, 1, 1, 1, 1, 1
7.811980000000001, 1, 0, 0, 1, 1, 1, 1, 1
7.812350000000000, 1, 0, 1, 1, 1, 1, 1, 1
7.812410000000001, 1, 0, 0, 1, 1, 1, 1, 1
7.812520000000001, 1, 0, 1, 1, 1, 1, 1, 1
7.812570000000001, 1, 0, 0, 1, 1, 1, 1, 1
7.812880000000001, 1, 0, 1, 1, 1, 1, 1, 1
7.813920000000000, 1, 0, 0, 1, 1, 1, 1, 1
7.813970000000000, 1, 0, 1, 1, 1, 1, 1, 1
7.814020000000001, 1, 0, 0, 1, 1, 1, 1, 1
7.814070000000001, 1, 0, 1, 1, 1, 1, 1, 1
7.814120000000001, 1, 0, 0, 1, 1, 1, 1, 1
7.814180000000000, 1, 0, 1, 1, 1, 1, 1, 1
7.814230000000000, 1, 0, 0, 1, 1, 1, 1, 1
7.814380000000001, 1, 0, 1, 1, 1, 1, 1, 1
7.831890000000000, 1, 0, 0, 1, 1, 1, 1, 1
7.832820000000001, 1, 0, 1, 1, 1, 1, 1, 1
7.834030000000000, 1, 0, 0, 1, 1, 1, 1, 1
7.834080000000001, 1, 0, 1, 1, 1, 1, 1, 1
7.834190000000000, 1, 0, 0, 1, 1, 1, 1, 1
7.834240000000000, 1, 0, 1, 1, 1, 1, 1, 1
7.834290000000000, 1, 0, 0, 1, 1, 1, 1, 1
7.834340000000001, 1, 0, 1, 1, 1, 1, 1, 1
7.834450000000000, 1, 0, 0, 1, 1, 1, 1, 1
7.834500000000000, 1, 0, 1, 1, 1, 1, 1, 1
7.834580000000001, 1, 0, 0, 1, 1, 1, 1, 1
7.834680000000001, 1, 0, 1, 1, 1, 1, 1, 1
7.834740000000001, 1, 0, 0, 1, 1, 1, 1, 1
7.834940000000000, 1, 0, 1, 1, 1, 1, 1, 1
7.835000000000001, 1, 0, 0, 1, 1, 1, 1, 1
7.835050000000001, 1, 0, 1, 1, 1, 1, 1, 1
7.836030000000001, 1, 0, 0, 1, 1, 1, 1, 1
7.836090000000000, 1, 0, 1, 1, 1, 1, 1, 1
7.836140000000000, 1, 0, 0, 1, 1, 1, 1, 1
7.836500000000001, 1, 0, 1, 1, 1, 1, 1, 1
7.836560000000000, 1, 0, 0, 1, 1, 1, 1, 1
7.836980000000001, 1, 0, 1, 1, 1, 1, 1, 1
7.838160000000000, 1, 0, 0, 1, 1, 1, 1, 1
7.838270000000001, 1, 0, 1, 1, 1, 1, 1, 1
7.838320000000000, 1, 0, 0, 1, 1, 1, 1, 1
7.838370000000000, 1, 0, 1, 1, 1, 1, 1, 1
7.838420000000001, 1, 0, 0, 1, 1, 1, 1, 1
7.838480000000001, 1, 0, 1, 1, 1, 1, 1, 1
7.838530000000000, 1, 0, 0, 1, 1, 1, 1, 1
7.838630000000000, 1, 0, 1, 1, 1, 1, 1, 1
7.877940000000001, 1, 0, 0, 1, 1, 1, 1, 1
7.878870000000001, 1, 0, 1, 1, 1, 1, 1, 1
7.879900000000001, 1, 0, 0, 1, 1, 1, 1, 1
7.880370000000001, 1, 0, 1, 1, 1, 1, 1, 1
7.880430000000000, 1, 0, 0, 1, 1, 1, 1, 1
7.880540000000001, 1, 0, 1, 1, 1, 1, 1, 1
7.880590000000001, 1, 0, 0, 1, 1, 1, 1, 1
7.880690000000000, 1, 0, 1, 1, 1, 1, 1, 1
7.880740000000000, 1, 0, 0, 1, 1, 1, 1, 1
7.880800000000001, 1, 0, 1, 1, 1, 1, 1, 1
7.880850000000001, 1, 0, 0, 1, 1, 1, 1, 1
7.880900000000000, 1, 0, 1, 1, 1, 1, 1, 1
7.881900000000001, 1, 0, 0, 1, 1, 1, 1, 1
7.881950000000001, 1, 0, 1, 1, 1, 1, 1, 1
7.882000000000001, 1, 0, 0, 1, 1, 1, 1, 1
7.882370000000001, 1, 0, 1, 1, 1, 1, 1, 1
7.882440000000001, 1, 0, 0, 1, 1, 1, 1, 1
7.882540000000001, 1, 0, 1, 1, 1, 1, 1, 1
7.882590000000000, 1, 0, 0, 1, 1, 1, 1, 1
7.882910000000001, 1, 0, 1, 1, 1, 1, 1, 1
7.883910000000001, 1, 0, 0, 1, 1, 1, 1, 1
7.884170000000001, 1, 0, 1, 1, 1, 1, 1, 1
7.884220000000001, 1, 0, 0, 1, 1, 1, 1, 1
7.884280000000000, 1, 0, 1, 1, 1, 1, 1, 1
7.902010000000001, 1, 0, 0, 1, 1, 1, 1, 1
7.902940000000001, 1, 0, 1, 1, 1, 1, 1, 1
7.904040000000001, 1, 0, 0, 1, 1, 1, 1, 1
7.904140000000001, 1, 0, 1, 1, 1, 1, 1, 1
7.904190000000001, 1, 0, 0, 1, 1, 1, 1, 1
7.904240000000001, 1, 0, 1, 1, 1, 1, 1, 1
7.904300000000001, 1, 0, 0, 1, 1, 1, 1, 1
7.904350000000001, 1, 0, 1, 1, 1, 1, 1, 1
7.904450000000001, 1, 0, 0, 1, 1, 1, 1, 1
7.904510000000001, 1, 0, 1, 1, 1, 1, 1, 1
7.904580000000001, 1, 0, 0, 1, 1, 1, 1, 1
7.904690000000000, 1, 0, 1, 1, 1, 1, 1, 1
7.904740000000000, 1, 0, 0, 1, 1, 1, 1, 1
7.904900000000000, 1, 0, 1, 1, 1, 1, 1, 1
7.905000000000000, 1, 0, 0, 1, 1, 1, 1, 1
7.905050000000001, 1, 0, 1, 1, 1, 1, 1, 1
7.905990000000001, 1, 0, 0, 1, 1, 1, 1, 1
7.906040000000001, 1, 0, 1, 1, 1, 1, 1, 1
7.906090000000001, 1, 0, 0, 1, 1, 1, 1, 1
7.906460000000001, 1, 0, 1, 1, 1, 1, 1, 1
7.906520000000000, 1, 0, 0, 1, 1, 1, 1, 1
7.906930000000001, 1, 0, 1, 1, 1, 1, 1, 1
7.908160000000001, 1, 0, 0, 1, 1, 1, 1, 1
7.908210000000000, 1, 0, 1, 1, 1, 1, 1, 1
7.908580000000001, 1, 0, 0, 1, 1, 1, 1, 1
7.908630000000000, 1, 0, 1, 1, 1, 1, 1, 1
7.948060000000001, 1, 0, 0, 1, 1, 1, 1, 1
7.948990000000000, 1, 0, 1, 1, 1, 1, 1, 1
7.950020000000000, 1, 0, 0, 1, 1, 1, 1, 1
7.950490000000000, 1, 0, 1, 1, 1, 1, 1, 1
7.950560000000000, 1, 0, 0, 1, 1, 1, 1, 1
7.950660000000001, 1, 0, 1, 1, 1, 1, 1, 1
7.950710000000001, 1, 0, 0, 1, 1, 1, 1, 1
7.950820000000000, 1, 0, 1, 1, 1, 1, 1, 1
7.950970000000001, 1, 0, 0, 1, 1, 1, 1, 1
7.951030000000000, 1, 0, 1, 1, 1, 1, 1, 1
7.952010000000000, 1, 0, 0, 1, 1, 1, 1, 1
7.952070000000001, 1, 0, 1, 1, 1, 1, 1, 1
7.952120000000001, 1, 0, 0, 1, 1, 1, 1, 1
7.952480000000000, 1, 0, 1, 1, 1, 1, 1, 1
7.952560000000001, 1, 0, 0, 1, 1, 1, 1, 1
7.952670000000000, 1, 0, 1, 1, 1, 1, 1, 1
7.952720000000000, 1, 0, 0, 1, 1, 1, 1, 1
7.953030000000001, 1, 0, 1, 1, 1, 1, 1, 1
7.954030000000000, 1, 0, 0, 1, 1, 1, 1, 1
7.954080000000000, 1, 0, 1, 1, 1, 1, 1, 1
7.954190000000001, 1, 0, 0, 1, 1, 1, 1, 1
7.954290000000000, 1, 0, 1, 1, 1, 1, 1, 1
7.954340000000001, 1, 0, 0, 1, 1, 1, 1, 1
7.954450000000000, 1, 0, 1, 1, 1, 1, 1, 1
7.972140000000000, 1, 0, 0, 1, 1, 1, 1, 1
7.973070000000001, 1, 0, 1, 1, 1, 1, 1, 1
7.974170000000001, 1, 0, 0, 1, 1, 1, 1, 1
7.974220000000001, 1, 0, 1, 1, 1, 1, 1, 1
7.974280000000000, 1, 0, 0, 1, 1, 1, 1, 1
7.974380000000001, 1, 0, 1, 1, 1, 1, 1, 1
7.974430000000001, 1, 0, 0, 1, 1, 1, 1, 1
7.974480000000001, 1, 0, 1, 1, 1, 1, 1, 1
7.974590000000001, 1, 0, 0, 1, 1, 1, 1, 1
7.974640000000001, 1, 0, 1, 1, 1, 1, 1, 1
7.974700000000000, 1, 0, 0, 1, 1, 1, 1, 1
7.974810000000001, 1, 0, 1, 1, 1, 1, 1, 1
7.974860000000001, 1, 0, 0, 1, 1, 1, 1, 1
7.975120000000000, 1, 0, 1, 1, 1, 1, 1, 1
7.976160000000001, 1, 0, 0, 1, 1, 1, 1, 1
7.976210000000001, 1, 0, 1, 1, 1, 1, 1, 1
7.976260000000001, 1, 0, 0, 1, 1, 1, 1, 1
7.976630000000001, 1, 0, 1, 1, 1, 1, 1, 1
7.976690000000001, 1, 0, 0, 1, 1, 1, 1, 1
7.977100000000001, 1, 0, 1, 1, 1, 1, 1, 1
7.978290000000000, 1, 0, 0, 1, 1, 1, 1, 1
7.978340000000000, 1, 0, 1, 1, 1, 1, 1, 1
7.978450000000000, 1, 0, 0, 1, 1, 1, 1, 1
7.978500000000000, 1, 0, 1, 1, 1, 1, 1, 1
7.978550000000000, 1, 0, 0, 1, 1, 1, 1, 1
7.978710000000000, 1, 0, 1, 1, 1, 1, 1, 1
8.018190000000001, 1, 0, 0, 1, 1, 1, 1, 1
8.019120000000001, 1, 0, 1, 1, 1, 1, 1, 1
8.020170000000000, 1, 0, 0, 1, 1, 1, 1, 1
8.020640000000000, 1, 0, 1, 1, 1, 1, 1, 1
8.020700000000001, 1, 0, 0, 1, 1, 1, 1, 1
8.020810000000001, 1, 0, 1, 1, 1, 1, 1, 1
8.020860000000001, 1, 0, 0, 1, 1, 1, 1, 1
8.020960000000001, 1, 0, 1, 1, 1, 1, 1, 1
8.021010000000000, 1, 0, 0, 1, 1, 1, 1, 1
8.021120000000000, 1, 0, 1, 1, 1, 1, 1, 1
8.022140000000000, 1, 0, 0, 1, 1, 1, 1, 1
8.022200000000000, 1, 0, 1, 1, 1, 1, 1, 1
8.022250000000001, 1, 0, 0, 1, 1, 1, 1, 1
8.022610000000000, 1, 0, 1, 1, 1, 1, 1, 1
8.022690000000001, 1, 0, 0, 1, 1, 1, 1, 1
8.022790000000001, 1, 0, 1, 1, 1, 1, 1, 1
8.022840000000000, 1, 0, 0, 1, 1, 1, 1, 1
8.023160000000001, 1, 0, 1, 1, 1, 1, 1, 1
8.024260000000000, 1, 0, 0, 1, 1, 1, 1, 1
8.024310000000000, 1, 0, 1, 1, 1, 1, 1, 1
8.024360000000001, 1, 0, 0, 1, 1, 1, 1, 1
8.024410000000001, 1, 0, 1, 1, 1, 1, 1, 1
8.024570000000001, 1, 0, 0, 1, 1, 1, 1, 1
8.024620000000001, 1, 0, 1, 1, 1, 1, 1, 1
8.024680000000000, 1, 0, 0, 1, 1, 1, 1, 1
8.024730000000000, 1, 0, 1, 1, 1, 1, 1, 1
8.042370000000000, 1, 0, 0, 1, 1, 1, 1, 1
8.043300000000000, 1, 0, 1, 1, 1, 1, 1, 1
8.044390000000000, 1, 0, 0, 1, 1, 1, 1, 1
8.044600000000001, 1, 0, 1, 1, 1, 1, 1, 1
8.044650000000001, 1, 0, 0, 1, 1, 1, 1, 1
8.044710000000000, 1, 0, 1, 1, 1, 1, 1, 1
8.044810000000000, 1, 0, 0, 1, 1, 1, 1, 1
8.044860000000000, 1, 0, 1, 1, 1, 1, 1, 1
8.044920000000001, 1, 0, 0, 1, 1, 1, 1, 1
8.045030000000001, 1, 0, 1, 1, 1, 1, 1, 1
8.045080000000000, 1, 0, 0, 1, 1, 1, 1, 1
8.045240000000002, 1, 0, 1, 1, 1, 1, 1, 1
8.045290000000001, 1, 0, 0, 1, 1, 1, 1, 1
8.045340000000001, 1, 0, 1, 1, 1, 1, 1, 1
8.046400000000000, 1, 0, 0, 1, 1, 1, 1, 1
8.046450000000000, 1, 0, 1, 1, 1, 1, 1, 1
8.046510000000001, 1, 0, 0, 1, 1, 1, 1, 1
8.046870000000000, 1, 0, 1, 1, 1, 1, 1, 1
8.046930000000001, 1, 0, 0, 1, 1, 1, 1, 1
8.047350000000000, 1, 0, 1, 1, 1, 1, 1, 1
8.048520000000000, 1, 0, 0, 1, 1, 1, 1, 1
8.048630000000001, 1, 0, 1, 1, 1, 1, 1, 1
8.048840000000000, 1, 0, 0, 1, 1, 1, 1, 1
8.048890000000000, 1, 0, 1, 1, 1, 1, 1, 1
8.088300000000000, 1, 0, 0, 1, 1, 1, 1, 1
8.089230000000001, 1, 0, 1, 1, 1, 1, 1, 1
8.090270000000000, 1, 0, 0, 1, 1, 1, 1, 1
8.090740000000000, 1, 0, 1, 1, 1, 1, 1, 1
8.090800000000002, 1, 0, 0, 1, 1, 1, 1, 1
8.090910000000001, 1, 0, 1, 1, 1, 1, 1, 1
8.090960000000001, 1, 0, 0, 1, 1, 1, 1, 1
8.091060000000001, 1, 0, 1, 1, 1, 1, 1, 1
8.091170000000000, 1, 0, 0, 1, 1, 1, 1, 1
8.091220000000000, 1, 0, 1, 1, 1, 1, 1, 1
8.092380000000000, 1, 0, 0, 1, 1, 1, 1, 1
8.092430000000000, 1, 0, 1, 1, 1, 1, 1, 1
8.092480000000000, 1, 0, 0, 1, 1, 1, 1, 1
8.092850000000000, 1, 0, 1, 1, 1, 1, 1, 1
8.092910000000000, 1, 0, 0, 1, 1, 1, 1, 1
8.093010000000001, 1, 0, 1, 1, 1, 1, 1, 1
8.093070000000001, 1, 0, 0, 1, 1, 1, 1, 1
8.093380000000000, 1, 0, 1, 1, 1, 1, 1, 1
8.094410000000000, 1, 0, 0, 1, 1, 1, 1, 1
8.094520000000001, 1, 0, 1, 1, 1, 1, 1, 1
8.094730000000000, 1, 0, 0, 1, 1, 1, 1, 1
8.094880000000000, 1, 0, 1, 1, 1, 1, 1, 1
8.112370000000000, 1, 0, 0, 1, 1, 1, 1, 1
8.113300000000001, 1, 0, 1, 1, 1, 1, 1, 1
8.114410000000001, 1, 0, 0, 1, 1, 1, 1, 1
8.114460000000001, 1, 0, 1, 1, 1, 1, 1, 1
8.114620000000000, 1, 0, 0, 1, 1, 1, 1, 1
8.114720000000000, 1, 0, 1, 1, 1, 1, 1, 1
8.114830000000001, 1, 0, 0, 1, 1, 1, 1, 1
8.114880000000001, 1, 0, 1, 1, 1, 1, 1, 1
8.114940000000001, 1, 0, 0, 1, 1, 1, 1, 1
8.115040000000000, 1, 0, 1, 1, 1, 1, 1, 1
8.115100000000000, 1, 0, 0, 1, 1, 1, 1, 1
8.115300000000001, 1, 0, 1, 1, 1, 1, 1, 1
8.116350000000001, 1, 0, 0, 1, 1, 1, 1, 1
8.116400000000001, 1, 0, 1, 1, 1, 1, 1, 1
8.116460000000000, 1, 0, 0, 1, 1, 1, 1, 1
8.116820000000001, 1, 0, 1, 1, 1, 1, 1, 1
8.116890000000001, 1, 0, 0, 1, 1, 1, 1, 1
8.117300000000000, 1, 0, 1, 1, 1, 1, 1, 1
8.118650000000001, 1, 0, 0, 1, 1, 1, 1, 1
8.118700000000000, 1, 0, 1, 1, 1, 1, 1, 1
8.118750000000000, 1, 0, 0, 1, 1, 1, 1, 1
8.118860000000002, 1, 0, 1, 1, 1, 1, 1, 1
8.118910000000001, 1, 0, 0, 1, 1, 1, 1, 1
8.119010000000001, 1, 0, 1, 1, 1, 1, 1, 1
8.158160000000001, 1, 0, 0, 1, 1, 1, 1, 1
8.159090000000001, 1, 0, 1, 1, 1, 1, 1, 1
8.160140000000000, 1, 0, 0, 1, 1, 1, 1, 1
8.160610000000000, 1, 0, 1, 1, 1, 1, 1, 1
8.160670000000001, 1, 0, 0, 1, 1, 1, 1, 1
8.160770000000001, 1, 0, 1, 1, 1, 1, 1, 1
8.160830000000001, 1, 0, 0, 1, 1, 1, 1, 1
8.160930000000000, 1, 0, 1, 1, 1, 1, 1, 1
8.160980000000000, 1, 0, 0, 1, 1, 1, 1, 1
8.161030000000000, 1, 0, 1, 1, 1, 1, 1, 1
8.162090000000001, 1, 0, 0, 1, 1, 1, 1, 1
8.162140000000001, 1, 0, 1, 1, 1, 1, 1, 1
8.162190000000001, 1, 0, 0, 1, 1, 1, 1, 1
8.162560000000001, 1, 0, 1, 1, 1, 1, 1, 1
8.162630000000000, 1, 0, 0, 1, 1, 1, 1, 1
8.162740000000001, 1, 0, 1, 1, 1, 1, 1, 1
8.162790000000001, 1, 0, 0, 1, 1, 1, 1, 1
8.163100000000000, 1, 0, 1, 1, 1, 1, 1, 1
8.164310000000000, 1, 0, 0, 1, 1, 1, 1, 1
8.164360000000000, 1, 0, 1, 1, 1, 1, 1, 1
8.164470000000001, 1, 0, 0, 1, 1, 1, 1, 1
8.164520000000001, 1, 0, 1, 1, 1, 1, 1, 1
8.164620000000001, 1, 0, 0, 1, 1, 1, 1, 1
8.164670000000001, 1, 0, 1, 1, 1, 1, 1, 1
8.182240000000000, 1, 0, 0, 1, 1, 1, 1, 1
8.183170000000000, 1, 0, 1, 1, 1, 1, 1, 1
8.184220000000000, 1, 0, 0, 1, 1, 1, 1, 1
8.184320000000001, 1, 0, 1, 1, 1, 1, 1, 1
8.184430000000001, 1, 0, 0, 1, 1, 1, 1, 1
8.184530000000001, 1, 0, 1, 1, 1, 1, 1, 1
8.184640000000000, 1, 0, 0, 1, 1, 1, 1, 1
8.184690000000000, 1, 0, 1, 1, 1, 1, 1, 1
8.184750000000001, 1, 0, 0, 1, 1, 1, 1, 1
8.184850000000001, 1, 0, 1, 1, 1, 1, 1, 1
8.184910000000000, 1, 0, 0, 1, 1, 1, 1, 1
8.185060000000000, 1, 0, 1, 1, 1, 1, 1, 1
8.186420000000000, 1, 0, 0, 1, 1, 1, 1, 1
8.186470000000000, 1, 0, 1, 1, 1, 1, 1, 1
8.186520000000000, 1, 0, 0, 1, 1, 1, 1, 1
8.186890000000000, 1, 0, 1, 1, 1, 1, 1, 1
8.186950000000001, 1, 0, 0, 1, 1, 1, 1, 1
8.187360000000000, 1, 0, 1, 1, 1, 1, 1, 1
8.188380000000000, 1, 0, 0, 1, 1, 1, 1, 1
8.188540000000001, 1, 0, 1, 1, 1, 1, 1, 1
8.188700000000001, 1, 0, 0, 1, 1, 1, 1, 1
8.188800000000001, 1, 0, 1, 1, 1, 1, 1, 1
8.229080000000002, 1, 0, 0, 1, 1, 1, 1, 1
8.230010000000000, 1, 0, 1, 1, 1, 1, 1, 1
8.231060000000001, 1, 0, 0, 1, 1, 1, 1, 1
8.231530000000001, 1, 0, 1, 1, 1, 1, 1, 1
8.231620000000001, 1, 0, 0, 1, 1, 1, 1, 1
8.231730000000001, 1, 0, 1, 1, 1, 1, 1, 1
8.231780000000001, 1, 0, 0, 1, 1, 1, 1, 1
8.231890000000000, 1, 0, 1, 1, 1, 1, 1, 1
8.233030000000001, 1, 0, 0, 1, 1, 1, 1, 1
8.233080000000001, 1, 0, 1, 1, 1, 1, 1, 1
8.233130000000001, 1, 0, 0, 1, 1, 1, 1, 1
8.233500000000001, 1, 0, 1, 1, 1, 1, 1, 1
8.233560000000001, 1, 0, 0, 1, 1, 1, 1, 1
8.233660000000000, 1, 0, 1, 1, 1, 1, 1, 1
8.233710000000000, 1, 0, 0, 1, 1, 1, 1, 1
8.234030000000001, 1, 0, 1, 1, 1, 1, 1, 1
8.235010000000001, 1, 0, 0, 1, 1, 1, 1, 1
8.235220000000000, 1, 0, 1, 1, 1, 1, 1, 1
8.235330000000001, 1, 0, 0, 1, 1, 1, 1, 1
8.235430000000001, 1, 0, 1, 1, 1, 1, 1, 1
8.253140000000000, 1, 0, 0, 1, 1, 1, 1, 1
8.254070000000000, 1, 0, 1, 1, 1, 1, 1, 1
8.255140000000001, 1, 0, 0, 1, 1, 1, 1, 1
8.255200000000000, 1, 0, 1, 1, 1, 1, 1, 1
8.255250000000000, 1, 0, 0, 1, 1, 1, 1, 1
8.255300000000000, 1, 0, 1, 1, 1, 1, 1, 1
8.255350000000000, 1, 0, 0, 1, 1, 1, 1, 1
8.255460000000001, 1, 0, 1, 1, 1, 1, 1, 1
8.255560000000001, 1, 0, 0, 1, 1, 1, 1, 1
8.255610000000001, 1, 0, 1, 1, 1, 1, 1, 1
8.255690000000001, 1, 0, 0, 1, 1, 1, 1, 1
8.255790000000001, 1, 0, 1, 1, 1, 1, 1, 1
8.255840000000001, 1, 0, 0, 1, 1, 1, 1, 1
8.256160000000001, 1, 0, 1, 1, 1, 1, 1, 1
8.257140000000001, 1, 0, 0, 1, 1, 1, 1, 1
8.257190000000001, 1, 0, 1, 1, 1, 1, 1, 1
8.257250000000001, 1, 0, 0, 1, 1, 1, 1, 1
8.257610000000001, 1, 0, 1, 1, 1, 1, 1, 1
8.257690000000000, 1, 0, 0, 1, 1, 1, 1, 1
8.258100000000001, 1, 0, 1, 1, 1, 1, 1, 1
8.259300000000001, 1, 0, 0, 1, 1, 1, 1, 1
8.259510000000001, 1, 0, 1, 1, 1, 1, 1, 1
8.259560000000000, 1, 0, 0, 1, 1, 1, 1, 1
8.259620000000000, 1, 0, 1, 1, 1, 1, 1, 1
8.259720000000002, 1, 0, 0, 1, 1, 1, 1, 1
8.259770000000001, 1, 0, 1, 1, 1, 1, 1, 1
8.299280000000001, 1, 0, 0, 1, 1, 1, 1, 1
8.300210000000000, 1, 0, 1, 1, 1, 1, 1, 1
8.301250000000001, 1, 0, 0, 1, 1, 1, 1, 1
8.301720000000001, 1, 0, 1, 1, 1, 1, 1, 1
8.301780000000001, 1, 0, 0, 1, 1, 1, 1, 1
8.301880000000001, 1, 0, 1, 1, 1, 1, 1, 1
8.301930000000000, 1, 0, 0, 1, 1, 1, 1, 1
8.302040000000000, 1, 0, 1, 1, 1, 1, 1, 1
8.302090000000002, 1, 0, 0, 1, 1, 1, 1, 1
8.302250000000001, 1, 0, 1, 1, 1, 1, 1, 1
8.303250000000000, 1, 0, 0, 1, 1, 1, 1, 1
8.303300000000000, 1, 0, 1, 1, 1, 1, 1, 1
8.303350000000000, 1, 0, 0, 1, 1, 1, 1, 1
8.303720000000000, 1, 0, 1, 1, 1, 1, 1, 1
8.303780000000001, 1, 0, 0, 1, 1, 1, 1, 1
8.303890000000001, 1, 0, 1, 1, 1, 1, 1, 1
8.303940000000001, 1, 0, 0, 1, 1, 1, 1, 1
8.304250000000001, 1, 0, 1, 1, 1, 1, 1, 1
8.305230000000000, 1, 0, 0, 1, 1, 1, 1, 1
8.305330000000001, 1, 0, 1, 1, 1, 1, 1, 1
8.305440000000001, 1, 0, 0, 1, 1, 1, 1, 1
8.305490000000001, 1, 0, 1, 1, 1, 1, 1, 1
8.305540000000001, 1, 0, 0, 1, 1, 1, 1, 1
8.305590000000000, 1, 0, 1, 1, 1, 1, 1, 1
8.305640000000000, 1, 0, 0, 1, 1, 1, 1, 1
8.305700000000000, 1, 0, 1, 1, 1, 1, 1, 1
8.323250000000000, 1, 0, 0, 1, 1, 1, 1, 1
8.324180000000000, 1, 0, 1, 1, 1, 1, 1, 1
8.325360000000000, 1, 0, 0, 1, 1, 1, 1, 1
8.325410000000002, 1, 0, 1, 1, 1, 1, 1, 1
8.325620000000001, 1, 0, 0, 1, 1, 1, 1, 1
8.325670000000001, 1, 0, 1, 1, 1, 1, 1, 1
8.325720000000000, 1, 0, 0, 1, 1, 1, 1, 1
8.325830000000000, 1, 0, 1, 1, 1, 1, 1, 1
8.325900000000001, 1, 0, 0, 1, 1, 1, 1, 1
8.326010000000000, 1, 0, 1, 1, 1, 1, 1, 1
8.326060000000000, 1, 0, 0, 1, 1, 1, 1, 1
8.326220000000001, 1, 0, 1, 1, 1, 1, 1, 1
8.326270000000001, 1, 0, 0, 1, 1, 1, 1, 1
8.326370000000001, 1, 0, 1, 1, 1, 1, 1, 1
8.327310000000001, 1, 0, 0, 1, 1, 1, 1, 1
8.327360000000001, 1, 0, 1, 1, 1, 1, 1, 1
8.327410000000000, 1, 0, 0, 1, 1, 1, 1, 1
8.327780000000001, 1, 0, 1, 1, 1, 1, 1, 1
8.327860000000001, 1, 0, 0, 1, 1, 1, 1, 1
8.328270000000000, 1, 0, 1, 1, 1, 1, 1, 1
8.329520000000000, 1, 0, 0, 1, 1, 1, 1, 1
8.329670000000000, 1, 0, 1, 1, 1, 1, 1, 1
8.329780000000001, 1, 0, 0, 1, 1, 1, 1, 1
8.329830000000001, 1, 0, 1, 1, 1, 1, 1, 1
8.329880000000001, 1, 0, 0, 1, 1, 1, 1, 1
8.329990000000000, 1, 0, 1, 1, 1, 1, 1, 1
8.369290000000001, 1, 0, 0, 1, 1, 1, 1, 1
8.370220000000002, 1, 0, 1, 1, 1, 1, 1, 1
8.371260000000001, 1, 0, 0, 1, 1, 1, 1, 1
8.371730000000001, 1, 0, 1, 1, 1, 1, 1, 1
8.371800000000000, 1, 0, 0, 1, 1, 1, 1, 1
8.371900000000000, 1, 0, 1, 1, 1, 1, 1, 1
8.371960000000001, 1, 0, 0, 1, 1, 1, 1, 1
8.372060000000001, 1, 0, 1, 1, 1, 1, 1, 1
8.372160000000001, 1, 0, 0, 1, 1, 1, 1, 1
8.372270000000000, 1, 0, 1, 1, 1, 1, 1, 1
8.373250000000001, 1, 0, 0, 1, 1, 1, 1, 1
8.373300000000000, 1, 0, 1, 1, 1, 1, 1, 1
8.373360000000000, 1, 0, 0, 1, 1, 1, 1, 1
8.373720000000000, 1, 0, 1, 1, 1, 1, 1, 1
8.373800000000001, 1, 0, 0, 1, 1, 1, 1, 1
8.373900000000001, 1, 0, 1, 1, 1, 1, 1, 1
8.373960000000000, 1, 0, 0, 1, 1, 1, 1, 1
8.374270000000001, 1, 0, 1, 1, 1, 1, 1, 1
8.375240000000002, 1, 0, 0, 1, 1, 1, 1, 1
8.375290000000001, 1, 0, 1, 1, 1, 1, 1, 1
8.375340000000001, 1, 0, 0, 1, 1, 1, 1, 1
8.375390000000001, 1, 0, 1, 1, 1, 1, 1, 1
8.375450000000001, 1, 0, 0, 1, 1, 1, 1, 1
8.375500000000001, 1, 0, 1, 1, 1, 1, 1, 1
8.375550000000000, 1, 0, 0, 1, 1, 1, 1, 1
8.375710000000002, 1, 0, 1, 1, 1, 1, 1, 1
8.393380000000001, 1, 0, 0, 1, 1, 1, 1, 1
8.394310000000001, 1, 0, 1, 1, 1, 1, 1, 1
8.395380000000001, 1, 0, 0, 1, 1, 1, 1, 1
8.395480000000001, 1, 0, 1, 1, 1, 1, 1, 1
8.395640000000000, 1, 0, 0, 1, 1, 1, 1, 1
8.395690000000000, 1, 0, 1, 1, 1, 1, 1, 1
8.395740000000000, 1, 0, 0, 1, 1, 1, 1, 1
8.395840000000002, 1, 0, 1, 1, 1, 1, 1, 1
8.395910000000001, 1, 0, 0, 1, 1, 1, 1, 1
8.396010000000000, 1, 0, 1, 1, 1, 1, 1, 1
8.396060000000000, 1, 0, 0, 1, 1, 1, 1, 1
8.396270000000001, 1, 0, 1, 1, 1, 1, 1, 1
8.396320000000001, 1, 0, 0, 1, 1, 1, 1, 1
8.396370000000001, 1, 0, 1, 1, 1, 1, 1, 1
8.397340000000000, 1, 0, 0, 1, 1, 1, 1, 1
8.397390000000001, 1, 0, 1, 1, 1, 1, 1, 1
8.397450000000001, 1, 0, 0, 1, 1, 1, 1, 1
8.397810000000002, 1, 0, 1, 1, 1, 1, 1, 1
8.397880000000001, 1, 0, 0, 1, 1, 1, 1, 1
8.398300000000001, 1, 0, 1, 1, 1, 1, 1, 1
8.399530000000000, 1, 0, 0, 1, 1, 1, 1, 1
8.399580000000000, 1, 0, 1, 1, 1, 1, 1, 1
8.439130000000000, 1, 0, 0, 1, 1, 1, 1, 1
8.440060000000001, 1, 0, 1, 1, 1, 1, 1, 1
8.441140000000001, 1, 0, 0, 1, 1, 1, 1, 1
8.441610000000001, 1, 0, 1, 1, 1, 1, 1, 1
8.441670000000000, 1, 0, 0, 1, 1, 1, 1, 1
8.441780000000001, 1, 0, 1, 1, 1, 1, 1, 1
8.441830000000001, 1, 0, 0, 1, 1, 1, 1, 1
8.441930000000001, 1, 0, 1, 1, 1, 1, 1, 1
8.441990000000001, 1, 0, 0, 1, 1, 1, 1, 1
8.442040000000000, 1, 0, 1, 1, 1, 1, 1, 1
8.442090000000000, 1, 0, 0, 1, 1, 1, 1, 1
8.442140000000000, 1, 0, 1, 1, 1, 1, 1, 1
8.443380000000001, 1, 0, 0, 1, 1, 1, 1, 1
8.443430000000001, 1, 0, 1, 1, 1, 1, 1, 1
8.443480000000001, 1, 0, 0, 1, 1, 1, 1, 1
8.443840000000002, 1, 0, 1, 1, 1, 1, 1, 1
8.443920000000000, 1, 0, 0, 1, 1, 1, 1, 1
8.444030000000001, 1, 0, 1, 1, 1, 1, 1, 1
8.444080000000001, 1, 0, 0, 1, 1, 1, 1, 1
8.444390000000000, 1, 0, 1, 1, 1, 1, 1, 1
8.445360000000001, 1, 0, 0, 1, 1, 1, 1, 1
8.445620000000000, 1, 0, 1, 1, 1, 1, 1, 1
8.445670000000002, 1, 0, 0, 1, 1, 1, 1, 1
8.445720000000001, 1, 0, 1, 1, 1, 1, 1, 1
8.463190000000001, 1, 0, 0, 1, 1, 1, 1, 1
8.464120000000001, 1, 0, 1, 1, 1, 1, 1, 1
8.465210000000001, 1, 0, 0, 1, 1, 1, 1, 1
8.465270000000000, 1, 0, 1, 1, 1, 1, 1, 1
8.465320000000000, 1, 0, 0, 1, 1, 1, 1, 1
8.465370000000000, 1, 0, 1, 1, 1, 1, 1, 1
8.465480000000001, 1, 0, 0, 1, 1, 1, 1, 1
8.465530000000001, 1, 0, 1, 1, 1, 1, 1, 1
8.465580000000001, 1, 0, 0, 1, 1, 1, 1, 1
8.465680000000001, 1, 0, 1, 1, 1, 1, 1, 1
8.465740000000000, 1, 0, 0, 1, 1, 1, 1, 1
8.465850000000001, 1, 0, 1, 1, 1, 1, 1, 1
8.465900000000001, 1, 0, 0, 1, 1, 1, 1, 1
8.466060000000001, 1, 0, 1, 1, 1, 1, 1, 1
8.466160000000000, 1, 0, 0, 1, 1, 1, 1, 1
8.466210000000000, 1, 0, 1, 1, 1, 1, 1, 1
8.467470000000000, 1, 0, 0, 1, 1, 1, 1, 1
8.467520000000000, 1, 0, 1, 1, 1, 1, 1, 1
8.467570000000000, 1, 0, 0, 1, 1, 1, 1, 1
8.467940000000000, 1, 0, 1, 1, 1, 1, 1, 1
8.468000000000000, 1, 0, 0, 1, 1, 1, 1, 1
8.468420000000000, 1, 0, 1, 1, 1, 1, 1, 1
8.469430000000001, 1, 0, 0, 1, 1, 1, 1, 1
8.469530000000001, 1, 0, 1, 1, 1, 1, 1, 1
8.469640000000000, 1, 0, 0, 1, 1, 1, 1, 1
8.469850000000001, 1, 0, 1, 1, 1, 1, 1, 1
8.511150000000001, 1, 0, 0, 1, 1, 1, 1, 1
8.512080000000001, 1, 0, 1, 1, 1, 1, 1, 1
8.513200000000001, 1, 0, 0, 1, 1, 1, 1, 1
8.513670000000001, 1, 0, 1, 1, 1, 1, 1, 1
8.513750000000000, 1, 0, 0, 1, 1, 1, 1, 1
8.513850000000001, 1, 0, 1, 1, 1, 1, 1, 1
8.513900000000001, 1, 0, 0, 1, 1, 1, 1, 1
8.514010000000001, 1, 0, 1, 1, 1, 1, 1, 1
8.514170000000000, 1, 0, 0, 1, 1, 1, 1, 1
8.514220000000000, 1, 0, 1, 1, 1, 1, 1, 1
8.515170000000001, 1, 0, 0, 1, 1, 1, 1, 1
8.515220000000001, 1, 0, 1, 1, 1, 1, 1, 1
8.515270000000001, 1, 0, 0, 1, 1, 1, 1, 1
8.515640000000001, 1, 0, 1, 1, 1, 1, 1, 1
8.515700000000001, 1, 0, 0, 1, 1, 1, 1, 1
8.515800000000000, 1, 0, 1, 1, 1, 1, 1, 1
8.515860000000000, 1, 0, 0, 1, 1, 1, 1, 1
8.516170000000001, 1, 0, 1, 1, 1, 1, 1, 1
8.517130000000000, 1, 0, 0, 1, 1, 1, 1, 1
8.517180000000002, 1, 0, 1, 1, 1, 1, 1, 1
8.517290000000001, 1, 0, 0, 1, 1, 1, 1, 1
8.517390000000001, 1, 0, 1, 1, 1, 1, 1, 1
8.517440000000001, 1, 0, 0, 1, 1, 1, 1, 1
8.517550000000000, 1, 0, 1, 1, 1, 1, 1, 1
8.535390000000001, 1, 0, 0, 1, 1, 1, 1, 1
8.536320000000000, 1, 0, 1, 1, 1, 1, 1, 1
8.537360000000001, 1, 0, 0, 1, 1, 1, 1, 1
8.537520000000001, 1, 0, 1, 1, 1, 1, 1, 1
8.537620000000000, 1, 0, 0, 1, 1, 1, 1, 1
8.537680000000000, 1, 0, 1, 1, 1, 1, 1, 1
8.537730000000000, 1, 0, 0, 1, 1, 1, 1, 1
8.537830000000001, 1, 0, 1, 1, 1, 1, 1, 1
8.537890000000001, 1, 0, 0, 1, 1, 1, 1, 1
8.538000000000000, 1, 0, 1, 1, 1, 1, 1, 1
8.538050000000000, 1, 0, 0, 1, 1, 1, 1, 1
8.538310000000001, 1, 0, 1, 1, 1, 1, 1, 1
8.539360000000000, 1, 0, 0, 1, 1, 1, 1, 1
8.539410000000000, 1, 0, 1, 1, 1, 1, 1, 1
8.539460000000000, 1, 0, 0, 1, 1, 1, 1, 1
8.539830000000000, 1, 0, 1, 1, 1, 1, 1, 1
8.539890000000002, 1, 0, 0, 1, 1, 1, 1, 1
8.540310000000000, 1, 0, 1, 1, 1, 1, 1, 1
8.541480000000000, 1, 0, 0, 1, 1, 1, 1, 1
8.541590000000001, 1, 0, 1, 1, 1, 1, 1, 1
8.541800000000000, 1, 0, 0, 1, 1, 1, 1, 1
8.541850000000000, 1, 0, 1, 1, 1, 1, 1, 1
8.541900000000000, 1, 0, 0, 1, 1, 1, 1, 1
8.541950000000000, 1, 0, 1, 1, 1, 1, 1, 1
8.581090000000001, 1, 0, 0, 1, 1, 1, 1, 1
8.582020000000000, 1, 0, 1, 1, 1, 1, 1, 1
8.583240000000000, 1, 0, 0, 1, 1, 1, 1, 1
8.583710000000000, 1, 0, 1, 1, 1, 1, 1, 1
8.583780000000001, 1, 0, 0, 1, 1, 1, 1, 1
8.583880000000001, 1, 0, 1, 1, 1, 1, 1, 1
8.583930000000001, 1, 0, 0, 1, 1, 1, 1, 1
8.584040000000000, 1, 0, 1, 1, 1, 1, 1, 1
8.584090000000002, 1, 0, 0, 1, 1, 1, 1, 1
8.584190000000001, 1, 0, 1, 1, 1, 1, 1, 1
8.585400000000000, 1, 0, 0, 1, 1, 1, 1, 1
8.585450000000002, 1, 0, 1, 1, 1, 1, 1, 1
8.585500000000001, 1, 0, 0, 1, 1, 1, 1, 1
8.585870000000000, 1, 0, 1, 1, 1, 1, 1, 1
8.585930000000001, 1, 0, 0, 1, 1, 1, 1, 1
8.586030000000001, 1, 0, 1, 1, 1, 1, 1, 1
8.586080000000001, 1, 0, 0, 1, 1, 1, 1, 1
8.586400000000001, 1, 0, 1, 1, 1, 1, 1, 1
8.587390000000001, 1, 0, 0, 1, 1, 1, 1, 1
8.587440000000001, 1, 0, 1, 1, 1, 1, 1, 1
8.587490000000001, 1, 0, 0, 1, 1, 1, 1, 1
8.587540000000001, 1, 0, 1, 1, 1, 1, 1, 1
8.587700000000000, 1, 0, 0, 1, 1, 1, 1, 1
8.587750000000002, 1, 0, 1, 1, 1, 1, 1, 1
8.587800000000001, 1, 0, 0, 1, 1, 1, 1, 1
8.587860000000001, 1, 0, 1, 1, 1, 1, 1, 1
8.605400000000001, 1, 0, 0, 1, 1, 1, 1, 1
8.606330000000002, 1, 0, 1, 1, 1, 1, 1, 1
8.607390000000001, 1, 0, 0, 1, 1, 1, 1, 1
8.607440000000000, 1, 0, 1, 1, 1, 1, 1, 1
8.607550000000002, 1, 0, 0, 1, 1, 1, 1, 1
8.607600000000001, 1, 0, 1, 1, 1, 1, 1, 1
8.607650000000001, 1, 0, 0, 1, 1, 1, 1, 1
8.607710000000001, 1, 0, 1, 1, 1, 1, 1, 1
8.607760000000001, 1, 0, 0, 1, 1, 1, 1, 1
8.607860000000001, 1, 0, 1, 1, 1, 1, 1, 1
8.607920000000000, 1, 0, 0, 1, 1, 1, 1, 1
8.608030000000001, 1, 0, 1, 1, 1, 1, 1, 1
8.608080000000001, 1, 0, 0, 1, 1, 1, 1, 1
8.608240000000000, 1, 0, 1, 1, 1, 1, 1, 1
8.608290000000000, 1, 0, 0, 1, 1, 1, 1, 1
8.608340000000000, 1, 0, 1, 1, 1, 1, 1, 1
8.609370000000000, 1, 0, 0, 1, 1, 1, 1, 1
8.609420000000000, 1, 0, 1, 1, 1, 1, 1, 1
8.609480000000001, 1, 0, 0, 1, 1, 1, 1, 1
8.609840000000000, 1, 0, 1, 1, 1, 1, 1, 1
8.609900000000001, 1, 0, 0, 1, 1, 1, 1, 1
8.610320000000002, 1, 0, 1, 1, 1, 1, 1, 1
8.611460000000001, 1, 0, 0, 1, 1, 1, 1, 1
8.611510000000001, 1, 0, 1, 1, 1, 1, 1, 1
8.611880000000001, 1, 0, 0, 1, 1, 1, 1, 1
8.611930000000001, 1, 0, 1, 1, 1, 1, 1, 1
8.651230000000000, 1, 0, 0, 1, 1, 1, 1, 1
8.652160000000000, 1, 0, 1, 1, 1, 1, 1, 1
8.653400000000001, 1, 0, 0, 1, 1, 1, 1, 1
8.653870000000001, 1, 0, 1, 1, 1, 1, 1, 1
8.653940000000000, 1, 0, 0, 1, 1, 1, 1, 1
8.654050000000002, 1, 0, 1, 1, 1, 1, 1, 1
8.654100000000001, 1, 0, 0, 1, 1, 1, 1, 1
8.654200000000001, 1, 0, 1, 1, 1, 1, 1, 1
8.654310000000001, 1, 0, 0, 1, 1, 1, 1, 1
8.654360000000000, 1, 0, 1, 1, 1, 1, 1, 1
8.655410000000000, 1, 0, 0, 1, 1, 1, 1, 1
8.655460000000001, 1, 0, 1, 1, 1, 1, 1, 1
8.655510000000001, 1, 0, 0, 1, 1, 1, 1, 1
8.655880000000002, 1, 0, 1, 1, 1, 1, 1, 1
8.655950000000001, 1, 0, 0, 1, 1, 1, 1, 1
8.656050000000000, 1, 0, 1, 1, 1, 1, 1, 1
8.656110000000000, 1, 0, 0, 1, 1, 1, 1, 1
8.656420000000001, 1, 0, 1, 1, 1, 1, 1, 1
8.657360000000001, 1, 0, 0, 1, 1, 1, 1, 1
8.657470000000000, 1, 0, 1, 1, 1, 1, 1, 1
8.657680000000001, 1, 0, 0, 1, 1, 1, 1, 1
8.657830000000001, 1, 0, 1, 1, 1, 1, 1, 1
8.675490000000000, 1, 0, 0, 1, 1, 1, 1, 1
8.676420000000000, 1, 0, 1, 1, 1, 1, 1, 1
8.677490000000001, 1, 0, 0, 1, 1, 1, 1, 1
8.677600000000000, 1, 0, 1, 1, 1, 1, 1, 1
8.677650000000000, 1, 0, 0, 1, 1, 1, 1, 1
8.677700000000002, 1, 0, 1, 1, 1, 1, 1, 1
8.677750000000001, 1, 0, 0, 1, 1, 1, 1, 1
8.677810000000001, 1, 0, 1, 1, 1, 1, 1, 1
8.677860000000001, 1, 0, 0, 1, 1, 1, 1, 1
8.677960000000001, 1, 0, 1, 1, 1, 1, 1, 1
8.678030000000001, 1, 0, 0, 1, 1, 1, 1, 1
8.678140000000001, 1, 0, 1, 1, 1, 1, 1, 1
8.678190000000001, 1, 0, 0, 1, 1, 1, 1, 1
8.678400000000000, 1, 0, 1, 1, 1, 1, 1, 1
8.679490000000001, 1, 0, 0, 1, 1, 1, 1, 1
8.679550000000001, 1, 0, 1, 1, 1, 1, 1, 1
8.679600000000001, 1, 0, 0, 1, 1, 1, 1, 1
8.679960000000001, 1, 0, 1, 1, 1, 1, 1, 1
8.680030000000000, 1, 0, 0, 1, 1, 1, 1, 1
8.680440000000001, 1, 0, 1, 1, 1, 1, 1, 1
8.681440000000000, 1, 0, 0, 1, 1, 1, 1, 1
8.681600000000001, 1, 0, 1, 1, 1, 1, 1, 1
8.681700000000001, 1, 0, 0, 1, 1, 1, 1, 1
8.681750000000001, 1, 0, 1, 1, 1, 1, 1, 1
8.681800000000001, 1, 0, 0, 1, 1, 1, 1, 1
8.681860000000000, 1, 0, 1, 1, 1, 1, 1, 1
8.720120000000001, 1, 0, 0, 1, 1, 1, 1, 1
8.721050000000000, 1, 0, 1, 1, 1, 1, 1, 1
8.722070000000000, 1, 0, 0, 1, 1, 1, 1, 1
8.722540000000000, 1, 0, 1, 1, 1, 1, 1, 1
8.722610000000001, 1, 0, 0, 1, 1, 1, 1, 1
8.722710000000001, 1, 0, 1, 1, 1, 1, 1, 1
8.722770000000001, 1, 0, 0, 1, 1, 1, 1, 1
8.722870000000000, 1, 0, 1, 1, 1, 1, 1, 1
8.722920000000000, 1, 0, 0, 1, 1, 1, 1, 1
8.722970000000000, 1, 0, 1, 1, 1, 1, 1, 1
8.724080000000001, 1, 0, 0, 1, 1, 1, 1, 1
8.724130000000001, 1, 0, 1, 1, 1, 1, 1, 1
8.724190000000000, 1, 0, 0, 1, 1, 1, 1, 1
8.724550000000001, 1, 0, 1, 1, 1, 1, 1, 1
8.724620000000002, 1, 0, 0, 1, 1, 1, 1, 1
8.724720000000001, 1, 0, 1, 1, 1, 1, 1, 1
8.724770000000001, 1, 0, 0, 1, 1, 1, 1, 1
8.725080000000000, 1, 0, 1, 1, 1, 1, 1, 1
8.726360000000001, 1, 0, 0, 1, 1, 1, 1, 1
8.726410000000001, 1, 0, 1, 1, 1, 1, 1, 1
8.726510000000001, 1, 0, 0, 1, 1, 1, 1, 1
8.726570000000001, 1, 0, 1, 1, 1, 1, 1, 1
8.726670000000000, 1, 0, 0, 1, 1, 1, 1, 1
8.726720000000000, 1, 0, 1, 1, 1, 1, 1, 1
8.744180000000000, 1, 0, 0, 1, 1, 1, 1, 1
8.745110000000000, 1, 0, 1, 1, 1, 1, 1, 1
8.746290000000000, 1, 0, 0, 1, 1, 1, 1, 1
8.746350000000001, 1, 0, 1, 1, 1, 1, 1, 1
8.746400000000001, 1, 0, 0, 1, 1, 1, 1, 1
8.746500000000001, 1, 0, 1, 1, 1, 1, 1, 1
8.746560000000001, 1, 0, 0, 1, 1, 1, 1, 1
8.746610000000000, 1, 0, 1, 1, 1, 1, 1, 1
8.746660000000000, 1, 0, 0, 1, 1, 1, 1, 1
8.746760000000000, 1, 0, 1, 1, 1, 1, 1, 1
8.746820000000001, 1, 0, 0, 1, 1, 1, 1, 1
8.746930000000001, 1, 0, 1, 1, 1, 1, 1, 1
8.746980000000001, 1, 0, 0, 1, 1, 1, 1, 1
8.747140000000000, 1, 0, 1, 1, 1, 1, 1, 1
8.748420000000001, 1, 0, 0, 1, 1, 1, 1, 1
8.748480000000001, 1, 0, 1, 1, 1, 1, 1, 1
8.748530000000001, 1, 0, 0, 1, 1, 1, 1, 1
8.748890000000001, 1, 0, 1, 1, 1, 1, 1, 1
8.748950000000001, 1, 0, 0, 1, 1, 1, 1, 1
8.749370000000001, 1, 0, 1, 1, 1, 1, 1, 1
8.750420000000000, 1, 0, 0, 1, 1, 1, 1, 1
8.750470000000000, 1, 0, 1, 1, 1, 1, 1, 1
8.750520000000000, 1, 0, 0, 1, 1, 1, 1, 1
8.750580000000001, 1, 0, 1, 1, 1, 1, 1, 1
8.750630000000001, 1, 0, 0, 1, 1, 1, 1, 1
8.750680000000001, 1, 0, 1, 1, 1, 1, 1, 1
8.750730000000001, 1, 0, 0, 1, 1, 1, 1, 1
8.750780000000001, 1, 0, 1, 1, 1, 1, 1, 1
8.792120000000001, 1, 0, 0, 1, 1, 1, 1, 1
8.793050000000001, 1, 0, 1, 1, 1, 1, 1, 1
8.794200000000000, 1, 0, 0, 1, 1, 1, 1, 1
8.794660000000000, 1, 0, 1, 1, 1, 1, 1, 1
8.794730000000001, 1, 0, 0, 1, 1, 1, 1, 1
8.794840000000001, 1, 0, 1, 1, 1, 1, 1, 1
8.794890000000001, 1, 0, 0, 1, 1, 1, 1, 1
8.794990000000000, 1, 0, 1, 1, 1, 1, 1, 1
8.796190000000001, 1, 0, 0, 1, 1, 1, 1, 1
8.796250000000001, 1, 0, 1, 1, 1, 1, 1, 1
8.796300000000000, 1, 0, 0, 1, 1, 1, 1, 1
8.796660000000001, 1, 0, 1, 1, 1, 1, 1, 1
8.796740000000002, 1, 0, 0, 1, 1, 1, 1, 1
8.796840000000001, 1, 0, 1, 1, 1, 1, 1, 1
8.796900000000001, 1, 0, 0, 1, 1, 1, 1, 1
8.797210000000002, 1, 0, 1, 1, 1, 1, 1, 1
8.798210000000001, 1, 0, 0, 1, 1, 1, 1, 1
8.798420000000000, 1, 0, 1, 1, 1, 1, 1, 1
8.798530000000001, 1, 0, 0, 1, 1, 1, 1, 1
8.798630000000001, 1, 0, 1, 1, 1, 1, 1, 1
8.816230000000001, 1, 0, 0, 1, 1, 1, 1, 1
8.817160000000001, 1, 0, 1, 1, 1, 1, 1, 1
8.818200000000001, 1, 0, 0, 1, 1, 1, 1, 1
8.818410000000000, 1, 0, 1, 1, 1, 1, 1, 1
8.818470000000001, 1, 0, 0, 1, 1, 1, 1, 1
8.818520000000001, 1, 0, 1, 1, 1, 1, 1, 1
8.818570000000001, 1, 0, 0, 1, 1, 1, 1, 1
8.818670000000001, 1, 0, 1, 1, 1, 1, 1, 1
8.818730000000000, 1, 0, 0, 1, 1, 1, 1, 1
8.818840000000002, 1, 0, 1, 1, 1, 1, 1, 1
8.818890000000001, 1, 0, 0, 1, 1, 1, 1, 1
8.819200000000000, 1, 0, 1, 1, 1, 1, 1, 1
8.820340000000000, 1, 0, 0, 1, 1, 1, 1, 1
8.820390000000002, 1, 0, 1, 1, 1, 1, 1, 1
8.820440000000001, 1, 0, 0, 1, 1, 1, 1, 1
8.820810000000002, 1, 0, 1, 1, 1, 1, 1, 1
8.820870000000001, 1, 0, 0, 1, 1, 1, 1, 1
8.821280000000002, 1, 0, 1, 1, 1, 1, 1, 1
8.822290000000001, 1, 0, 0, 1, 1, 1, 1, 1
8.822340000000001, 1, 0, 1, 1, 1, 1, 1, 1
8.822390000000000, 1, 0, 0, 1, 1, 1, 1, 1
8.822440000000000, 1, 0, 1, 1, 1, 1, 1, 1
8.822550000000001, 1, 0, 0, 1, 1, 1, 1, 1
8.822760000000001, 1, 0, 1, 1, 1, 1, 1, 1
8.826700000000001, 1, 1, 1, 1, 1, 1, 1, 1
8.826730000000001, 0, 1, 0, 1, 1, 1, 1, 1
8.827650000000000, 1, 1, 1, 1, 1, 1, 1, 1
8.827750000000000, 0, 1, 0, 1, 1, 1, 1, 1
8.828160000000000, 1, 1, 1, 1, 1, 1, 1, 1
8.828340000000001, 0, 1, 0, 1, 1, 1, 1, 1
8.828440000000001, 1, 1, 1, 1, 1, 1, 1, 1
8.828490000000000, 0, 1, 0, 1, 1, 1, 1, 1
8.828600000000002, 1, 1, 1, 1, 1, 1, 1, 1
8.828650000000001, 0, 1, 0, 1, 1, 1, 1, 1
8.828800000000001, 1, 1, 1, 1, 1, 1, 1, 1
8.828820000000000, 1, 0, 1, 1, 1, 1, 1, 1
8.829060000000000, 1, 1, 1, 1, 1, 1, 1, 1
8.829070000000002, 0, 1, 0, 1, 1, 1, 1, 1
8.829230000000001, 1, 1, 1, 1, 1, 1, 1, 1
8.829280000000001, 0, 1, 0, 1, 1, 1, 1, 1
8.829330000000001, 1, 1, 1, 1, 1, 1, 1, 1
8.829380000000000, 0, 1, 0, 1, 1, 1, 1, 1
8.829540000000001, 1, 1, 1, 1, 1, 1, 1, 1
8.829690000000001, 0, 1, 0, 1, 1, 1, 1, 1
8.829900000000000, 1, 1, 1, 1, 1, 1, 1, 1
8.829950000000000, 0, 1, 0, 1, 1, 1, 1, 1
8.830000000000000, 1, 1, 1, 1, 1, 1, 1, 1
8.830050000000000, 0, 1, 0, 1, 1, 1, 1, 1
8.830160000000001, 1, 1, 1, 1, 1, 1, 1, 1
8.830320000000000, 1, 0, 1, 1, 1, 1, 1, 1
8.830530000000001, 1, 1, 1, 1, 1, 1, 1, 1
8.830550000000001, 0, 1, 0, 1, 1, 1, 1, 1
8.830600000000000, 1, 1, 1, 1, 1, 1, 1, 1
8.830760000000001, 0, 1, 0, 1, 1, 1, 1, 1
8.830860000000001, 1, 1, 1, 1, 1, 1, 1, 1
8.830910000000001, 0, 1, 0, 1, 1, 1, 1, 1
8.830960000000001, 1, 1, 1, 1, 1, 1, 1, 1
8.831100000000001, 1, 0, 1, 1, 1, 1, 1, 1
8.862270000000001, 1, 0, 0, 1, 1, 1, 1, 1
8.863200000000001, 1, 0, 1, 1, 1, 1, 1, 1
8.864510000000001, 1, 0, 0, 1, 1, 1, 1, 1
8.864980000000001, 1, 0, 1, 1, 1, 1, 1, 1
8.865060000000001, 1, 0, 0, 1, 1, 1, 1, 1
8.865160000000001, 1, 0, 1, 1, 1, 1, 1, 1
8.865210000000001, 1, 0, 0, 1, 1, 1, 1, 1
8.865320000000001, 1, 0, 1, 1, 1, 1, 1, 1
8.865370000000000, 1, 0, 0, 1, 1, 1, 1, 1
8.865520000000000, 1, 0, 1, 1, 1, 1, 1, 1
8.866870000000000, 1, 0, 0, 1, 1, 1, 1, 1
8.866930000000000, 1, 0, 1, 1, 1, 1, 1, 1
8.866980000000000, 1, 0, 0, 1, 1, 1, 1, 1
8.867340000000000, 1, 0, 1, 1, 1, 1, 1, 1
8.867400000000000, 1, 0, 0, 1, 1, 1, 1, 1
8.867510000000001, 1, 0, 1, 1, 1, 1, 1, 1
8.867560000000001, 1, 0, 0, 1, 1, 1, 1, 1
8.867870000000000, 1, 0, 1, 1, 1, 1, 1, 1
8.868980000000001, 1, 0, 0, 1, 1, 1, 1, 1
8.869090000000000, 1, 0, 1, 1, 1, 1, 1, 1
8.869190000000001, 1, 0, 0, 1, 1, 1, 1, 1
8.869240000000001, 1, 0, 1, 1, 1, 1, 1, 1
8.869300000000001, 1, 0, 0, 1, 1, 1, 1, 1
8.869350000000001, 1, 0, 1, 1, 1, 1, 1, 1
8.869400000000001, 1, 0, 0, 1, 1, 1, 1, 1
8.869450000000001, 1, 0, 1, 1, 1, 1, 1, 1
8.884990000000000, 1, 0, 0, 1, 1, 1, 1, 1
8.885920000000000, 1, 0, 1, 1, 1, 1, 1, 1
8.887060000000000, 1, 0, 0, 1, 1, 1, 1, 1
8.887270000000001, 1, 0, 1, 1, 1, 1, 1, 1
8.887320000000001, 1, 0, 0, 1, 1, 1, 1, 1
8.887370000000001, 1, 0, 1, 1, 1, 1, 1, 1
8.887430000000000, 1, 0, 0, 1, 1, 1, 1, 1
8.887530000000000, 1, 0, 1, 1, 1, 1, 1, 1
8.887590000000001, 1, 0, 0, 1, 1, 1, 1, 1
8.887640000000001, 1, 0, 1, 1, 1, 1, 1, 1
8.887700000000001, 1, 0, 0, 1, 1, 1, 1, 1
8.887900000000000, 1, 0, 1, 1, 1, 1, 1, 1
8.887960000000001, 1, 0, 0, 1, 1, 1, 1, 1
8.888060000000001, 1, 0, 1, 1, 1, 1, 1, 1
8.889210000000000, 1, 0, 0, 1, 1, 1, 1, 1
8.889520000000001, 1, 0, 1, 1, 1, 1, 1, 1
8.889570000000001, 1, 0, 0, 1, 1, 1, 1, 1
8.889680000000000, 1, 0, 1, 1, 1, 1, 1, 1
8.891240000000002, 1, 0, 0, 1, 1, 1, 1, 1
8.891440000000001, 1, 0, 1, 1, 1, 1, 1, 1
8.891550000000001, 1, 0, 0, 1, 1, 1, 1, 1
8.891650000000000, 1, 0, 1, 1, 1, 1, 1, 1
8.895600000000000, 1, 1, 1, 1, 1, 1, 1, 1
8.895620000000001, 0, 1, 0, 1, 1, 1, 1, 1
8.896550000000001, 1, 1, 1, 1, 1, 1, 1, 1
8.896620000000000, 0, 1, 0, 1, 1, 1, 1, 1
8.897030000000001, 1, 1, 1, 1, 1, 1, 1, 1
8.897190000000000, 0, 1, 0, 1, 1, 1, 1, 1
8.897240000000000, 1, 1, 1, 1, 1, 1, 1, 1
8.897340000000002, 0, 1, 0, 1, 1, 1, 1, 1
8.897440000000001, 1, 1, 1, 1, 1, 1, 1, 1
8.897550000000001, 0, 1, 0, 1, 1, 1, 1, 1
8.897650000000001, 1, 1, 1, 1, 1, 1, 1, 1
8.897770000000001, 1, 0, 1, 1, 1, 1, 1, 1
8.897950000000002, 1, 1, 1, 1, 1, 1, 1, 1
8.897970000000001, 0, 1, 0, 1, 1, 1, 1, 1
8.898020000000001, 1, 1, 1, 1, 1, 1, 1, 1
8.898070000000001, 0, 1, 0, 1, 1, 1, 1, 1
8.898170000000000, 1, 1, 1, 1, 1, 1, 1, 1
8.898230000000000, 0, 1, 0, 1, 1, 1, 1, 1
8.898280000000002, 1, 1, 1, 1, 1, 1, 1, 1
8.898330000000001, 0, 1, 0, 1, 1, 1, 1, 1
8.898430000000001, 1, 1, 1, 1, 1, 1, 1, 1
8.898490000000001, 0, 1, 1, 1, 1, 1, 1, 1
8.898500000000000, 0, 1, 0, 1, 1, 1, 1, 1
8.898960000000001, 1, 1, 1, 1, 1, 1, 1, 1
8.899030000000002, 0, 1, 0, 1, 1, 1, 1, 1
8.899290000000001, 1, 1, 1, 1, 1, 1, 1, 1
8.899340000000000, 0, 1, 0, 1, 1, 1, 1, 1
8.899500000000002, 1, 1, 1, 1, 1, 1, 1, 1
8.899520000000001, 1, 0, 1, 1, 1, 1, 1, 1
8.899800000000001, 1, 1, 1, 1, 1, 1, 1, 1
8.899820000000000, 0, 1, 0, 1, 1, 1, 1, 1
8.899920000000002, 1, 1, 1, 1, 1, 1, 1, 1
8.899970000000001, 0, 1, 0, 1, 1, 1, 1, 1
8.900130000000001, 1, 1, 1, 1, 1, 1, 1, 1
8.900180000000001, 0, 1, 0, 1, 1, 1, 1, 1
8.900230000000001, 1, 1, 1, 1, 1, 1, 1, 1
8.900400000000001, 1, 0, 1, 1, 1, 1, 1, 1
8.932400000000001, 1, 0, 0, 1, 1, 1, 1, 1
8.933330000000002, 1, 0, 1, 1, 1, 1, 1, 1
8.934670000000001, 1, 0, 0, 1, 1, 1, 1, 1
8.934730000000000, 1, 0, 1, 1, 1, 1, 1, 1
8.934880000000001, 1, 0, 0, 1, 1, 1, 1, 1
8.934990000000001, 1, 0, 1, 1, 1, 1, 1, 1
8.935040000000001, 1, 0, 0, 1, 1, 1, 1, 1
8.935140000000001, 1, 0, 1, 1, 1, 1, 1, 1
8.935200000000000, 1, 0, 0, 1, 1, 1, 1, 1
8.935310000000001, 1, 0, 1, 1, 1, 1, 1, 1
8.935360000000001, 1, 0, 0, 1, 1, 1, 1, 1
8.935470000000000, 1, 0, 1, 1, 1, 1, 1, 1
8.935570000000000, 1, 0, 0, 1, 1, 1, 1, 1
8.935670000000000, 1, 0, 1, 1, 1, 1, 1, 1
8.937020000000000, 1, 0, 0, 1, 1, 1, 1, 1
8.937070000000000, 1, 0, 1, 1, 1, 1, 1, 1
8.937130000000002, 1, 0, 0, 1, 1, 1, 1, 1
8.937490000000000, 1, 0, 1, 1, 1, 1, 1, 1
8.937550000000000, 1, 0, 0, 1, 1, 1, 1, 1
8.937970000000000, 1, 0, 1, 1, 1, 1, 1, 1
8.939150000000001, 1, 0, 0, 1, 1, 1, 1, 1
8.939250000000001, 1, 0, 1, 1, 1, 1, 1, 1
8.939510000000000, 1, 0, 0, 1, 1, 1, 1, 1
8.939620000000001, 1, 0, 1, 1, 1, 1, 1, 1
8.982800000000001, 1, 0, 0, 1, 1, 1, 1, 1
8.983730000000001, 1, 0, 1, 1, 1, 1, 1, 1
8.984800000000000, 1, 0, 0, 1, 1, 1, 1, 1
8.985270000000000, 1, 0, 1, 1, 1, 1, 1, 1
8.985340000000001, 1, 0, 0, 1, 1, 1, 1, 1
8.985440000000001, 1, 0, 1, 1, 1, 1, 1, 1
8.985490000000000, 1, 0, 0, 1, 1, 1, 1, 1
8.985700000000001, 1, 0, 1, 1, 1, 1, 1, 1
8.985750000000001, 1, 0, 0, 1, 1, 1, 1, 1
8.985810000000001, 1, 0, 1, 1, 1, 1, 1, 1
8.986800000000001, 1, 0, 0, 1, 1, 1, 1, 1
8.986850000000000, 1, 0, 1, 1, 1, 1, 1, 1
8.986900000000000, 1, 0, 0, 1, 1, 1, 1, 1
8.987270000000001, 1, 0, 1, 1, 1, 1, 1, 1
8.987340000000001, 1, 0, 0, 1, 1, 1, 1, 1
8.987450000000001, 1, 0, 1, 1, 1, 1, 1, 1
8.987500000000001, 1, 0, 0, 1, 1, 1, 1, 1
8.987810000000001, 1, 0, 1, 1, 1, 1, 1, 1
8.988960000000001, 1, 0, 0, 1, 1, 1, 1, 1
8.989060000000000, 1, 0, 1, 1, 1, 1, 1, 1
8.989120000000002, 1, 0, 0, 1, 1, 1, 1, 1
8.989220000000001, 1, 0, 1, 1, 1, 1, 1, 1
8.989380000000001, 1, 0, 0, 1, 1, 1, 1, 1
8.989430000000000, 1, 0, 1, 1, 1, 1, 1, 1
9.002890000000001, 1, 0, 0, 1, 1, 1, 1, 1
9.003820000000001, 1, 0, 1, 1, 1, 1, 1, 1
9.004860000000001, 1, 0, 0, 1, 1, 1, 1, 1
9.005070000000000, 1, 0, 1, 1, 1, 1, 1, 1
9.005120000000002, 1, 0, 0, 1, 1, 1, 1, 1
9.005170000000001, 1, 0, 1, 1, 1, 1, 1, 1
9.005220000000001, 1, 0, 0, 1, 1, 1, 1, 1
9.005330000000001, 1, 0, 1, 1, 1, 1, 1, 1
9.005400000000000, 1, 0, 0, 1, 1, 1, 1, 1
9.005450000000002, 1, 0, 1, 1, 1, 1, 1, 1
9.005500000000001, 1, 0, 0, 1, 1, 1, 1, 1
9.005660000000001, 1, 0, 1, 1, 1, 1, 1, 1
9.005710000000001, 1, 0, 0, 1, 1, 1, 1, 1
9.005760000000000, 1, 0, 1, 1, 1, 1, 1, 1
9.005820000000000, 1, 0, 0, 1, 1, 1, 1, 1
9.005870000000002, 1, 0, 1, 1, 1, 1, 1, 1
9.006910000000001, 1, 0, 0, 1, 1, 1, 1, 1
9.007220000000000, 1, 0, 1, 1, 1, 1, 1, 1
9.007270000000000, 1, 0, 0, 1, 1, 1, 1, 1
9.007380000000001, 1, 0, 1, 1, 1, 1, 1, 1
9.008990000000001, 1, 0, 0, 1, 1, 1, 1, 1
9.009090000000000, 1, 0, 1, 1, 1, 1, 1, 1
9.009140000000000, 1, 0, 0, 1, 1, 1, 1, 1
9.009190000000000, 1, 0, 1, 1, 1, 1, 1, 1
9.009350000000001, 1, 0, 0, 1, 1, 1, 1, 1
9.009450000000001, 1, 0, 1, 1, 1, 1, 1, 1
9.013380000000002, 1, 1, 1, 1, 1, 1, 1, 1
9.013410000000000, 0, 1, 0, 1, 1, 1, 1, 1
9.014340000000001, 1, 1, 1, 1, 1, 1, 1, 1
9.014410000000002, 0, 1, 0, 1, 1, 1, 1, 1
9.014820000000000, 1, 1, 1, 1, 1, 1, 1, 1
9.014970000000000, 0, 1, 0, 1, 1, 1, 1, 1
9.015030000000001, 1, 1, 1, 1, 1, 1, 1, 1
9.015130000000001, 0, 1, 0, 1, 1, 1, 1, 1
9.015280000000001, 1, 1, 1, 1, 1, 1, 1, 1
9.015390000000000, 0, 1, 0, 1, 1, 1, 1, 1
9.015440000000000, 1, 1, 1, 1, 1, 1, 1, 1
9.015550000000001, 1, 0, 1, 1, 1, 1, 1, 1
9.015740000000001, 1, 1, 1, 1, 1, 1, 1, 1
9.015760000000000, 0, 1, 0, 1, 1, 1, 1, 1
9.015810000000000, 1, 1, 1, 1, 1, 1, 1, 1
9.015860000000000, 0, 1, 0, 1, 1, 1, 1, 1
9.015960000000002, 1, 1, 1, 1, 1, 1, 1, 1
9.016010000000001, 0, 1, 0, 1, 1, 1, 1, 1
9.016060000000001, 1, 1, 1, 1, 1, 1, 1, 1
9.016120000000001, 0, 1, 0, 1, 1, 1, 1, 1
9.016220000000001, 1, 1, 1, 1, 1, 1, 1, 1
9.016280000000000, 0, 1, 0, 1, 1, 1, 1, 1
9.016740000000000, 1, 1, 0, 1, 1, 1, 1, 1
9.016750000000000, 1, 1, 1, 1, 1, 1, 1, 1
9.016820000000001, 0, 1, 0, 1, 1, 1, 1, 1
9.017080000000000, 1, 1, 1, 1, 1, 1, 1, 1
9.017130000000000, 0, 1, 0, 1, 1, 1, 1, 1
9.017280000000001, 1, 1, 1, 1, 1, 1, 1, 1
9.017350000000000, 1, 0, 1, 1, 1, 1, 1, 1
9.017540000000000, 1, 1, 1, 1, 1, 1, 1, 1
9.017550000000000, 0, 1, 0, 1, 1, 1, 1, 1
9.017660000000001, 1, 1, 1, 1, 1, 1, 1, 1
9.017860000000001, 0, 1, 0, 1, 1, 1, 1, 1
9.017910000000001, 1, 1, 1, 1, 1, 1, 1, 1
9.017970000000000, 0, 1, 0, 1, 1, 1, 1, 1
9.018020000000000, 1, 1, 1, 1, 1, 1, 1, 1
9.018150000000000, 1, 0, 1, 1, 1, 1, 1, 1
9.035720000000001, 1, 0, 0, 1, 1, 1, 1, 1
9.036650000000002, 1, 0, 1, 1, 1, 1, 1, 1
9.037750000000001, 1, 0, 0, 1, 1, 1, 1, 1
9.037860000000000, 1, 0, 1, 1, 1, 1, 1, 1
9.037960000000000, 1, 0, 0, 1, 1, 1, 1, 1
9.038070000000001, 1, 0, 1, 1, 1, 1, 1, 1
9.038120000000001, 1, 0, 0, 1, 1, 1, 1, 1
9.038220000000001, 1, 0, 1, 1, 1, 1, 1, 1
9.038300000000001, 1, 0, 0, 1, 1, 1, 1, 1
9.038410000000001, 1, 0, 1, 1, 1, 1, 1, 1
9.038460000000001, 1, 0, 0, 1, 1, 1, 1, 1
9.038610000000000, 1, 0, 1, 1, 1, 1, 1, 1
9.038720000000001, 1, 0, 0, 1, 1, 1, 1, 1
9.038770000000001, 1, 0, 1, 1, 1, 1, 1, 1
9.039750000000002, 1, 0, 0, 1, 1, 1, 1, 1
9.039810000000001, 1, 0, 1, 1, 1, 1, 1, 1
9.039860000000001, 1, 0, 0, 1, 1, 1, 1, 1
9.040220000000001, 1, 0, 1, 1, 1, 1, 1, 1
9.040280000000001, 1, 0, 0, 1, 1, 1, 1, 1
9.040700000000001, 1, 0, 1, 1, 1, 1, 1, 1
9.041880000000001, 1, 0, 0, 1, 1, 1, 1, 1
9.042040000000000, 1, 0, 1, 1, 1, 1, 1, 1
9.042140000000002, 1, 0, 0, 1, 1, 1, 1, 1
9.042350000000001, 1, 0, 1, 1, 1, 1, 1, 1
9.081660000000001, 1, 0, 0, 1, 1, 1, 1, 1
9.082590000000001, 1, 0, 1, 1, 1, 1, 1, 1
9.083640000000001, 1, 0, 0, 1, 1, 1, 1, 1
9.084110000000001, 1, 0, 1, 1, 1, 1, 1, 1
9.084170000000000, 1, 0, 0, 1, 1, 1, 1, 1
9.084280000000001, 1, 0, 1, 1, 1, 1, 1, 1
9.084330000000001, 1, 0, 0, 1, 1, 1, 1, 1
9.084440000000001, 1, 0, 1, 1, 1, 1, 1, 1
9.084590000000000, 1, 0, 0, 1, 1, 1, 1, 1
9.084640000000000, 1, 0, 1, 1, 1, 1, 1, 1
9.085760000000001, 1, 0, 0, 1, 1, 1, 1, 1
9.085810000000000, 1, 0, 1, 1, 1, 1, 1, 1
9.085860000000000, 1, 0, 0, 1, 1, 1, 1, 1
9.086230000000000, 1, 0, 1, 1, 1, 1, 1, 1
9.086300000000001, 1, 0, 0, 1, 1, 1, 1, 1
9.086410000000001, 1, 0, 1, 1, 1, 1, 1, 1
9.086460000000001, 1, 0, 0, 1, 1, 1, 1, 1
9.086770000000001, 1, 0, 1, 1, 1, 1, 1, 1
9.087770000000001, 1, 0, 0, 1, 1, 1, 1, 1
9.087820000000001, 1, 0, 1, 1, 1, 1, 1, 1
9.087930000000000, 1, 0, 0, 1, 1, 1, 1, 1
9.088030000000002, 1, 0, 1, 1, 1, 1, 1, 1
9.088090000000001, 1, 0, 0, 1, 1, 1, 1, 1
9.088190000000001, 1, 0, 1, 1, 1, 1, 1, 1
9.101870000000000, 1, 0, 0, 1, 1, 1, 1, 1
9.102800000000000, 1, 0, 1, 1, 1, 1, 1, 1
9.103850000000001, 1, 0, 0, 1, 1, 1, 1, 1
9.104060000000000, 1, 0, 1, 1, 1, 1, 1, 1
9.104110000000000, 1, 0, 0, 1, 1, 1, 1, 1
9.104160000000000, 1, 0, 1, 1, 1, 1, 1, 1
9.104210000000000, 1, 0, 0, 1, 1, 1, 1, 1
9.104320000000001, 1, 0, 1, 1, 1, 1, 1, 1
9.104390000000000, 1, 0, 0, 1, 1, 1, 1, 1
9.104440000000000, 1, 0, 1, 1, 1, 1, 1, 1
9.104490000000000, 1, 0, 0, 1, 1, 1, 1, 1
9.104800000000001, 1, 0, 1, 1, 1, 1, 1, 1
9.105840000000001, 1, 0, 0, 1, 1, 1, 1, 1
9.106150000000001, 1, 0, 1, 1, 1, 1, 1, 1
9.106200000000001, 1, 0, 0, 1, 1, 1, 1, 1
9.106310000000001, 1, 0, 1, 1, 1, 1, 1, 1
9.107850000000001, 1, 0, 0, 1, 1, 1, 1, 1
9.108260000000001, 1, 0, 1, 1, 1, 1, 1, 1
9.112160000000001, 1, 1, 1, 1, 1, 1, 1, 1
9.112190000000000, 0, 1, 0, 1, 1, 1, 1, 1
9.113120000000000, 1, 1, 1, 1, 1, 1, 1, 1
9.113190000000001, 0, 1, 0, 1, 1, 1, 1, 1
9.113600000000000, 1, 1, 1, 1, 1, 1, 1, 1
9.113700000000001, 0, 1, 0, 1, 1, 1, 1, 1
9.113750000000001, 1, 1, 1, 1, 1, 1, 1, 1
9.113860000000001, 0, 1, 0, 1, 1, 1, 1, 1
9.113960000000001, 1, 1, 1, 1, 1, 1, 1, 1
9.114010000000000, 0, 1, 0, 1, 1, 1, 1, 1
9.114110000000000, 1, 1, 1, 1, 1, 1, 1, 1
9.114310000000001, 1, 0, 1, 1, 1, 1, 1, 1
9.114490000000000, 1, 1, 1, 1, 1, 1, 1, 1
9.114510000000001, 0, 1, 0, 1, 1, 1, 1, 1
9.114560000000001, 1, 1, 1, 1, 1, 1, 1, 1
9.114610000000001, 0, 1, 0, 1, 1, 1, 1, 1
9.114720000000000, 1, 1, 1, 1, 1, 1, 1, 1
9.114770000000000, 0, 1, 0, 1, 1, 1, 1, 1
9.114820000000000, 1, 1, 1, 1, 1, 1, 1, 1
9.114870000000002, 0, 1, 0, 1, 1, 1, 1, 1
9.114970000000001, 1, 1, 1, 1, 1, 1, 1, 1
9.115040000000000, 0, 1, 0, 1, 1, 1, 1, 1
9.115500000000001, 1, 1, 1, 1, 1, 1, 1, 1
9.115580000000001, 0, 1, 0, 1, 1, 1, 1, 1
9.115830000000001, 1, 1, 1, 1, 1, 1, 1, 1
9.115880000000001, 0, 1, 0, 1, 1, 1, 1, 1
9.116040000000000, 1, 1, 1, 1, 1, 1, 1, 1
9.116110000000001, 1, 0, 1, 1, 1, 1, 1, 1
9.116290000000001, 1, 1, 1, 1, 1, 1, 1, 1
9.116310000000000, 0, 1, 0, 1, 1, 1, 1, 1
9.116360000000000, 1, 1, 1, 1, 1, 1, 1, 1
9.116410000000000, 0, 1, 0, 1, 1, 1, 1, 1
9.116460000000000, 1, 1, 1, 1, 1, 1, 1, 1
9.116620000000001, 0, 1, 0, 1, 1, 1, 1, 1
9.116670000000001, 1, 1, 1, 1, 1, 1, 1, 1
9.116720000000001, 0, 1, 0, 1, 1, 1, 1, 1
9.116770000000001, 1, 1, 1, 1, 1, 1, 1, 1
9.116900000000001, 1, 0, 1, 1, 1, 1, 1, 1
9.134360000000001, 1, 0, 0, 1, 1, 1, 1, 1
9.135290000000001, 1, 0, 1, 1, 1, 1, 1, 1
9.136350000000000, 1, 0, 0, 1, 1, 1, 1, 1
9.136410000000001, 1, 0, 1, 1, 1, 1, 1, 1
9.136460000000001, 1, 0, 0, 1, 1, 1, 1, 1
9.136510000000001, 1, 0, 1, 1, 1, 1, 1, 1
9.136560000000001, 1, 0, 0, 1, 1, 1, 1, 1
9.136670000000001, 1, 0, 1, 1, 1, 1, 1, 1
9.136720000000000, 1, 0, 0, 1, 1, 1, 1, 1
9.136820000000000, 1, 0, 1, 1, 1, 1, 1, 1
9.136880000000001, 1, 0, 0, 1, 1, 1, 1, 1
9.136990000000001, 1, 0, 1, 1, 1, 1, 1, 1
9.137040000000001, 1, 0, 0, 1, 1, 1, 1, 1
9.137150000000000, 1, 0, 1, 1, 1, 1, 1, 1
9.137200000000000, 1, 0, 0, 1, 1, 1, 1, 1
9.137300000000002, 1, 0, 1, 1, 1, 1, 1, 1
9.138570000000001, 1, 0, 0, 1, 1, 1, 1, 1
9.138620000000001, 1, 0, 1, 1, 1, 1, 1, 1
9.138680000000001, 1, 0, 0, 1, 1, 1, 1, 1
9.139040000000001, 1, 0, 1, 1, 1, 1, 1, 1
9.139120000000000, 1, 0, 0, 1, 1, 1, 1, 1
9.139540000000000, 1, 0, 1, 1, 1, 1, 1, 1
9.140550000000001, 1, 0, 0, 1, 1, 1, 1, 1
9.140660000000000, 1, 0, 1, 1, 1, 1, 1, 1
9.140710000000000, 1, 0, 0, 1, 1, 1, 1, 1
9.140760000000000, 1, 0, 1, 1, 1, 1, 1, 1
9.140870000000001, 1, 0, 0, 1, 1, 1, 1, 1
9.140920000000001, 1, 0, 1, 1, 1, 1, 1, 1
9.140970000000001, 1, 0, 0, 1, 1, 1, 1, 1
9.141020000000001, 1, 0, 1, 1, 1, 1, 1, 1
9.182180000000001, 1, 0, 0, 1, 1, 1, 1, 1
9.183110000000001, 1, 0, 1, 1, 1, 1, 1, 1
9.184140000000001, 1, 0, 0, 1, 1, 1, 1, 1
9.184610000000001, 1, 0, 1, 1, 1, 1, 1, 1
9.184680000000000, 1, 0, 0, 1, 1, 1, 1, 1
9.184790000000001, 1, 0, 1, 1, 1, 1, 1, 1
9.184840000000001, 1, 0, 0, 1, 1, 1, 1, 1
9.185000000000000, 1, 0, 1, 1, 1, 1, 1, 1
9.185050000000000, 1, 0, 0, 1, 1, 1, 1, 1
9.185100000000000, 1, 0, 1, 1, 1, 1, 1, 1
9.186320000000000, 1, 0, 0, 1, 1, 1, 1, 1
9.186370000000000, 1, 0, 1, 1, 1, 1, 1, 1
9.186420000000000, 1, 0, 0, 1, 1, 1, 1, 1
9.186790000000000, 1, 0, 1, 1, 1, 1, 1, 1
9.186850000000002, 1, 0, 0, 1, 1, 1, 1, 1
9.186950000000001, 1, 0, 1, 1, 1, 1, 1, 1
9.187010000000001, 1, 0, 0, 1, 1, 1, 1, 1
9.187320000000001, 1, 0, 1, 1, 1, 1, 1, 1
9.188290000000000, 1, 0, 0, 1, 1, 1, 1, 1
9.188450000000001, 1, 0, 1, 1, 1, 1, 1, 1
9.188660000000000, 1, 0, 0, 1, 1, 1, 1, 1
9.188710000000000, 1, 0, 1, 1, 1, 1, 1, 1
9.202380000000002, 1, 0, 0, 1, 1, 1, 1, 1
9.203310000000000, 1, 0, 1, 1, 1, 1, 1, 1
9.204360000000001, 1, 0, 0, 1, 1, 1, 1, 1
9.204570000000000, 1, 0, 1, 1, 1, 1, 1, 1
9.204620000000000, 1, 0, 0, 1, 1, 1, 1, 1
9.204680000000002, 1, 0, 1, 1, 1, 1, 1, 1
9.204730000000001, 1, 0, 0, 1, 1, 1, 1, 1
9.204830000000001, 1, 0, 1, 1, 1, 1, 1, 1
9.204890000000001, 1, 0, 0, 1, 1, 1, 1, 1
9.204940000000001, 1, 0, 1, 1, 1, 1, 1, 1
9.205000000000000, 1, 0, 0, 1, 1, 1, 1, 1
9.205150000000001, 1, 0, 1, 1, 1, 1, 1, 1
9.205260000000001, 1, 0, 0, 1, 1, 1, 1, 1
9.205310000000001, 1, 0, 1, 1, 1, 1, 1, 1
9.207310000000001, 1, 0, 0, 1, 1, 1, 1, 1
9.207620000000000, 1, 0, 1, 1, 1, 1, 1, 1
9.207670000000000, 1, 0, 0, 1, 1, 1, 1, 1
9.207780000000001, 1, 0, 1, 1, 1, 1, 1, 1
9.209290000000001, 1, 0, 0, 1, 1, 1, 1, 1
9.209340000000001, 1, 0, 1, 1, 1, 1, 1, 1
9.209390000000001, 1, 0, 0, 1, 1, 1, 1, 1
9.209490000000001, 1, 0, 1, 1, 1, 1, 1, 1
9.209700000000002, 1, 0, 0, 1, 1, 1, 1, 1
9.209760000000001, 1, 0, 1, 1, 1, 1, 1, 1
9.213550000000001, 1, 1, 1, 1, 1, 1, 1, 1
9.213580000000000, 0, 1, 0, 1, 1, 1, 1, 1
9.214500000000001, 1, 1, 1, 1, 1, 1, 1, 1
9.214570000000000, 0, 1, 0, 1, 1, 1, 1, 1
9.214980000000001, 1, 1, 1, 1, 1, 1, 1, 1
9.215140000000000, 0, 1, 0, 1, 1, 1, 1, 1
9.215190000000002, 1, 1, 1, 1, 1, 1, 1, 1
9.215290000000001, 0, 1, 0, 1, 1, 1, 1, 1
9.215500000000000, 1, 1, 1, 1, 1, 1, 1, 1
9.215750000000000, 1, 0, 1, 1, 1, 1, 1, 1
9.215970000000000, 1, 1, 1, 1, 1, 1, 1, 1
9.215980000000000, 0, 1, 1, 1, 1, 1, 1, 1
9.215990000000001, 0, 1, 0, 1, 1, 1, 1, 1
9.216040000000001, 1, 1, 1, 1, 1, 1, 1, 1
9.216090000000001, 0, 1, 0, 1, 1, 1, 1, 1
9.216190000000001, 1, 1, 1, 1, 1, 1, 1, 1
9.216240000000001, 0, 1, 0, 1, 1, 1, 1, 1
9.216290000000001, 1, 1, 1, 1, 1, 1, 1, 1
9.216350000000000, 0, 1, 0, 1, 1, 1, 1, 1
9.216450000000000, 1, 1, 1, 1, 1, 1, 1, 1
9.216580000000000, 0, 1, 0, 1, 1, 1, 1, 1
9.217040000000001, 1, 1, 1, 1, 1, 1, 1, 1
9.217120000000001, 0, 1, 0, 1, 1, 1, 1, 1
9.217380000000000, 1, 1, 1, 1, 1, 1, 1, 1
9.217430000000000, 0, 1, 0, 1, 1, 1, 1, 1
9.217580000000000, 1, 1, 1, 1, 1, 1, 1, 1
9.217650000000001, 1, 0, 1, 1, 1, 1, 1, 1
9.217830000000001, 1, 1, 1, 1, 1, 1, 1, 1
9.217850000000000, 0, 1, 0, 1, 1, 1, 1, 1
9.217900000000000, 1, 1, 1, 1, 1, 1, 1, 1
9.217950000000000, 0, 1, 0, 1, 1, 1, 1, 1
9.218160000000001, 1, 1, 1, 1, 1, 1, 1, 1
9.218210000000001, 0, 1, 0, 1, 1, 1, 1, 1
9.218260000000001, 1, 1, 1, 1, 1, 1, 1, 1
9.218440000000001, 1, 0, 1, 1, 1, 1, 1, 1
9.235700000000001, 1, 0, 0, 1, 1, 1, 1, 1
9.236630000000000, 1, 0, 1, 1, 1, 1, 1, 1
9.237960000000001, 1, 0, 0, 1, 1, 1, 1, 1
9.238110000000001, 1, 0, 1, 1, 1, 1, 1, 1
9.238170000000000, 1, 0, 0, 1, 1, 1, 1, 1
9.238270000000000, 1, 0, 1, 1, 1, 1, 1, 1
9.238320000000002, 1, 0, 0, 1, 1, 1, 1, 1
9.238430000000001, 1, 0, 1, 1, 1, 1, 1, 1
9.238490000000001, 1, 0, 0, 1, 1, 1, 1, 1
9.238590000000000, 1, 0, 1, 1, 1, 1, 1, 1
9.238640000000000, 1, 0, 0, 1, 1, 1, 1, 1
9.238850000000001, 1, 0, 1, 1, 1, 1, 1, 1
9.239940000000001, 1, 0, 0, 1, 1, 1, 1, 1
9.239990000000001, 1, 0, 1, 1, 1, 1, 1, 1
9.240050000000000, 1, 0, 0, 1, 1, 1, 1, 1
9.240410000000001, 1, 0, 1, 1, 1, 1, 1, 1
9.240470000000000, 1, 0, 0, 1, 1, 1, 1, 1
9.240890000000000, 1, 0, 1, 1, 1, 1, 1, 1
9.242060000000000, 1, 0, 0, 1, 1, 1, 1, 1
9.242270000000001, 1, 0, 1, 1, 1, 1, 1, 1
9.242320000000001, 1, 0, 0, 1, 1, 1, 1, 1
9.242370000000001, 1, 0, 1, 1, 1, 1, 1, 1
9.242480000000000, 1, 0, 0, 1, 1, 1, 1, 1
9.242530000000000, 1, 0, 1, 1, 1, 1, 1, 1
9.283780000000000, 1, 0, 0, 1, 1, 1, 1, 1
9.284710000000000, 1, 0, 1, 1, 1, 1, 1, 1
9.285780000000001, 1, 0, 0, 1, 1, 1, 1, 1
9.286250000000001, 1, 0, 1, 1, 1, 1, 1, 1
9.286310000000000, 1, 0, 0, 1, 1, 1, 1, 1
9.286420000000001, 1, 0, 1, 1, 1, 1, 1, 1
9.286470000000001, 1, 0, 0, 1, 1, 1, 1, 1
9.286580000000001, 1, 0, 1, 1, 1, 1, 1, 1
9.286630000000001, 1, 0, 0, 1, 1, 1, 1, 1
9.286680000000000, 1, 0, 1, 1, 1, 1, 1, 1
9.287750000000001, 1, 0, 0, 1, 1, 1, 1, 1
9.287800000000001, 1, 0, 1, 1, 1, 1, 1, 1
9.287850000000001, 1, 0, 0, 1, 1, 1, 1, 1
9.288210000000001, 1, 0, 1, 1, 1, 1, 1, 1
9.288290000000000, 1, 0, 0, 1, 1, 1, 1, 1
9.288400000000001, 1, 0, 1, 1, 1, 1, 1, 1
9.288450000000001, 1, 0, 0, 1, 1, 1, 1, 1
9.288760000000000, 1, 0, 1, 1, 1, 1, 1, 1
9.289710000000001, 1, 0, 0, 1, 1, 1, 1, 1
9.289760000000001, 1, 0, 1, 1, 1, 1, 1, 1
9.289870000000001, 1, 0, 0, 1, 1, 1, 1, 1
9.289920000000000, 1, 0, 1, 1, 1, 1, 1, 1
9.290020000000000, 1, 0, 0, 1, 1, 1, 1, 1
9.290070000000000, 1, 0, 1, 1, 1, 1, 1, 1
9.304050000000000, 1, 0, 0, 1, 1, 1, 1, 1
9.304980000000000, 1, 0, 1, 1, 1, 1, 1, 1
9.305950000000001, 1, 0, 0, 1, 1, 1, 1, 1
9.306160000000000, 1, 0, 1, 1, 1, 1, 1, 1
9.306220000000001, 1, 0, 0, 1, 1, 1, 1, 1
9.306270000000001, 1, 0, 1, 1, 1, 1, 1, 1
9.306320000000001, 1, 0, 0, 1, 1, 1, 1, 1
9.306420000000001, 1, 0, 1, 1, 1, 1, 1, 1
9.306480000000001, 1, 0, 0, 1, 1, 1, 1, 1
9.306540000000000, 1, 0, 1, 1, 1, 1, 1, 1
9.306590000000000, 1, 0, 0, 1, 1, 1, 1, 1
9.306800000000001, 1, 0, 1, 1, 1, 1, 1, 1
9.307970000000001, 1, 0, 0, 1, 1, 1, 1, 1
9.308280000000000, 1, 0, 1, 1, 1, 1, 1, 1
9.308330000000002, 1, 0, 0, 1, 1, 1, 1, 1
9.308440000000001, 1, 0, 1, 1, 1, 1, 1, 1
9.309920000000000, 1, 0, 0, 1, 1, 1, 1, 1
9.309970000000002, 1, 0, 1, 1, 1, 1, 1, 1
9.310020000000002, 1, 0, 0, 1, 1, 1, 1, 1
9.310070000000001, 1, 0, 1, 1, 1, 1, 1, 1
9.310120000000001, 1, 0, 0, 1, 1, 1, 1, 1
9.310180000000001, 1, 0, 1, 1, 1, 1, 1, 1
9.310330000000000, 1, 0, 0, 1, 1, 1, 1, 1
9.310380000000000, 1, 0, 1, 1, 1, 1, 1, 1
9.314260000000001, 1, 1, 1, 1, 1, 1, 1, 1
9.314290000000002, 0, 1, 0, 1, 1, 1, 1, 1
9.315210000000000, 1, 1, 0, 1, 1, 1, 1, 1
9.315220000000000, 1, 1, 1, 1, 1, 1, 1, 1
9.315290000000001, 0, 1, 0, 1, 1, 1, 1, 1
9.315700000000001, 1, 1, 1, 1, 1, 1, 1, 1
9.315850000000001, 0, 1, 0, 1, 1, 1, 1, 1
9.315900000000001, 1, 1, 1, 1, 1, 1, 1, 1
9.316010000000000, 0, 1, 0, 1, 1, 1, 1, 1
9.316110000000000, 1, 1, 1, 1, 1, 1, 1, 1
9.316430000000000, 1, 0, 1, 1, 1, 1, 1, 1
9.316620000000000, 1, 1, 1, 1, 1, 1, 1, 1
9.316630000000000, 0, 1, 0, 1, 1, 1, 1, 1
9.316680000000002, 1, 1, 1, 1, 1, 1, 1, 1
9.316740000000001, 0, 1, 0, 1, 1, 1, 1, 1
9.316840000000001, 1, 1, 1, 1, 1, 1, 1, 1
9.316890000000001, 0, 1, 0, 1, 1, 1, 1, 1
9.316940000000001, 1, 1, 1, 1, 1, 1, 1, 1
9.316990000000001, 0, 1, 0, 1, 1, 1, 1, 1
9.317100000000000, 1, 1, 1, 1, 1, 1, 1, 1
9.317160000000001, 0, 1, 0, 1, 1, 1, 1, 1
9.317620000000002, 1, 1, 1, 1, 1, 1, 1, 1
9.317790000000000, 0, 1, 0, 1, 1, 1, 1, 1
9.318050000000001, 1, 1, 1, 1, 1, 1, 1, 1
9.318100000000001, 0, 1, 0, 1, 1, 1, 1, 1
9.318260000000000, 1, 1, 1, 1, 1, 1, 1, 1
9.318360000000000, 1, 0, 1, 1, 1, 1, 1, 1
9.318550000000000, 1, 1, 1, 1, 1, 1, 1, 1
9.318560000000002, 0, 1, 0, 1, 1, 1, 1, 1
9.318770000000001, 1, 1, 1, 1, 1, 1, 1, 1
9.318820000000001, 0, 1, 0, 1, 1, 1, 1, 1
9.319030000000001, 1, 1, 1, 1, 1, 1, 1, 1
9.319160000000000, 1, 0, 1, 1, 1, 1, 1, 1
9.336580000000001, 1, 0, 0, 1, 1, 1, 1, 1
9.337510000000000, 1, 0, 1, 1, 1, 1, 1, 1
9.338580000000000, 1, 0, 0, 1, 1, 1, 1, 1
9.338630000000000, 1, 0, 1, 1, 1, 1, 1, 1
9.338730000000000, 1, 0, 0, 1, 1, 1, 1, 1
9.338890000000001, 1, 0, 1, 1, 1, 1, 1, 1
9.338940000000001, 1, 0, 0, 1, 1, 1, 1, 1
9.339050000000000, 1, 0, 1, 1, 1, 1, 1, 1
9.339120000000001, 1, 0, 0, 1, 1, 1, 1, 1
9.339220000000001, 1, 0, 1, 1, 1, 1, 1, 1
9.339270000000001, 1, 0, 0, 1, 1, 1, 1, 1
9.339380000000000, 1, 0, 1, 1, 1, 1, 1, 1
9.340580000000001, 1, 0, 0, 1, 1, 1, 1, 1
9.340630000000001, 1, 0, 1, 1, 1, 1, 1, 1
9.340680000000001, 1, 0, 0, 1, 1, 1, 1, 1
9.341050000000001, 1, 0, 1, 1, 1, 1, 1, 1
9.341120000000000, 1, 0, 0, 1, 1, 1, 1, 1
9.341530000000001, 1, 0, 1, 1, 1, 1, 1, 1
9.342580000000000, 1, 0, 0, 1, 1, 1, 1, 1
9.342630000000002, 1, 0, 1, 1, 1, 1, 1, 1
9.342740000000001, 1, 0, 0, 1, 1, 1, 1, 1
9.342790000000001, 1, 0, 1, 1, 1, 1, 1, 1
9.342840000000001, 1, 0, 0, 1, 1, 1, 1, 1
9.342890000000001, 1, 0, 1, 1, 1, 1, 1, 1
9.382460000000000, 1, 0, 0, 1, 1, 1, 1, 1
9.383390000000000, 1, 0, 1, 1, 1, 1, 1, 1
9.384620000000000, 1, 0, 0, 1, 1, 1, 1, 1
9.385090000000000, 1, 0, 1, 1, 1, 1, 1, 1
9.385150000000001, 1, 0, 0, 1, 1, 1, 1, 1
9.385250000000001, 1, 0, 1, 1, 1, 1, 1, 1
9.385300000000001, 1, 0, 0, 1, 1, 1, 1, 1
9.385610000000002, 1, 0, 1, 1, 1, 1, 1, 1
9.386620000000001, 1, 0, 0, 1, 1, 1, 1, 1
9.386670000000001, 1, 0, 1, 1, 1, 1, 1, 1
9.386720000000000, 1, 0, 0, 1, 1, 1, 1, 1
9.387090000000001, 1, 0, 1, 1, 1, 1, 1, 1
9.387150000000000, 1, 0, 0, 1, 1, 1, 1, 1
9.387250000000002, 1, 0, 1, 1, 1, 1, 1, 1
9.387300000000002, 1, 0, 0, 1, 1, 1, 1, 1
9.387620000000000, 1, 0, 1, 1, 1, 1, 1, 1
9.388580000000001, 1, 0, 0, 1, 1, 1, 1, 1
9.388730000000001, 1, 0, 1, 1, 1, 1, 1, 1
9.388790000000000, 1, 0, 0, 1, 1, 1, 1, 1
9.388840000000000, 1, 0, 1, 1, 1, 1, 1, 1
9.402680000000000, 1, 0, 0, 1, 1, 1, 1, 1
9.403610000000000, 1, 0, 1, 1, 1, 1, 1, 1
9.404820000000001, 1, 0, 0, 1, 1, 1, 1, 1
9.405030000000000, 1, 0, 1, 1, 1, 1, 1, 1
9.405080000000000, 1, 0, 0, 1, 1, 1, 1, 1
9.405130000000002, 1, 0, 1, 1, 1, 1, 1, 1
9.405190000000001, 1, 0, 0, 1, 1, 1, 1, 1
9.405290000000001, 1, 0, 1, 1, 1, 1, 1, 1
9.405390000000001, 1, 0, 0, 1, 1, 1, 1, 1
9.405440000000000, 1, 0, 1, 1, 1, 1, 1, 1
9.405490000000000, 1, 0, 0, 1, 1, 1, 1, 1
9.405650000000001, 1, 0, 1, 1, 1, 1, 1, 1
9.405700000000001, 1, 0, 0, 1, 1, 1, 1, 1
9.405850000000001, 1, 0, 1, 1, 1, 1, 1, 1
9.406810000000000, 1, 0, 0, 1, 1, 1, 1, 1
9.407130000000000, 1, 0, 1, 1, 1, 1, 1, 1
9.407180000000000, 1, 0, 0, 1, 1, 1, 1, 1
9.407280000000000, 1, 0, 1, 1, 1, 1, 1, 1
9.408780000000000, 1, 0, 0, 1, 1, 1, 1, 1
9.408840000000001, 1, 0, 1, 1, 1, 1, 1, 1
9.408890000000001, 1, 0, 0, 1, 1, 1, 1, 1
9.409100000000000, 1, 0, 1, 1, 1, 1, 1, 1
9.409200000000000, 1, 0, 0, 1, 1, 1, 1, 1
9.409250000000000, 1, 0, 1, 1, 1, 1, 1, 1
9.413000000000000, 1, 1, 1, 1, 1, 1, 1, 1
9.413020000000001, 0, 1, 0, 1, 1, 1, 1, 1
9.413950000000002, 1, 1, 1, 1, 1, 1, 1, 1
9.414020000000001, 0, 1, 0, 1, 1, 1, 1, 1
9.414430000000001, 1, 1, 1, 1, 1, 1, 1, 1
9.414590000000000, 0, 1, 0, 1, 1, 1, 1, 1
9.414640000000000, 1, 1, 1, 1, 1, 1, 1, 1
9.414740000000000, 0, 1, 0, 1, 1, 1, 1, 1
9.414900000000001, 1, 1, 1, 1, 1, 1, 1, 1
9.414950000000001, 0, 1, 0, 1, 1, 1, 1, 1
9.415050000000001, 1, 1, 1, 1, 1, 1, 1, 1
9.415170000000002, 1, 0, 1, 1, 1, 1, 1, 1
9.415350000000000, 1, 1, 1, 1, 1, 1, 1, 1
9.415370000000001, 0, 1, 0, 1, 1, 1, 1, 1
9.415420000000001, 1, 1, 1, 1, 1, 1, 1, 1
9.415470000000001, 0, 1, 0, 1, 1, 1, 1, 1
9.415570000000001, 1, 1, 1, 1, 1, 1, 1, 1
9.415630000000000, 0, 1, 0, 1, 1, 1, 1, 1
9.415680000000000, 1, 1, 1, 1, 1, 1, 1, 1
9.415730000000000, 0, 1, 0, 1, 1, 1, 1, 1
9.415830000000001, 1, 1, 1, 1, 1, 1, 1, 1
9.415890000000001, 0, 1, 1, 1, 1, 1, 1, 1
9.415900000000001, 0, 1, 0, 1, 1, 1, 1, 1
9.416360000000001, 1, 1, 1, 1, 1, 1, 1, 1
9.416430000000000, 0, 1, 0, 1, 1, 1, 1, 1
9.416690000000001, 1, 1, 1, 1, 1, 1, 1, 1
9.416740000000001, 0, 1, 0, 1, 1, 1, 1, 1
9.416900000000000, 1, 1, 1, 1, 1, 1, 1, 1
9.416960000000001, 1, 0, 1, 1, 1, 1, 1, 1
9.417150000000001, 1, 1, 1, 1, 1, 1, 1, 1
9.417170000000000, 0, 1, 0, 1, 1, 1, 1, 1
9.417220000000000, 1, 1, 1, 1, 1, 1, 1, 1
9.417270000000000, 0, 1, 0, 1, 1, 1, 1, 1
9.417320000000000, 1, 1, 1, 1, 1, 1, 1, 1
9.417370000000000, 0, 1, 0, 1, 1, 1, 1, 1
9.417530000000001, 1, 1, 1, 1, 1, 1, 1, 1
9.417760000000001, 1, 0, 1, 1, 1, 1, 1, 1
9.435170000000001, 1, 0, 0, 1, 1, 1, 1, 1
9.436100000000001, 1, 0, 1, 1, 1, 1, 1, 1
9.437330000000001, 1, 0, 0, 1, 1, 1, 1, 1
9.437430000000001, 1, 0, 1, 1, 1, 1, 1, 1
9.437480000000001, 1, 0, 0, 1, 1, 1, 1, 1
9.437640000000000, 1, 0, 1, 1, 1, 1, 1, 1
9.437690000000000, 1, 0, 0, 1, 1, 1, 1, 1
9.437800000000001, 1, 0, 1, 1, 1, 1, 1, 1
9.437870000000000, 1, 0, 0, 1, 1, 1, 1, 1
9.437980000000001, 1, 0, 1, 1, 1, 1, 1, 1
9.438030000000001, 1, 0, 0, 1, 1, 1, 1, 1
9.438190000000001, 1, 0, 1, 1, 1, 1, 1, 1
9.438240000000000, 1, 0, 0, 1, 1, 1, 1, 1
9.438340000000000, 1, 0, 1, 1, 1, 1, 1, 1
9.439310000000001, 1, 0, 0, 1, 1, 1, 1, 1
9.439360000000001, 1, 0, 1, 1, 1, 1, 1, 1
9.439420000000000, 1, 0, 0, 1, 1, 1, 1, 1
9.439780000000001, 1, 0, 1, 1, 1, 1, 1, 1
9.439840000000000, 1, 0, 0, 1, 1, 1, 1, 1
9.440260000000000, 1, 0, 1, 1, 1, 1, 1, 1
9.441260000000002, 1, 0, 0, 1, 1, 1, 1, 1
9.441360000000001, 1, 0, 1, 1, 1, 1, 1, 1
9.441410000000001, 1, 0, 0, 1, 1, 1, 1, 1
9.441520000000001, 1, 0, 1, 1, 1, 1, 1, 1
9.441570000000000, 1, 0, 0, 1, 1, 1, 1, 1
9.441620000000000, 1, 0, 1, 1, 1, 1, 1, 1
9.483120000000001, 1, 0, 0, 1, 1, 1, 1, 1
9.484050000000002, 1, 0, 1, 1, 1, 1, 1, 1
9.485130000000002, 1, 0, 0, 1, 1, 1, 1, 1
9.485600000000002, 1, 0, 1, 1, 1, 1, 1, 1
9.485660000000001, 1, 0, 0, 1, 1, 1, 1, 1
9.485760000000001, 1, 0, 1, 1, 1, 1, 1, 1
9.485810000000001, 1, 0, 0, 1, 1, 1, 1, 1
9.485920000000000, 1, 0, 1, 1, 1, 1, 1, 1
9.486020000000000, 1, 0, 0, 1, 1, 1, 1, 1
9.486130000000001, 1, 0, 1, 1, 1, 1, 1, 1
9.487130000000001, 1, 0, 0, 1, 1, 1, 1, 1
9.487180000000000, 1, 0, 1, 1, 1, 1, 1, 1
9.487230000000000, 1, 0, 0, 1, 1, 1, 1, 1
9.487600000000000, 1, 0, 1, 1, 1, 1, 1, 1
9.487660000000000, 1, 0, 0, 1, 1, 1, 1, 1
9.487760000000002, 1, 0, 1, 1, 1, 1, 1, 1
9.487810000000001, 1, 0, 0, 1, 1, 1, 1, 1
9.488130000000000, 1, 0, 1, 1, 1, 1, 1, 1
9.489260000000002, 1, 0, 0, 1, 1, 1, 1, 1
9.489320000000001, 1, 0, 1, 1, 1, 1, 1, 1
9.489370000000001, 1, 0, 0, 1, 1, 1, 1, 1
9.489420000000001, 1, 0, 1, 1, 1, 1, 1, 1
9.489470000000001, 1, 0, 0, 1, 1, 1, 1, 1
9.489530000000000, 1, 0, 1, 1, 1, 1, 1, 1
9.489580000000000, 1, 0, 0, 1, 1, 1, 1, 1
9.489730000000002, 1, 0, 1, 1, 1, 1, 1, 1
9.503320000000000, 1, 0, 0, 1, 1, 1, 1, 1
9.504250000000001, 1, 0, 1, 1, 1, 1, 1, 1
9.505340000000000, 1, 0, 0, 1, 1, 1, 1, 1
9.505540000000002, 1, 0, 1, 1, 1, 1, 1, 1
9.505600000000001, 1, 0, 0, 1, 1, 1, 1, 1
9.505650000000001, 1, 0, 1, 1, 1, 1, 1, 1
9.505700000000001, 1, 0, 0, 1, 1, 1, 1, 1
9.505800000000001, 1, 0, 1, 1, 1, 1, 1, 1
9.505870000000002, 1, 0, 0, 1, 1, 1, 1, 1
9.505920000000001, 1, 0, 1, 1, 1, 1, 1, 1
9.505970000000001, 1, 0, 0, 1, 1, 1, 1, 1
9.506230000000000, 1, 0, 1, 1, 1, 1, 1, 1
9.506280000000000, 1, 0, 0, 1, 1, 1, 1, 1
9.506330000000000, 1, 0, 1, 1, 1, 1, 1, 1
9.507340000000001, 1, 0, 0, 1, 1, 1, 1, 1
9.507650000000000, 1, 0, 1, 1, 1, 1, 1, 1
9.507710000000001, 1, 0, 0, 1, 1, 1, 1, 1
9.507810000000001, 1, 0, 1, 1, 1, 1, 1, 1
9.509470000000000, 1, 0, 0, 1, 1, 1, 1, 1
9.509520000000000, 1, 0, 1, 1, 1, 1, 1, 1
9.509570000000000, 1, 0, 0, 1, 1, 1, 1, 1
9.509630000000001, 1, 0, 1, 1, 1, 1, 1, 1
9.509730000000001, 1, 0, 0, 1, 1, 1, 1, 1
9.509780000000001, 1, 0, 1, 1, 1, 1, 1, 1
9.509890000000000, 1, 0, 0, 1, 1, 1, 1, 1
9.509940000000000, 1, 0, 1, 1, 1, 1, 1, 1
9.513890000000000, 1, 1, 1, 1, 1, 1, 1, 1
9.513920000000001, 0, 1, 0, 1, 1, 1, 1, 1
9.514850000000001, 1, 1, 1, 1, 1, 1, 1, 1
9.514920000000000, 0, 1, 0, 1, 1, 1, 1, 1
9.515330000000001, 1, 1, 1, 1, 1, 1, 1, 1
9.515480000000000, 0, 1, 0, 1, 1, 1, 1, 1
9.515540000000001, 1, 1, 1, 1, 1, 1, 1, 1
9.515640000000001, 0, 1, 0, 1, 1, 1, 1, 1
9.515740000000001, 1, 1, 1, 1, 1, 1, 1, 1
9.515790000000001, 0, 1, 0, 1, 1, 1, 1, 1
9.515840000000001, 1, 1, 1, 1, 1, 1, 1, 1
9.515900000000000, 0, 1, 0, 1, 1, 1, 1, 1
9.515950000000000, 1, 1, 1, 1, 1, 1, 1, 1
9.516060000000001, 1, 0, 1, 1, 1, 1, 1, 1
9.516250000000001, 1, 1, 1, 1, 1, 1, 1, 1
9.516270000000000, 0, 1, 0, 1, 1, 1, 1, 1
9.516320000000000, 1, 1, 1, 1, 1, 1, 1, 1
9.516370000000000, 0, 1, 0, 1, 1, 1, 1, 1
9.516470000000000, 1, 1, 1, 1, 1, 1, 1, 1
9.516520000000002, 0, 1, 0, 1, 1, 1, 1, 1
9.516570000000002, 1, 1, 1, 1, 1, 1, 1, 1
9.516630000000001, 0, 1, 0, 1, 1, 1, 1, 1
9.516730000000001, 1, 1, 1, 1, 1, 1, 1, 1
9.516790000000000, 0, 1, 0, 1, 1, 1, 1, 1
9.517260000000000, 1, 1, 1, 1, 1, 1, 1, 1
9.517330000000001, 0, 1, 0, 1, 1, 1, 1, 1
9.517590000000000, 1, 1, 1, 1, 1, 1, 1, 1
9.517640000000000, 0, 1, 0, 1, 1, 1, 1, 1
9.517790000000002, 1, 1, 1, 1, 1, 1, 1, 1
9.517860000000001, 1, 0, 1, 1, 1, 1, 1, 1
9.518050000000001, 1, 1, 1, 1, 1, 1, 1, 1
9.518060000000000, 0, 1, 0, 1, 1, 1, 1, 1
9.518120000000001, 1, 1, 1, 1, 1, 1, 1, 1
9.518270000000001, 0, 1, 0, 1, 1, 1, 1, 1
9.518320000000001, 1, 1, 1, 1, 1, 1, 1, 1
9.518660000000001, 1, 0, 1, 1, 1, 1, 1, 1
9.536060000000001, 1, 0, 0, 1, 1, 1, 1, 1
9.536990000000001, 1, 0, 1, 1, 1, 1, 1, 1
9.538030000000001, 1, 0, 0, 1, 1, 1, 1, 1
9.538090000000000, 1, 0, 1, 1, 1, 1, 1, 1
9.538140000000000, 1, 0, 0, 1, 1, 1, 1, 1
9.538350000000001, 1, 0, 1, 1, 1, 1, 1, 1
9.538400000000001, 1, 0, 0, 1, 1, 1, 1, 1
9.538500000000001, 1, 0, 1, 1, 1, 1, 1, 1
9.538560000000000, 1, 0, 0, 1, 1, 1, 1, 1
9.538670000000002, 1, 0, 1, 1, 1, 1, 1, 1
9.538720000000001, 1, 0, 0, 1, 1, 1, 1, 1
9.538830000000001, 1, 0, 1, 1, 1, 1, 1, 1
9.538880000000001, 1, 0, 0, 1, 1, 1, 1, 1
9.538930000000001, 1, 0, 1, 1, 1, 1, 1, 1
9.538980000000000, 1, 0, 0, 1, 1, 1, 1, 1
9.539030000000000, 1, 0, 1, 1, 1, 1, 1, 1
9.540170000000002, 1, 0, 0, 1, 1, 1, 1, 1
9.540220000000001, 1, 0, 1, 1, 1, 1, 1, 1
9.540280000000001, 1, 0, 0, 1, 1, 1, 1, 1
9.540640000000002, 1, 0, 1, 1, 1, 1, 1, 1
9.540700000000001, 1, 0, 0, 1, 1, 1, 1, 1
9.541120000000001, 1, 0, 1, 1, 1, 1, 1, 1
9.542160000000001, 1, 0, 0, 1, 1, 1, 1, 1
9.542210000000001, 1, 0, 1, 1, 1, 1, 1, 1
9.542420000000000, 1, 0, 0, 1, 1, 1, 1, 1
9.542580000000001, 1, 0, 1, 1, 1, 1, 1, 1
9.583980000000000, 1, 0, 0, 1, 1, 1, 1, 1
9.584910000000001, 1, 0, 1, 1, 1, 1, 1, 1
9.586020000000001, 1, 0, 0, 1, 1, 1, 1, 1
9.586490000000001, 1, 0, 1, 1, 1, 1, 1, 1
9.586550000000001, 1, 0, 0, 1, 1, 1, 1, 1
9.586650000000001, 1, 0, 1, 1, 1, 1, 1, 1
9.586700000000000, 1, 0, 0, 1, 1, 1, 1, 1
9.586860000000001, 1, 0, 1, 1, 1, 1, 1, 1
9.586970000000001, 1, 0, 0, 1, 1, 1, 1, 1
9.587020000000001, 1, 0, 1, 1, 1, 1, 1, 1
9.587980000000000, 1, 0, 0, 1, 1, 1, 1, 1
9.588030000000002, 1, 0, 1, 1, 1, 1, 1, 1
9.588090000000001, 1, 0, 0, 1, 1, 1, 1, 1
9.588450000000000, 1, 0, 1, 1, 1, 1, 1, 1
9.588510000000001, 1, 0, 0, 1, 1, 1, 1, 1
9.588620000000001, 1, 0, 1, 1, 1, 1, 1, 1
9.588670000000000, 1, 0, 0, 1, 1, 1, 1, 1
9.588980000000001, 1, 0, 1, 1, 1, 1, 1, 1
9.589930000000001, 1, 0, 0, 1, 1, 1, 1, 1
9.589980000000001, 1, 0, 1, 1, 1, 1, 1, 1
9.590030000000000, 1, 0, 0, 1, 1, 1, 1, 1
9.590190000000002, 1, 0, 1, 1, 1, 1, 1, 1
9.590290000000001, 1, 0, 0, 1, 1, 1, 1, 1
9.590400000000001, 1, 0, 1, 1, 1, 1, 1, 1
9.604060000000000, 1, 0, 0, 1, 1, 1, 1, 1
9.604990000000001, 1, 0, 1, 1, 1, 1, 1, 1
9.606210000000001, 1, 0, 0, 1, 1, 1, 1, 1
9.606410000000000, 1, 0, 1, 1, 1, 1, 1, 1
9.606470000000002, 1, 0, 0, 1, 1, 1, 1, 1
9.606520000000002, 1, 0, 1, 1, 1, 1, 1, 1
9.606570000000001, 1, 0, 0, 1, 1, 1, 1, 1
9.606670000000001, 1, 0, 1, 1, 1, 1, 1, 1
9.606730000000001, 1, 0, 0, 1, 1, 1, 1, 1
9.606790000000000, 1, 0, 1, 1, 1, 1, 1, 1
9.606840000000000, 1, 0, 0, 1, 1, 1, 1, 1
9.607000000000001, 1, 0, 1, 1, 1, 1, 1, 1
9.607150000000001, 1, 0, 0, 1, 1, 1, 1, 1
9.607200000000001, 1, 0, 1, 1, 1, 1, 1, 1
9.608180000000001, 1, 0, 0, 1, 1, 1, 1, 1
9.608490000000002, 1, 0, 1, 1, 1, 1, 1, 1
9.608550000000001, 1, 0, 0, 1, 1, 1, 1, 1
9.608650000000001, 1, 0, 1, 1, 1, 1, 1, 1
9.610160000000000, 1, 0, 0, 1, 1, 1, 1, 1
9.610320000000002, 1, 0, 1, 1, 1, 1, 1, 1
9.610370000000001, 1, 0, 0, 1, 1, 1, 1, 1
9.610420000000001, 1, 0, 1, 1, 1, 1, 1, 1
9.610480000000001, 1, 0, 0, 1, 1, 1, 1, 1
9.610580000000001, 1, 0, 1, 1, 1, 1, 1, 1
9.614620000000000, 1, 1, 1, 1, 1, 1, 1, 1
9.614640000000001, 0, 1, 0, 1, 1, 1, 1, 1
9.615570000000000, 1, 1, 1, 1, 1, 1, 1, 1
9.615640000000001, 0, 1, 0, 1, 1, 1, 1, 1
9.616050000000001, 1, 1, 1, 1, 1, 1, 1, 1
9.616210000000001, 0, 1, 0, 1, 1, 1, 1, 1
9.616260000000000, 1, 1, 1, 1, 1, 1, 1, 1
9.616360000000000, 0, 1, 0, 1, 1, 1, 1, 1
9.616620000000001, 1, 1, 1, 1, 1, 1, 1, 1
9.616790000000000, 1, 0, 1, 1, 1, 1, 1, 1
9.616970000000000, 1, 1, 1, 1, 1, 1, 1, 1
9.616990000000001, 0, 1, 0, 1, 1, 1, 1, 1
9.617040000000001, 1, 1, 1, 1, 1, 1, 1, 1
9.617090000000001, 0, 1, 0, 1, 1, 1, 1, 1
9.617190000000001, 1, 1, 1, 1, 1, 1, 1, 1
9.617250000000000, 0, 1, 0, 1, 1, 1, 1, 1
9.617300000000000, 1, 1, 1, 1, 1, 1, 1, 1
9.617350000000000, 0, 1, 0, 1, 1, 1, 1, 1
9.617450000000002, 1, 1, 1, 1, 1, 1, 1, 1
9.617520000000001, 0, 1, 0, 1, 1, 1, 1, 1
9.617980000000001, 1, 1, 1, 1, 1, 1, 1, 1
9.618050000000000, 0, 1, 0, 1, 1, 1, 1, 1
9.618310000000001, 1, 1, 1, 1, 1, 1, 1, 1
9.618360000000001, 0, 1, 0, 1, 1, 1, 1, 1
9.618520000000000, 1, 1, 1, 1, 1, 1, 1, 1
9.618590000000001, 1, 0, 1, 1, 1, 1, 1, 1
9.618770000000001, 1, 1, 1, 1, 1, 1, 1, 1
9.618790000000001, 0, 1, 0, 1, 1, 1, 1, 1
9.618890000000000, 1, 1, 1, 1, 1, 1, 1, 1
9.618940000000000, 0, 1, 0, 1, 1, 1, 1, 1
9.618990000000000, 1, 1, 1, 1, 1, 1, 1, 1
9.619150000000001, 0, 1, 0, 1, 1, 1, 1, 1
9.619250000000001, 1, 1, 1, 1, 1, 1, 1, 1
9.619380000000001, 1, 0, 1, 1, 1, 1, 1, 1
9.636680000000000, 1, 0, 0, 1, 1, 1, 1, 1
9.637610000000000, 1, 0, 1, 1, 1, 1, 1, 1
9.638710000000001, 1, 0, 0, 1, 1, 1, 1, 1
9.639020000000000, 1, 0, 1, 1, 1, 1, 1, 1
9.639080000000002, 1, 0, 0, 1, 1, 1, 1, 1
9.639180000000001, 1, 0, 1, 1, 1, 1, 1, 1
9.639240000000001, 1, 0, 0, 1, 1, 1, 1, 1
9.639350000000000, 1, 0, 1, 1, 1, 1, 1, 1
9.639400000000000, 1, 0, 0, 1, 1, 1, 1, 1
9.639660000000001, 1, 0, 1, 1, 1, 1, 1, 1
9.640680000000001, 1, 0, 0, 1, 1, 1, 1, 1
9.640730000000001, 1, 0, 1, 1, 1, 1, 1, 1
9.640780000000001, 1, 0, 0, 1, 1, 1, 1, 1
9.641150000000001, 1, 0, 1, 1, 1, 1, 1, 1
9.641220000000001, 1, 0, 0, 1, 1, 1, 1, 1
9.641640000000001, 1, 0, 1, 1, 1, 1, 1, 1
9.642860000000001, 1, 0, 0, 1, 1, 1, 1, 1
9.642960000000000, 1, 0, 1, 1, 1, 1, 1, 1
9.643070000000002, 1, 0, 0, 1, 1, 1, 1, 1
9.643120000000001, 1, 0, 1, 1, 1, 1, 1, 1
9.643220000000001, 1, 0, 0, 1, 1, 1, 1, 1
9.643280000000001, 1, 0, 1, 1, 1, 1, 1, 1
9.684630000000000, 1, 0, 0, 1, 1, 1, 1, 1
9.685560000000001, 1, 0, 1, 1, 1, 1, 1, 1
9.686710000000001, 1, 0, 0, 1, 1, 1, 1, 1
9.687170000000000, 1, 0, 1, 1, 1, 1, 1, 1
9.687260000000000, 1, 0, 0, 1, 1, 1, 1, 1
9.687370000000001, 1, 0, 1, 1, 1, 1, 1, 1
9.687420000000001, 1, 0, 0, 1, 1, 1, 1, 1
9.687520000000001, 1, 0, 1, 1, 1, 1, 1, 1
9.687580000000001, 1, 0, 0, 1, 1, 1, 1, 1
9.687680000000000, 1, 0, 1, 1, 1, 1, 1, 1
9.688650000000001, 1, 0, 0, 1, 1, 1, 1, 1
9.688700000000001, 1, 0, 1, 1, 1, 1, 1, 1
9.688750000000001, 1, 0, 0, 1, 1, 1, 1, 1
9.689120000000001, 1, 0, 1, 1, 1, 1, 1, 1
9.689180000000000, 1, 0, 0, 1, 1, 1, 1, 1
9.689280000000000, 1, 0, 1, 1, 1, 1, 1, 1
9.689340000000001, 1, 0, 0, 1, 1, 1, 1, 1
9.689650000000000, 1, 0, 1, 1, 1, 1, 1, 1
9.690630000000001, 1, 0, 0, 1, 1, 1, 1, 1
9.690690000000000, 1, 0, 1, 1, 1, 1, 1, 1
9.690740000000000, 1, 0, 0, 1, 1, 1, 1, 1
9.690790000000002, 1, 0, 1, 1, 1, 1, 1, 1
9.690950000000001, 1, 0, 0, 1, 1, 1, 1, 1
9.691000000000001, 1, 0, 1, 1, 1, 1, 1, 1
9.691050000000001, 1, 0, 0, 1, 1, 1, 1, 1
9.691100000000000, 1, 0, 1, 1, 1, 1, 1, 1
9.704750000000001, 1, 0, 0, 1, 1, 1, 1, 1
9.705680000000001, 1, 0, 1, 1, 1, 1, 1, 1
9.706790000000002, 1, 0, 0, 1, 1, 1, 1, 1
9.707000000000001, 1, 0, 1, 1, 1, 1, 1, 1
9.707050000000001, 1, 0, 0, 1, 1, 1, 1, 1
9.707100000000001, 1, 0, 1, 1, 1, 1, 1, 1
9.707160000000000, 1, 0, 0, 1, 1, 1, 1, 1
9.707260000000002, 1, 0, 1, 1, 1, 1, 1, 1
9.707340000000000, 1, 0, 0, 1, 1, 1, 1, 1
9.707400000000002, 1, 0, 1, 1, 1, 1, 1, 1
9.707450000000001, 1, 0, 0, 1, 1, 1, 1, 1
9.707660000000001, 1, 0, 1, 1, 1, 1, 1, 1
9.707710000000001, 1, 0, 0, 1, 1, 1, 1, 1
9.707760000000000, 1, 0, 1, 1, 1, 1, 1, 1
9.709670000000001, 1, 0, 0, 1, 1, 1, 1, 1
9.709990000000001, 1, 0, 1, 1, 1, 1, 1, 1
9.710040000000001, 1, 0, 0, 1, 1, 1, 1, 1
9.710140000000001, 1, 0, 1, 1, 1, 1, 1, 1
9.711610000000000, 1, 0, 0, 1, 1, 1, 1, 1
9.711720000000001, 1, 0, 1, 1, 1, 1, 1, 1
9.711880000000001, 1, 0, 0, 1, 1, 1, 1, 1
9.711930000000001, 1, 0, 1, 1, 1, 1, 1, 1
9.711980000000001, 1, 0, 0, 1, 1, 1, 1, 1
9.712080000000000, 1, 0, 1, 1, 1, 1, 1, 1
9.716000000000001, 1, 1, 1, 1, 1, 1, 1, 1
9.716030000000000, 0, 1, 0, 1, 1, 1, 1, 1
9.716960000000000, 1, 1, 1, 1, 1, 1, 1, 1
9.717140000000001, 0, 1, 0, 1, 1, 1, 1, 1
9.717550000000001, 1, 1, 1, 1, 1, 1, 1, 1
9.717730000000001, 0, 1, 0, 1, 1, 1, 1, 1
9.717780000000001, 1, 1, 1, 1, 1, 1, 1, 1
9.717890000000001, 0, 1, 0, 1, 1, 1, 1, 1
9.717990000000000, 1, 1, 1, 1, 1, 1, 1, 1
9.718090000000000, 0, 1, 0, 1, 1, 1, 1, 1
9.718140000000000, 1, 1, 1, 1, 1, 1, 1, 1
9.718310000000001, 1, 0, 1, 1, 1, 1, 1, 1
9.718490000000001, 1, 1, 1, 1, 1, 1, 1, 1
9.718510000000000, 0, 1, 0, 1, 1, 1, 1, 1
9.718560000000000, 1, 1, 1, 1, 1, 1, 1, 1
9.718610000000000, 0, 1, 0, 1, 1, 1, 1, 1
9.718710000000002, 1, 1, 1, 1, 1, 1, 1, 1
9.718770000000001, 0, 1, 0, 1, 1, 1, 1, 1
9.718820000000001, 1, 1, 1, 1, 1, 1, 1, 1
9.718870000000001, 0, 1, 0, 1, 1, 1, 1, 1
9.718970000000001, 1, 1, 1, 1, 1, 1, 1, 1
9.719040000000001, 0, 1, 0, 1, 1, 1, 1, 1
9.719500000000000, 1, 1, 1, 1, 1, 1, 1, 1
9.719570000000001, 0, 1, 0, 1, 1, 1, 1, 1
9.719830000000000, 1, 1, 1, 1, 1, 1, 1, 1
9.719880000000002, 0, 1, 0, 1, 1, 1, 1, 1
9.720040000000001, 1, 1, 1, 1, 1, 1, 1, 1
9.720100000000000, 1, 0, 1, 1, 1, 1, 1, 1
9.720290000000000, 1, 1, 1, 1, 1, 1, 1, 1
9.720310000000001, 0, 1, 0, 1, 1, 1, 1, 1
9.720360000000001, 1, 1, 1, 1, 1, 1, 1, 1
9.720460000000001, 0, 1, 0, 1, 1, 1, 1, 1
9.720560000000001, 1, 1, 1, 1, 1, 1, 1, 1
9.720620000000000, 0, 1, 0, 1, 1, 1, 1, 1
9.720720000000000, 1, 1, 1, 1, 1, 1, 1, 1
9.720900000000000, 1, 0, 1, 1, 1, 1, 1, 1
9.738200000000001, 1, 0, 0, 1, 1, 1, 1, 1
9.739130000000001, 1, 0, 1, 1, 1, 1, 1, 1
9.740200000000002, 1, 0, 0, 1, 1, 1, 1, 1
9.740260000000001, 1, 0, 1, 1, 1, 1, 1, 1
9.740520000000000, 1, 0, 0, 1, 1, 1, 1, 1
9.740670000000001, 1, 0, 1, 1, 1, 1, 1, 1
9.740740000000001, 1, 0, 0, 1, 1, 1, 1, 1
9.740850000000000, 1, 0, 1, 1, 1, 1, 1, 1
9.740900000000002, 1, 0, 0, 1, 1, 1, 1, 1
9.741000000000001, 1, 0, 1, 1, 1, 1, 1, 1
9.741110000000001, 1, 0, 0, 1, 1, 1, 1, 1
9.741160000000001, 1, 0, 1, 1, 1, 1, 1, 1
9.742170000000002, 1, 0, 0, 1, 1, 1, 1, 1
9.742220000000001, 1, 0, 1, 1, 1, 1, 1, 1
9.742270000000001, 1, 0, 0, 1, 1, 1, 1, 1
9.742630000000000, 1, 0, 1, 1, 1, 1, 1, 1
9.742700000000001, 1, 0, 0, 1, 1, 1, 1, 1
9.743110000000001, 1, 0, 1, 1, 1, 1, 1, 1
9.744330000000001, 1, 0, 0, 1, 1, 1, 1, 1
9.744490000000001, 1, 0, 1, 1, 1, 1, 1, 1
9.744590000000001, 1, 0, 0, 1, 1, 1, 1, 1
9.744640000000000, 1, 0, 1, 1, 1, 1, 1, 1
9.744690000000000, 1, 0, 0, 1, 1, 1, 1, 1
9.744800000000001, 1, 0, 1, 1, 1, 1, 1, 1
9.784030000000001, 1, 0, 0, 1, 1, 1, 1, 1
9.784960000000002, 1, 0, 1, 1, 1, 1, 1, 1
9.786190000000001, 1, 0, 0, 1, 1, 1, 1, 1
9.786660000000001, 1, 0, 1, 1, 1, 1, 1, 1
9.786720000000001, 1, 0, 0, 1, 1, 1, 1, 1
9.786820000000001, 1, 0, 1, 1, 1, 1, 1, 1
9.786870000000000, 1, 0, 0, 1, 1, 1, 1, 1
9.787080000000001, 1, 0, 1, 1, 1, 1, 1, 1
9.788300000000001, 1, 0, 0, 1, 1, 1, 1, 1
9.788360000000001, 1, 0, 1, 1, 1, 1, 1, 1
9.788410000000001, 1, 0, 0, 1, 1, 1, 1, 1
9.788770000000001, 1, 0, 1, 1, 1, 1, 1, 1
9.788830000000001, 1, 0, 0, 1, 1, 1, 1, 1
9.788940000000000, 1, 0, 1, 1, 1, 1, 1, 1
9.788990000000000, 1, 0, 0, 1, 1, 1, 1, 1
9.789300000000001, 1, 0, 1, 1, 1, 1, 1, 1
9.790310000000002, 1, 0, 0, 1, 1, 1, 1, 1
9.790370000000001, 1, 0, 1, 1, 1, 1, 1, 1
9.790420000000001, 1, 0, 0, 1, 1, 1, 1, 1
9.790520000000001, 1, 0, 1, 1, 1, 1, 1, 1
9.790730000000000, 1, 0, 0, 1, 1, 1, 1, 1
9.790780000000002, 1, 0, 1, 1, 1, 1, 1, 1
9.804250000000001, 1, 0, 0, 1, 1, 1, 1, 1
9.805180000000000, 1, 0, 1, 1, 1, 1, 1, 1
9.806400000000000, 1, 0, 0, 1, 1, 1, 1, 1
9.806610000000001, 1, 0, 1, 1, 1, 1, 1, 1
9.806660000000001, 1, 0, 0, 1, 1, 1, 1, 1
9.806710000000001, 1, 0, 1, 1, 1, 1, 1, 1
9.806760000000001, 1, 0, 0, 1, 1, 1, 1, 1
9.806870000000000, 1, 0, 1, 1, 1, 1, 1, 1
9.806930000000001, 1, 0, 0, 1, 1, 1, 1, 1
9.806980000000001, 1, 0, 1, 1, 1, 1, 1, 1
9.807030000000001, 1, 0, 0, 1, 1, 1, 1, 1
9.807190000000000, 1, 0, 1, 1, 1, 1, 1, 1
9.807240000000000, 1, 0, 0, 1, 1, 1, 1, 1
9.807290000000000, 1, 0, 1, 1, 1, 1, 1, 1
9.808400000000001, 1, 0, 0, 1, 1, 1, 1, 1
9.808720000000001, 1, 0, 1, 1, 1, 1, 1, 1
9.808770000000001, 1, 0, 0, 1, 1, 1, 1, 1
9.808870000000001, 1, 0, 1, 1, 1, 1, 1, 1
9.810400000000001, 1, 0, 0, 1, 1, 1, 1, 1
9.810560000000001, 1, 0, 1, 1, 1, 1, 1, 1
9.810670000000000, 1, 0, 0, 1, 1, 1, 1, 1
9.810820000000001, 1, 0, 1, 1, 1, 1, 1, 1
9.814700000000000, 1, 1, 1, 1, 1, 1, 1, 1
9.814730000000001, 0, 1, 0, 1, 1, 1, 1, 1
9.815650000000002, 1, 1, 1, 1, 1, 1, 1, 1
9.815720000000001, 0, 1, 0, 1, 1, 1, 1, 1
9.816140000000001, 1, 1, 1, 1, 1, 1, 1, 1
9.816290000000000, 0, 1, 0, 1, 1, 1, 1, 1
9.816340000000000, 1, 1, 1, 1, 1, 1, 1, 1
9.816450000000001, 0, 1, 0, 1, 1, 1, 1, 1
9.816600000000001, 1, 1, 1, 1, 1, 1, 1, 1
9.816870000000002, 1, 0, 1, 1, 1, 1, 1, 1
9.817060000000001, 1, 1, 1, 1, 1, 1, 1, 1
9.817070000000001, 0, 1, 0, 1, 1, 1, 1, 1
9.817120000000001, 1, 1, 1, 1, 1, 1, 1, 1
9.817180000000000, 0, 1, 0, 1, 1, 1, 1, 1
9.817280000000000, 1, 1, 1, 1, 1, 1, 1, 1
9.817330000000000, 0, 1, 0, 1, 1, 1, 1, 1
9.817380000000000, 1, 1, 1, 1, 1, 1, 1, 1
9.817430000000002, 0, 1, 0, 1, 1, 1, 1, 1
9.817540000000001, 1, 1, 1, 1, 1, 1, 1, 1
9.817590000000001, 0, 1, 0, 1, 1, 1, 1, 1
9.818050000000001, 1, 1, 1, 1, 1, 1, 1, 1
9.818110000000001, 0, 1, 0, 1, 1, 1, 1, 1
9.818370000000002, 1, 1, 1, 1, 1, 1, 1, 1
9.818420000000001, 0, 1, 0, 1, 1, 1, 1, 1
9.818570000000001, 1, 1, 1, 1, 1, 1, 1, 1
9.818640000000000, 1, 0, 1, 1, 1, 1, 1, 1
9.818830000000000, 1, 1, 1, 1, 1, 1, 1, 1
9.818840000000002, 0, 1, 0, 1, 1, 1, 1, 1
9.818900000000001, 1, 1, 1, 1, 1, 1, 1, 1
9.819100000000001, 0, 1, 0, 1, 1, 1, 1, 1
9.819150000000000, 1, 1, 1, 1, 1, 1, 1, 1
9.819260000000002, 0, 1, 0, 1, 1, 1, 1, 1
9.819310000000002, 1, 1, 1, 1, 1, 1, 1, 1
9.819440000000000, 1, 0, 1, 1, 1, 1, 1, 1
9.837050000000001, 1, 0, 0, 1, 1, 1, 1, 1
9.837980000000000, 1, 0, 1, 1, 1, 1, 1, 1
9.839130000000001, 1, 0, 0, 1, 1, 1, 1, 1
9.839230000000001, 1, 0, 1, 1, 1, 1, 1, 1
9.839440000000002, 1, 0, 0, 1, 1, 1, 1, 1
9.839600000000001, 1, 0, 1, 1, 1, 1, 1, 1
9.839660000000000, 1, 0, 0, 1, 1, 1, 1, 1
9.839770000000001, 1, 0, 1, 1, 1, 1, 1, 1
9.839820000000001, 1, 0, 0, 1, 1, 1, 1, 1
9.839980000000001, 1, 0, 1, 1, 1, 1, 1, 1
9.841140000000001, 1, 0, 0, 1, 1, 1, 1, 1
9.841190000000001, 1, 0, 1, 1, 1, 1, 1, 1
9.841240000000001, 1, 0, 0, 1, 1, 1, 1, 1
9.841610000000001, 1, 0, 1, 1, 1, 1, 1, 1
9.841670000000001, 1, 0, 0, 1, 1, 1, 1, 1
9.842090000000001, 1, 0, 1, 1, 1, 1, 1, 1
9.843130000000000, 1, 0, 0, 1, 1, 1, 1, 1
9.843230000000000, 1, 0, 1, 1, 1, 1, 1, 1
9.843440000000001, 1, 0, 0, 1, 1, 1, 1, 1
9.843600000000000, 1, 0, 1, 1, 1, 1, 1, 1
9.884750000000000, 1, 0, 0, 1, 1, 1, 1, 1
9.885680000000001, 1, 0, 1, 1, 1, 1, 1, 1
9.886720000000000, 1, 0, 0, 1, 1, 1, 1, 1
9.887190000000000, 1, 0, 1, 1, 1, 1, 1, 1
9.887250000000002, 1, 0, 0, 1, 1, 1, 1, 1
9.887360000000001, 1, 0, 1, 1, 1, 1, 1, 1
9.887410000000001, 1, 0, 0, 1, 1, 1, 1, 1
9.887510000000001, 1, 0, 1, 1, 1, 1, 1, 1
9.888950000000001, 1, 0, 0, 1, 1, 1, 1, 1
9.889010000000001, 1, 0, 1, 1, 1, 1, 1, 1
9.889060000000001, 1, 0, 0, 1, 1, 1, 1, 1
9.889420000000001, 1, 0, 1, 1, 1, 1, 1, 1
9.889480000000001, 1, 0, 0, 1, 1, 1, 1, 1
9.889590000000000, 1, 0, 1, 1, 1, 1, 1, 1
9.889640000000000, 1, 0, 0, 1, 1, 1, 1, 1
9.889950000000001, 1, 0, 1, 1, 1, 1, 1, 1
9.891080000000001, 1, 0, 0, 1, 1, 1, 1, 1
9.891290000000001, 1, 0, 1, 1, 1, 1, 1, 1
9.891390000000001, 1, 0, 0, 1, 1, 1, 1, 1
9.891500000000001, 1, 0, 1, 1, 1, 1, 1, 1
9.905020000000000, 1, 0, 0, 1, 1, 1, 1, 1
9.905950000000001, 1, 0, 1, 1, 1, 1, 1, 1
9.907000000000000, 1, 0, 0, 1, 1, 1, 1, 1
9.907210000000001, 1, 0, 1, 1, 1, 1, 1, 1
9.907260000000001, 1, 0, 0, 1, 1, 1, 1, 1
9.907310000000001, 1, 0, 1, 1, 1, 1, 1, 1
9.907370000000000, 1, 0, 0, 1, 1, 1, 1, 1
9.907470000000000, 1, 0, 1, 1, 1, 1, 1, 1
9.907530000000001, 1, 0, 0, 1, 1, 1, 1, 1
9.907580000000001, 1, 0, 1, 1, 1, 1, 1, 1
9.907630000000001, 1, 0, 0, 1, 1, 1, 1, 1
9.908000000000001, 1, 0, 1, 1, 1, 1, 1, 1
9.909160000000000, 1, 0, 0, 1, 1, 1, 1, 1
9.909470000000001, 1, 0, 1, 1, 1, 1, 1, 1
9.909520000000001, 1, 0, 0, 1, 1, 1, 1, 1
9.909630000000000, 1, 0, 1, 1, 1, 1, 1, 1
9.911190000000001, 1, 0, 0, 1, 1, 1, 1, 1
9.911290000000001, 1, 0, 1, 1, 1, 1, 1, 1
9.911400000000000, 1, 0, 0, 1, 1, 1, 1, 1
9.911450000000000, 1, 0, 1, 1, 1, 1, 1, 1
9.911550000000000, 1, 0, 0, 1, 1, 1, 1, 1
9.911660000000001, 1, 0, 1, 1, 1, 1, 1, 1
9.915410000000001, 1, 1, 1, 1, 1, 1, 1, 1
9.915440000000000, 0, 1, 0, 1, 1, 1, 1, 1
9.916360000000001, 1, 1, 1, 1, 1, 1, 1, 1
9.916430000000000, 0, 1, 0, 1, 1, 1, 1, 1
9.916850000000000, 1, 1, 1, 1, 1, 1, 1, 1
9.917000000000002, 0, 1, 0, 1, 1, 1, 1, 1
9.917050000000001, 1, 1, 1, 1, 1, 1, 1, 1
9.917150000000001, 0, 1, 0, 1, 1, 1, 1, 1
9.917260000000001, 1, 1, 1, 1, 1, 1, 1, 1
9.917310000000001, 0, 1, 0, 1, 1, 1, 1, 1
9.917460000000000, 1, 1, 1, 1, 1, 1, 1, 1
9.917580000000001, 1, 0, 1, 1, 1, 1, 1, 1
9.917770000000001, 1, 1, 1, 1, 1, 1, 1, 1
9.917780000000000, 0, 1, 0, 1, 1, 1, 1, 1
9.917830000000000, 1, 1, 1, 1, 1, 1, 1, 1
9.917880000000000, 0, 1, 1, 1, 1, 1, 1, 1
9.917890000000002, 0, 1, 0, 1, 1, 1, 1, 1
9.917990000000001, 1, 1, 1, 1, 1, 1, 1, 1
9.918040000000001, 0, 1, 0, 1, 1, 1, 1, 1
9.918090000000001, 1, 1, 1, 1, 1, 1, 1, 1
9.918140000000001, 0, 1, 0, 1, 1, 1, 1, 1
9.918240000000001, 1, 1, 0, 1, 1, 1, 1, 1
9.918250000000000, 1, 1, 1, 1, 1, 1, 1, 1
9.918310000000000, 0, 1, 0, 1, 1, 1, 1, 1
9.918770000000000, 1, 1, 1, 1, 1, 1, 1, 1
9.918850000000001, 0, 1, 0, 1, 1, 1, 1, 1
9.919110000000002, 1, 1, 1, 1, 1, 1, 1, 1
9.919160000000002, 0, 1, 0, 1, 1, 1, 1, 1
9.919310000000001, 1, 1, 1, 1, 1, 1, 1, 1
9.919410000000001, 1, 0, 1, 1, 1, 1, 1, 1
9.919630000000002, 1, 1, 1, 1, 1, 1, 1, 1
9.919650000000001, 0, 1, 0, 1, 1, 1, 1, 1
9.919800000000000, 1, 1, 1, 1, 1, 1, 1, 1
9.919900000000000, 0, 1, 0, 1, 1, 1, 1, 1
9.919950000000000, 1, 1, 1, 1, 1, 1, 1, 1
9.920060000000001, 0, 1, 0, 1, 1, 1, 1, 1
9.920110000000001, 1, 1, 1, 1, 1, 1, 1, 1
9.920170000000001, 1, 0, 1, 1, 1, 1, 1, 1
9.937510000000001, 1, 0, 0, 1, 1, 1, 1, 1
9.938440000000000, 1, 0, 1, 1, 1, 1, 1, 1
9.939700000000000, 1, 0, 0, 1, 1, 1, 1, 1
9.939750000000000, 1, 0, 1, 1, 1, 1, 1, 1
9.939810000000001, 1, 0, 0, 1, 1, 1, 1, 1
9.939860000000001, 1, 0, 1, 1, 1, 1, 1, 1
9.940010000000001, 1, 0, 0, 1, 1, 1, 1, 1
9.940170000000000, 1, 0, 1, 1, 1, 1, 1, 1
9.940230000000001, 1, 0, 0, 1, 1, 1, 1, 1
9.940340000000001, 1, 0, 1, 1, 1, 1, 1, 1
9.940390000000001, 1, 0, 0, 1, 1, 1, 1, 1
9.940490000000000, 1, 0, 1, 1, 1, 1, 1, 1
9.940540000000000, 1, 0, 0, 1, 1, 1, 1, 1
9.940700000000001, 1, 0, 1, 1, 1, 1, 1, 1
9.941720000000000, 1, 0, 0, 1, 1, 1, 1, 1
9.941770000000000, 1, 0, 1, 1, 1, 1, 1, 1
9.941820000000002, 1, 0, 0, 1, 1, 1, 1, 1
9.942190000000000, 1, 0, 1, 1, 1, 1, 1, 1
9.942250000000001, 1, 0, 0, 1, 1, 1, 1, 1
9.942670000000001, 1, 0, 1, 1, 1, 1, 1, 1
9.943830000000000, 1, 0, 0, 1, 1, 1, 1, 1
9.944040000000001, 1, 0, 1, 1, 1, 1, 1, 1
9.944100000000001, 1, 0, 0, 1, 1, 1, 1, 1
9.944200000000000, 1, 0, 1, 1, 1, 1, 1, 1
9.944250000000000, 1, 0, 0, 1, 1, 1, 1, 1
9.944300000000000, 1, 0, 1, 1, 1, 1, 1, 1
9.985490000000000, 1, 0, 0, 1, 1, 1, 1, 1
9.986420000000001, 1, 0, 1, 1, 1, 1, 1, 1
9.987510000000000, 1, 0, 0, 1, 1, 1, 1, 1
9.987980000000000, 1, 0, 1, 1, 1, 1, 1, 1
9.988040000000002, 1, 0, 0, 1, 1, 1, 1, 1
9.988150000000001, 1, 0, 1, 1, 1, 1, 1, 1
9.988200000000001, 1, 0, 0, 1, 1, 1, 1, 1
9.988350000000001, 1, 0, 1, 1, 1, 1, 1, 1
9.988410000000000, 1, 0, 0, 1, 1, 1, 1, 1
9.988510000000002, 1, 0, 1, 1, 1, 1, 1, 1
9.989640000000001, 1, 0, 0, 1, 1, 1, 1, 1
9.989700000000001, 1, 0, 1, 1, 1, 1, 1, 1
9.989750000000001, 1, 0, 0, 1, 1, 1, 1, 1
9.990110000000001, 1, 0, 1, 1, 1, 1, 1, 1
9.990200000000002, 1, 0, 0, 1, 1, 1, 1, 1
9.990300000000001, 1, 0, 1, 1, 1, 1, 1, 1
9.990360000000001, 1, 0, 0, 1, 1, 1, 1, 1
9.990670000000001, 1, 0, 1, 1, 1, 1, 1, 1
9.991660000000001, 1, 0, 0, 1, 1, 1, 1, 1
9.991720000000001, 1, 0, 1, 1, 1, 1, 1, 1
9.991870000000000, 1, 0, 0, 1, 1, 1, 1, 1
9.991920000000000, 1, 0, 1, 1, 1, 1, 1, 1
9.992030000000002, 1, 0, 0, 1, 1, 1, 1, 1
9.992080000000001, 1, 0, 1, 1, 1, 1, 1, 1
10.005710000000001, 1, 0, 0, 1, 1, 1, 1, 1
10.006640000000001, 1, 0, 1, 1, 1, 1, 1, 1
10.007720000000001, 1, 0, 0, 1, 1, 1, 1, 1
10.007930000000000, 1, 0, 1, 1, 1, 1, 1, 1
10.007980000000002, 1, 0, 0, 1, 1, 1, 1, 1
10.008030000000002, 1, 0, 1, 1, 1, 1, 1, 1
10.008080000000001, 1, 0, 0, 1, 1, 1, 1, 1
10.008190000000001, 1, 0, 1, 1, 1, 1, 1, 1
10.008250000000000, 1, 0, 0, 1, 1, 1, 1, 1
10.008310000000002, 1, 0, 1, 1, 1, 1, 1, 1
10.008360000000001, 1, 0, 0, 1, 1, 1, 1, 1
10.008520000000001, 1, 0, 1, 1, 1, 1, 1, 1
10.008620000000001, 1, 0, 0, 1, 1, 1, 1, 1
10.008720000000000, 1, 0, 1, 1, 1, 1, 1, 1
10.009850000000000, 1, 0, 0, 1, 1, 1, 1, 1
10.010160000000001, 1, 0, 1, 1, 1, 1, 1, 1
10.010210000000001, 1, 0, 0, 1, 1, 1, 1, 1
10.010320000000000, 1, 0, 1, 1, 1, 1, 1, 1
10.011850000000001, 1, 0, 0, 1, 1, 1, 1, 1
10.011910000000000, 1, 0, 1, 1, 1, 1, 1, 1
10.012110000000002, 1, 0, 0, 1, 1, 1, 1, 1
10.012220000000001, 1, 0, 1, 1, 1, 1, 1, 1
10.016160000000001, 1, 1, 1, 1, 1, 1, 1, 1
10.016190000000002, 0, 1, 0, 1, 1, 1, 1, 1
10.017110000000001, 1, 1, 1, 1, 1, 1, 1, 1
10.017180000000002, 0, 1, 0, 1, 1, 1, 1, 1
10.017600000000002, 1, 1, 1, 1, 1, 1, 1, 1
10.017750000000001, 0, 1, 0, 1, 1, 1, 1, 1
10.017800000000001, 1, 1, 1, 1, 1, 1, 1, 1
10.017910000000001, 0, 1, 0, 1, 1, 1, 1, 1
10.018110000000000, 1, 1, 1, 1, 1, 1, 1, 1
10.018160000000000, 0, 1, 0, 1, 1, 1, 1, 1
10.018210000000002, 1, 1, 1, 1, 1, 1, 1, 1
10.018330000000001, 1, 0, 1, 1, 1, 1, 1, 1
10.018520000000001, 1, 1, 1, 1, 1, 1, 1, 1
10.018530000000000, 0, 1, 0, 1, 1, 1, 1, 1
10.018580000000000, 1, 1, 1, 1, 1, 1, 1, 1
10.018630000000002, 0, 1, 1, 1, 1, 1, 1, 1
10.018640000000001, 0, 1, 0, 1, 1, 1, 1, 1
10.018740000000001, 1, 1, 1, 1, 1, 1, 1, 1
10.018790000000001, 0, 1, 0, 1, 1, 1, 1, 1
10.018840000000001, 1, 1, 1, 1, 1, 1, 1, 1
10.018890000000001, 0, 1, 0, 1, 1, 1, 1, 1
10.019000000000000, 1, 1, 1, 1, 1, 1, 1, 1
10.019060000000001, 0, 1, 0, 1, 1, 1, 1, 1
10.019520000000000, 1, 1, 1, 1, 1, 1, 1, 1
10.019600000000001, 0, 1, 0, 1, 1, 1, 1, 1
10.019850000000002, 1, 1, 1, 1, 1, 1, 1, 1
10.019910000000001, 0, 1, 0, 1, 1, 1, 1, 1
10.020060000000001, 1, 1, 1, 1, 1, 1, 1, 1
10.020130000000000, 1, 0, 1, 1, 1, 1, 1, 1
10.020310000000000, 1, 1, 1, 1, 1, 1, 1, 1
10.020330000000001, 0, 1, 0, 1, 1, 1, 1, 1
10.020590000000000, 1, 1, 1, 1, 1, 1, 1, 1
10.020640000000000, 0, 1, 0, 1, 1, 1, 1, 1
10.020740000000000, 1, 1, 1, 1, 1, 1, 1, 1
10.020920000000000, 1, 0, 1, 1, 1, 1, 1, 1
10.038410000000001, 1, 0, 0, 1, 1, 1, 1, 1
10.039340000000001, 1, 0, 1, 1, 1, 1, 1, 1
10.040570000000001, 1, 0, 0, 1, 1, 1, 1, 1
10.040730000000002, 1, 0, 1, 1, 1, 1, 1, 1
10.040890000000001, 1, 0, 0, 1, 1, 1, 1, 1
10.041040000000001, 1, 0, 1, 1, 1, 1, 1, 1
10.041110000000002, 1, 0, 0, 1, 1, 1, 1, 1
10.041220000000001, 1, 0, 1, 1, 1, 1, 1, 1
10.041270000000001, 1, 0, 0, 1, 1, 1, 1, 1
10.041480000000000, 1, 0, 1, 1, 1, 1, 1, 1
10.041530000000002, 1, 0, 0, 1, 1, 1, 1, 1
10.041580000000002, 1, 0, 1, 1, 1, 1, 1, 1
10.042570000000001, 1, 0, 0, 1, 1, 1, 1, 1
10.042620000000001, 1, 0, 1, 1, 1, 1, 1, 1
10.042670000000001, 1, 0, 0, 1, 1, 1, 1, 1
10.043040000000001, 1, 0, 1, 1, 1, 1, 1, 1
10.043110000000000, 1, 0, 0, 1, 1, 1, 1, 1
10.043530000000001, 1, 0, 1, 1, 1, 1, 1, 1
10.044570000000000, 1, 0, 0, 1, 1, 1, 1, 1
10.044670000000000, 1, 0, 1, 1, 1, 1, 1, 1
10.044720000000002, 1, 0, 0, 1, 1, 1, 1, 1
10.044770000000002, 1, 0, 1, 1, 1, 1, 1, 1
10.044980000000001, 1, 0, 0, 1, 1, 1, 1, 1
10.045030000000001, 1, 0, 1, 1, 1, 1, 1, 1
10.086280000000000, 1, 0, 0, 1, 1, 1, 1, 1
10.087210000000001, 1, 0, 1, 1, 1, 1, 1, 1
10.088270000000001, 1, 0, 0, 1, 1, 1, 1, 1
10.088730000000000, 1, 0, 1, 1, 1, 1, 1, 1
10.088790000000001, 1, 0, 0, 1, 1, 1, 1, 1
10.088900000000001, 1, 0, 1, 1, 1, 1, 1, 1
10.088950000000001, 1, 0, 0, 1, 1, 1, 1, 1
10.089060000000002, 1, 0, 1, 1, 1, 1, 1, 1
10.089110000000002, 1, 0, 0, 1, 1, 1, 1, 1
10.089160000000001, 1, 0, 1, 1, 1, 1, 1, 1
10.089210000000001, 1, 0, 0, 1, 1, 1, 1, 1
10.089260000000001, 1, 0, 1, 1, 1, 1, 1, 1
10.090260000000001, 1, 0, 0, 1, 1, 1, 1, 1
10.090310000000001, 1, 0, 1, 1, 1, 1, 1, 1
10.090370000000000, 1, 0, 0, 1, 1, 1, 1, 1
10.090730000000001, 1, 0, 1, 1, 1, 1, 1, 1
10.090790000000000, 1, 0, 0, 1, 1, 1, 1, 1
10.090900000000001, 1, 0, 1, 1, 1, 1, 1, 1
10.090950000000001, 1, 0, 0, 1, 1, 1, 1, 1
10.091260000000000, 1, 0, 1, 1, 1, 1, 1, 1
10.092230000000001, 1, 0, 0, 1, 1, 1, 1, 1
10.092490000000002, 1, 0, 1, 1, 1, 1, 1, 1
10.092540000000001, 1, 0, 0, 1, 1, 1, 1, 1
10.092600000000001, 1, 0, 1, 1, 1, 1, 1, 1
10.106490000000001, 1, 0, 0, 1, 1, 1, 1, 1
10.107420000000001, 1, 0, 1, 1, 1, 1, 1, 1
10.108530000000000, 1, 0, 0, 1, 1, 1, 1, 1
10.108740000000001, 1, 0, 1, 1, 1, 1, 1, 1
10.108790000000001, 1, 0, 0, 1, 1, 1, 1, 1
10.108840000000001, 1, 0, 1, 1, 1, 1, 1, 1
10.108890000000001, 1, 0, 0, 1, 1, 1, 1, 1
10.109000000000000, 1, 0, 1, 1, 1, 1, 1, 1
10.109060000000001, 1, 0, 0, 1, 1, 1, 1, 1
10.109110000000001, 1, 0, 1, 1, 1, 1, 1, 1
10.109160000000001, 1, 0, 0, 1, 1, 1, 1, 1
10.109370000000000, 1, 0, 1, 1, 1, 1, 1, 1
10.109480000000001, 1, 0, 0, 1, 1, 1, 1, 1
10.109530000000001, 1, 0, 1, 1, 1, 1, 1, 1
10.110490000000000, 1, 0, 0, 1, 1, 1, 1, 1
10.110800000000001, 1, 0, 1, 1, 1, 1, 1, 1
10.110860000000001, 1, 0, 0, 1, 1, 1, 1, 1
10.110960000000000, 1, 0, 1, 1, 1, 1, 1, 1
10.112450000000001, 1, 0, 0, 1, 1, 1, 1, 1
10.112500000000001, 1, 0, 1, 1, 1, 1, 1, 1
10.112610000000000, 1, 0, 0, 1, 1, 1, 1, 1
10.112810000000001, 1, 0, 1, 1, 1, 1, 1, 1
10.116850000000001, 1, 1, 1, 1, 1, 1, 1, 1
10.116880000000000, 0, 1, 0, 1, 1, 1, 1, 1
10.117810000000000, 1, 1, 1, 1, 1, 1, 1, 1
10.117880000000001, 0, 1, 0, 1, 1, 1, 1, 1
10.118290000000000, 1, 1, 1, 1, 1, 1, 1, 1
10.118440000000001, 0, 1, 0, 1, 1, 1, 1, 1
10.118490000000001, 1, 1, 1, 1, 1, 1, 1, 1
10.118600000000001, 0, 1, 0, 1, 1, 1, 1, 1
10.118700000000000, 1, 1, 1, 1, 1, 1, 1, 1
10.118850000000000, 0, 1, 0, 1, 1, 1, 1, 1
10.118910000000001, 1, 1, 1, 1, 1, 1, 1, 1
10.119020000000001, 1, 0, 1, 1, 1, 1, 1, 1
10.119210000000001, 1, 1, 1, 1, 1, 1, 1, 1
10.119220000000000, 0, 1, 0, 1, 1, 1, 1, 1
10.119280000000002, 1, 1, 1, 1, 1, 1, 1, 1
10.119330000000001, 0, 1, 0, 1, 1, 1, 1, 1
10.119430000000001, 1, 1, 1, 1, 1, 1, 1, 1
10.119480000000001, 0, 1, 0, 1, 1, 1, 1, 1
10.119530000000001, 1, 1, 1, 1, 1, 1, 1, 1
10.119580000000001, 0, 1, 0, 1, 1, 1, 1, 1
10.119690000000000, 1, 1, 1, 1, 1, 1, 1, 1
10.119750000000002, 0, 1, 0, 1, 1, 1, 1, 1
10.120210000000000, 1, 1, 1, 1, 1, 1, 1, 1
10.120290000000001, 0, 1, 0, 1, 1, 1, 1, 1
10.120550000000001, 1, 1, 1, 1, 1, 1, 1, 1
10.120600000000001, 0, 1, 0, 1, 1, 1, 1, 1
10.120750000000001, 1, 1, 1, 1, 1, 1, 1, 1
10.120820000000000, 1, 0, 1, 1, 1, 1, 1, 1
10.121010000000000, 1, 1, 1, 1, 1, 1, 1, 1
10.121020000000001, 0, 1, 0, 1, 1, 1, 1, 1
10.121070000000001, 1, 1, 1, 1, 1, 1, 1, 1
10.121130000000001, 0, 1, 0, 1, 1, 1, 1, 1
10.121230000000001, 1, 1, 1, 1, 1, 1, 1, 1
10.121380000000000, 0, 1, 0, 1, 1, 1, 1, 1
10.121490000000001, 1, 1, 1, 1, 1, 1, 1, 1
10.121610000000000, 1, 0, 1, 1, 1, 1, 1, 1
10.139100000000001, 1, 0, 0, 1, 1, 1, 1, 1
10.140030000000001, 1, 0, 1, 1, 1, 1, 1, 1
10.141100000000002, 1, 0, 0, 1, 1, 1, 1, 1
10.141150000000001, 1, 0, 1, 1, 1, 1, 1, 1
10.141250000000001, 1, 0, 0, 1, 1, 1, 1, 1
10.141300000000001, 1, 0, 1, 1, 1, 1, 1, 1
10.141410000000000, 1, 0, 0, 1, 1, 1, 1, 1
10.141560000000000, 1, 0, 1, 1, 1, 1, 1, 1
10.141630000000001, 1, 0, 0, 1, 1, 1, 1, 1
10.141730000000001, 1, 0, 1, 1, 1, 1, 1, 1
10.141790000000000, 1, 0, 0, 1, 1, 1, 1, 1
10.141890000000000, 1, 0, 1, 1, 1, 1, 1, 1
10.142050000000001, 1, 0, 0, 1, 1, 1, 1, 1
10.142100000000001, 1, 0, 1, 1, 1, 1, 1, 1
10.143080000000001, 1, 0, 0, 1, 1, 1, 1, 1
10.143130000000001, 1, 0, 1, 1, 1, 1, 1, 1
10.143180000000001, 1, 0, 0, 1, 1, 1, 1, 1
10.143550000000001, 1, 0, 1, 1, 1, 1, 1, 1
10.143610000000001, 1, 0, 0, 1, 1, 1, 1, 1
10.144030000000001, 1, 0, 1, 1, 1, 1, 1, 1
10.145080000000000, 1, 0, 0, 1, 1, 1, 1, 1
10.145130000000000, 1, 0, 1, 1, 1, 1, 1, 1
10.145190000000001, 1, 0, 0, 1, 1, 1, 1, 1
10.145290000000001, 1, 0, 1, 1, 1, 1, 1, 1
10.184970000000002, 1, 0, 0, 1, 1, 1, 1, 1
10.185900000000000, 1, 0, 1, 1, 1, 1, 1, 1
10.187110000000001, 1, 0, 0, 1, 1, 1, 1, 1
10.187580000000001, 1, 0, 1, 1, 1, 1, 1, 1
10.187640000000000, 1, 0, 0, 1, 1, 1, 1, 1
10.187750000000001, 1, 0, 1, 1, 1, 1, 1, 1
10.187800000000001, 1, 0, 0, 1, 1, 1, 1, 1
10.188060000000000, 1, 0, 1, 1, 1, 1, 1, 1
10.189100000000002, 1, 0, 0, 1, 1, 1, 1, 1
10.189150000000001, 1, 0, 1, 1, 1, 1, 1, 1
10.189200000000001, 1, 0, 0, 1, 1, 1, 1, 1
10.189570000000002, 1, 0, 1, 1, 1, 1, 1, 1
10.189630000000001, 1, 0, 0, 1, 1, 1, 1, 1
10.189730000000001, 1, 0, 1, 1, 1, 1, 1, 1
10.189780000000001, 1, 0, 0, 1, 1, 1, 1, 1
10.190100000000001, 1, 0, 1, 1, 1, 1, 1, 1
10.191060000000000, 1, 0, 0, 1, 1, 1, 1, 1
10.191110000000000, 1, 0, 1, 1, 1, 1, 1, 1
10.205170000000001, 1, 0, 0, 1, 1, 1, 1, 1
10.206100000000001, 1, 0, 1, 1, 1, 1, 1, 1
10.207300000000000, 1, 0, 0, 1, 1, 1, 1, 1
10.207510000000001, 1, 0, 1, 1, 1, 1, 1, 1
10.207570000000000, 1, 0, 0, 1, 1, 1, 1, 1
10.207620000000000, 1, 0, 1, 1, 1, 1, 1, 1
10.207670000000000, 1, 0, 0, 1, 1, 1, 1, 1
10.207770000000000, 1, 0, 1, 1, 1, 1, 1, 1
10.207840000000001, 1, 0, 0, 1, 1, 1, 1, 1
10.207890000000001, 1, 0, 1, 1, 1, 1, 1, 1
10.207940000000001, 1, 0, 0, 1, 1, 1, 1, 1
10.208100000000000, 1, 0, 1, 1, 1, 1, 1, 1
10.208150000000002, 1, 0, 0, 1, 1, 1, 1, 1
10.208260000000001, 1, 0, 1, 1, 1, 1, 1, 1
10.209310000000000, 1, 0, 0, 1, 1, 1, 1, 1
10.209620000000001, 1, 0, 1, 1, 1, 1, 1, 1
10.209670000000001, 1, 0, 0, 1, 1, 1, 1, 1
10.209770000000001, 1, 0, 1, 1, 1, 1, 1, 1
10.212070000000001, 1, 0, 0, 1, 1, 1, 1, 1
10.212120000000001, 1, 0, 1, 1, 1, 1, 1, 1
10.212280000000002, 1, 0, 0, 1, 1, 1, 1, 1
10.212330000000001, 1, 0, 1, 1, 1, 1, 1, 1
10.212380000000001, 1, 0, 0, 1, 1, 1, 1, 1
10.212430000000001, 1, 0, 1, 1, 1, 1, 1, 1
10.216560000000001, 1, 1, 1, 1, 1, 1, 1, 1
10.216580000000000, 0, 1, 0, 1, 1, 1, 1, 1
10.217510000000001, 1, 1, 1, 1, 1, 1, 1, 1
10.217580000000002, 0, 1, 0, 1, 1, 1, 1, 1
10.217990000000000, 1, 1, 1, 1, 1, 1, 1, 1
10.218150000000001, 0, 1, 0, 1, 1, 1, 1, 1
10.218200000000001, 1, 1, 1, 1, 1, 1, 1, 1
10.218300000000001, 0, 1, 0, 1, 1, 1, 1, 1
10.218460000000000, 1, 1, 1, 1, 1, 1, 1, 1
10.218510000000000, 0, 1, 0, 1, 1, 1, 1, 1
10.218560000000000, 1, 1, 1, 1, 1, 1, 1, 1
10.218730000000001, 1, 0, 1, 1, 1, 1, 1, 1
10.218910000000001, 1, 1, 1, 1, 1, 1, 1, 1
10.218930000000000, 0, 1, 0, 1, 1, 1, 1, 1
10.218980000000000, 1, 1, 1, 1, 1, 1, 1, 1
10.219030000000000, 0, 1, 0, 1, 1, 1, 1, 1
10.219130000000002, 1, 1, 1, 1, 1, 1, 1, 1
10.219190000000001, 0, 1, 0, 1, 1, 1, 1, 1
10.219240000000001, 1, 1, 1, 1, 1, 1, 1, 1
10.219290000000001, 0, 1, 0, 1, 1, 1, 1, 1
10.219390000000001, 1, 1, 1, 1, 1, 1, 1, 1
10.219460000000002, 0, 1, 0, 1, 1, 1, 1, 1
10.219920000000000, 1, 1, 1, 1, 1, 1, 1, 1
10.219990000000001, 0, 1, 0, 1, 1, 1, 1, 1
10.220250000000000, 1, 1, 1, 1, 1, 1, 1, 1
10.220300000000002, 0, 1, 0, 1, 1, 1, 1, 1
10.220460000000001, 1, 1, 1, 1, 1, 1, 1, 1
10.220530000000000, 1, 0, 1, 1, 1, 1, 1, 1
10.220710000000000, 1, 1, 1, 1, 1, 1, 1, 1
10.220730000000001, 0, 1, 0, 1, 1, 1, 1, 1
10.220880000000001, 1, 1, 1, 1, 1, 1, 1, 1
10.220930000000001, 0, 1, 0, 1, 1, 1, 1, 1
10.220990000000000, 1, 1, 1, 1, 1, 1, 1, 1
10.221320000000000, 1, 0, 1, 1, 1, 1, 1, 1
10.238590000000000, 1, 0, 0, 1, 1, 1, 1, 1
10.239520000000001, 1, 0, 1, 1, 1, 1, 1, 1
10.240610000000000, 1, 0, 0, 1, 1, 1, 1, 1
10.240710000000000, 1, 0, 1, 1, 1, 1, 1, 1
10.240760000000002, 1, 0, 0, 1, 1, 1, 1, 1
10.240810000000002, 1, 0, 1, 1, 1, 1, 1, 1
10.240920000000001, 1, 0, 0, 1, 1, 1, 1, 1
10.241080000000000, 1, 0, 1, 1, 1, 1, 1, 1
10.241140000000001, 1, 0, 0, 1, 1, 1, 1, 1
10.241250000000001, 1, 0, 1, 1, 1, 1, 1, 1
10.241300000000001, 1, 0, 0, 1, 1, 1, 1, 1
10.241460000000000, 1, 0, 1, 1, 1, 1, 1, 1
10.241510000000002, 1, 0, 0, 1, 1, 1, 1, 1
10.241560000000002, 1, 0, 1, 1, 1, 1, 1, 1
10.242590000000002, 1, 0, 0, 1, 1, 1, 1, 1
10.242640000000002, 1, 0, 1, 1, 1, 1, 1, 1
10.242690000000001, 1, 0, 0, 1, 1, 1, 1, 1
10.243060000000002, 1, 0, 1, 1, 1, 1, 1, 1
10.243120000000001, 1, 0, 0, 1, 1, 1, 1, 1
10.243540000000001, 1, 0, 1, 1, 1, 1, 1, 1
10.244590000000001, 1, 0, 0, 1, 1, 1, 1, 1
10.244960000000001, 1, 0, 1, 1, 1, 1, 1, 1
10.286530000000001, 1, 0, 0, 1, 1, 1, 1, 1
10.287460000000001, 1, 0, 1, 1, 1, 1, 1, 1
10.288730000000001, 1, 0, 0, 1, 1, 1, 1, 1
10.289200000000001, 1, 0, 1, 1, 1, 1, 1, 1
10.289260000000001, 1, 0, 0, 1, 1, 1, 1, 1
10.289360000000000, 1, 0, 1, 1, 1, 1, 1, 1
10.289420000000002, 1, 0, 0, 1, 1, 1, 1, 1
10.289520000000001, 1, 0, 1, 1, 1, 1, 1, 1
10.289620000000001, 1, 0, 0, 1, 1, 1, 1, 1
10.289680000000001, 1, 0, 1, 1, 1, 1, 1, 1
10.290670000000000, 1, 0, 0, 1, 1, 1, 1, 1
10.290720000000000, 1, 0, 1, 1, 1, 1, 1, 1
10.290780000000002, 1, 0, 0, 1, 1, 1, 1, 1
10.291140000000000, 1, 0, 1, 1, 1, 1, 1, 1
10.291220000000001, 1, 0, 0, 1, 1, 1, 1, 1
10.291320000000001, 1, 0, 1, 1, 1, 1, 1, 1
10.291370000000001, 1, 0, 0, 1, 1, 1, 1, 1
10.291690000000001, 1, 0, 1, 1, 1, 1, 1, 1
10.292660000000001, 1, 0, 0, 1, 1, 1, 1, 1
10.292760000000001, 1, 0, 1, 1, 1, 1, 1, 1
10.292970000000000, 1, 0, 0, 1, 1, 1, 1, 1
10.293130000000001, 1, 0, 1, 1, 1, 1, 1, 1
10.306620000000001, 1, 0, 0, 1, 1, 1, 1, 1
10.307550000000001, 1, 0, 1, 1, 1, 1, 1, 1
10.308920000000001, 1, 0, 0, 1, 1, 1, 1, 1
10.309130000000001, 1, 0, 1, 1, 1, 1, 1, 1
10.309180000000001, 1, 0, 0, 1, 1, 1, 1, 1
10.309240000000001, 1, 0, 1, 1, 1, 1, 1, 1
10.309290000000001, 1, 0, 0, 1, 1, 1, 1, 1
10.309390000000000, 1, 0, 1, 1, 1, 1, 1, 1
10.309460000000001, 1, 0, 0, 1, 1, 1, 1, 1
10.309510000000001, 1, 0, 1, 1, 1, 1, 1, 1
10.309570000000001, 1, 0, 0, 1, 1, 1, 1, 1
10.309830000000002, 1, 0, 1, 1, 1, 1, 1, 1
10.310890000000001, 1, 0, 0, 1, 1, 1, 1, 1
10.311210000000001, 1, 0, 1, 1, 1, 1, 1, 1
10.311260000000001, 1, 0, 0, 1, 1, 1, 1, 1
10.311360000000001, 1, 0, 1, 1, 1, 1, 1, 1
10.312850000000001, 1, 0, 0, 1, 1, 1, 1, 1
10.312900000000001, 1, 0, 1, 1, 1, 1, 1, 1
10.313000000000001, 1, 0, 0, 1, 1, 1, 1, 1
10.313060000000000, 1, 0, 1, 1, 1, 1, 1, 1
10.313160000000002, 1, 0, 0, 1, 1, 1, 1, 1
10.313210000000002, 1, 0, 1, 1, 1, 1, 1, 1
10.317050000000000, 1, 1, 1, 1, 1, 1, 1, 1
10.317080000000001, 0, 1, 0, 1, 1, 1, 1, 1
10.318010000000001, 1, 1, 1, 1, 1, 1, 1, 1
10.318050000000001, 0, 1, 0, 1, 1, 1, 1, 1
10.318460000000000, 1, 1, 1, 1, 1, 1, 1, 1
10.318620000000001, 0, 1, 0, 1, 1, 1, 1, 1
10.318670000000001, 1, 1, 1, 1, 1, 1, 1, 1
10.318770000000001, 0, 1, 0, 1, 1, 1, 1, 1
10.318870000000000, 1, 1, 1, 1, 1, 1, 1, 1
10.318930000000002, 0, 1, 0, 1, 1, 1, 1, 1
10.318980000000002, 1, 1, 1, 1, 1, 1, 1, 1
10.319200000000000, 1, 0, 1, 1, 1, 1, 1, 1
10.319380000000001, 1, 1, 1, 1, 1, 1, 1, 1
10.319400000000002, 0, 1, 0, 1, 1, 1, 1, 1
10.319450000000002, 1, 1, 1, 1, 1, 1, 1, 1
10.319500000000001, 0, 1, 0, 1, 1, 1, 1, 1
10.319600000000001, 1, 1, 1, 1, 1, 1, 1, 1
10.319660000000001, 0, 1, 0, 1, 1, 1, 1, 1
10.319710000000001, 1, 1, 1, 1, 1, 1, 1, 1
10.319760000000000, 0, 1, 0, 1, 1, 1, 1, 1
10.319860000000000, 1, 1, 1, 1, 1, 1, 1, 1
10.319930000000001, 0, 1, 0, 1, 1, 1, 1, 1
10.320390000000002, 1, 1, 1, 1, 1, 1, 1, 1
10.320460000000001, 0, 1, 0, 1, 1, 1, 1, 1
10.320720000000001, 1, 1, 1, 1, 1, 1, 1, 1
10.320770000000001, 0, 1, 0, 1, 1, 1, 1, 1
10.320930000000001, 1, 1, 1, 1, 1, 1, 1, 1
10.321000000000002, 1, 0, 1, 1, 1, 1, 1, 1
10.321180000000000, 1, 1, 1, 1, 1, 1, 1, 1
10.321200000000001, 0, 1, 0, 1, 1, 1, 1, 1
10.321300000000001, 1, 1, 1, 1, 1, 1, 1, 1
10.321400000000001, 0, 1, 0, 1, 1, 1, 1, 1
10.321560000000002, 1, 1, 1, 1, 1, 1, 1, 1
10.321790000000000, 1, 0, 1, 1, 1, 1, 1, 1
10.339520000000000, 1, 0, 0, 1, 1, 1, 1, 1
10.340450000000001, 1, 0, 1, 1, 1, 1, 1, 1
10.341520000000001, 1, 0, 0, 1, 1, 1, 1, 1
10.341570000000001, 1, 0, 1, 1, 1, 1, 1, 1
10.341620000000001, 1, 0, 0, 1, 1, 1, 1, 1
10.341730000000000, 1, 0, 1, 1, 1, 1, 1, 1
10.341830000000002, 1, 0, 0, 1, 1, 1, 1, 1
10.341990000000001, 1, 0, 1, 1, 1, 1, 1, 1
10.342070000000001, 1, 0, 0, 1, 1, 1, 1, 1
10.342170000000001, 1, 0, 1, 1, 1, 1, 1, 1
10.342220000000001, 1, 0, 0, 1, 1, 1, 1, 1
10.342330000000000, 1, 0, 1, 1, 1, 1, 1, 1
10.342380000000000, 1, 0, 0, 1, 1, 1, 1, 1
10.342430000000000, 1, 0, 1, 1, 1, 1, 1, 1
10.343480000000001, 1, 0, 0, 1, 1, 1, 1, 1
10.343530000000001, 1, 0, 1, 1, 1, 1, 1, 1
10.343580000000001, 1, 0, 0, 1, 1, 1, 1, 1
10.343950000000001, 1, 0, 1, 1, 1, 1, 1, 1
10.344010000000001, 1, 0, 0, 1, 1, 1, 1, 1
10.344430000000001, 1, 0, 1, 1, 1, 1, 1, 1
10.345480000000000, 1, 0, 0, 1, 1, 1, 1, 1
10.345530000000000, 1, 0, 1, 1, 1, 1, 1, 1
10.345580000000000, 1, 0, 0, 1, 1, 1, 1, 1
10.345640000000001, 1, 0, 1, 1, 1, 1, 1, 1
10.345790000000001, 1, 0, 0, 1, 1, 1, 1, 1
10.345900000000000, 1, 0, 1, 1, 1, 1, 1, 1
10.387200000000000, 1, 0, 0, 1, 1, 1, 1, 1
10.388130000000000, 1, 0, 1, 1, 1, 1, 1, 1
10.389220000000002, 1, 0, 0, 1, 1, 1, 1, 1
10.389690000000002, 1, 0, 1, 1, 1, 1, 1, 1
10.389750000000001, 1, 0, 0, 1, 1, 1, 1, 1
10.389850000000001, 1, 0, 1, 1, 1, 1, 1, 1
10.389900000000001, 1, 0, 0, 1, 1, 1, 1, 1
10.390060000000000, 1, 0, 1, 1, 1, 1, 1, 1
10.391200000000001, 1, 0, 0, 1, 1, 1, 1, 1
10.391250000000001, 1, 0, 1, 1, 1, 1, 1, 1
10.391300000000001, 1, 0, 0, 1, 1, 1, 1, 1
10.391670000000001, 1, 0, 1, 1, 1, 1, 1, 1
10.391730000000001, 1, 0, 0, 1, 1, 1, 1, 1
10.391830000000001, 1, 0, 1, 1, 1, 1, 1, 1
10.391880000000000, 1, 0, 0, 1, 1, 1, 1, 1
10.392200000000001, 1, 0, 1, 1, 1, 1, 1, 1
10.393360000000001, 1, 0, 0, 1, 1, 1, 1, 1
10.393470000000001, 1, 0, 1, 1, 1, 1, 1, 1
10.393520000000001, 1, 0, 0, 1, 1, 1, 1, 1
10.393570000000000, 1, 0, 1, 1, 1, 1, 1, 1
10.393730000000001, 1, 0, 0, 1, 1, 1, 1, 1
10.393830000000001, 1, 0, 1, 1, 1, 1, 1, 1
10.407290000000001, 1, 0, 0, 1, 1, 1, 1, 1
10.408220000000000, 1, 0, 1, 1, 1, 1, 1, 1
10.409320000000001, 1, 0, 0, 1, 1, 1, 1, 1
10.409530000000000, 1, 0, 1, 1, 1, 1, 1, 1
10.409580000000000, 1, 0, 0, 1, 1, 1, 1, 1
10.409630000000002, 1, 0, 1, 1, 1, 1, 1, 1
10.409680000000002, 1, 0, 0, 1, 1, 1, 1, 1
10.409790000000001, 1, 0, 1, 1, 1, 1, 1, 1
10.409850000000000, 1, 0, 0, 1, 1, 1, 1, 1
10.409900000000000, 1, 0, 1, 1, 1, 1, 1, 1
10.409950000000000, 1, 0, 0, 1, 1, 1, 1, 1
10.410110000000001, 1, 0, 1, 1, 1, 1, 1, 1
10.411320000000002, 1, 0, 0, 1, 1, 1, 1, 1
10.411630000000001, 1, 0, 1, 1, 1, 1, 1, 1
10.411680000000000, 1, 0, 0, 1, 1, 1, 1, 1
10.411790000000002, 1, 0, 1, 1, 1, 1, 1, 1
10.413410000000001, 1, 0, 0, 1, 1, 1, 1, 1
10.413510000000000, 1, 0, 1, 1, 1, 1, 1, 1
10.413560000000000, 1, 0, 0, 1, 1, 1, 1, 1
10.413720000000001, 1, 0, 1, 1, 1, 1, 1, 1
10.413770000000001, 1, 0, 0, 1, 1, 1, 1, 1
10.413870000000001, 1, 0, 1, 1, 1, 1, 1, 1
10.417680000000001, 1, 1, 1, 1, 1, 1, 1, 1
10.417710000000001, 0, 1, 0, 1, 1, 1, 1, 1
10.418630000000000, 1, 1, 1, 1, 1, 1, 1, 1
10.418700000000001, 0, 1, 0, 1, 1, 1, 1, 1
10.419120000000001, 1, 1, 1, 1, 1, 1, 1, 1
10.419300000000002, 0, 1, 0, 1, 1, 1, 1, 1
10.419350000000001, 1, 1, 1, 1, 1, 1, 1, 1
10.419450000000001, 0, 1, 0, 1, 1, 1, 1, 1
10.419760000000000, 1, 1, 1, 1, 1, 1, 1, 1
10.419980000000001, 1, 0, 1, 1, 1, 1, 1, 1
10.420170000000001, 1, 1, 1, 1, 1, 1, 1, 1
10.420180000000000, 0, 1, 0, 1, 1, 1, 1, 1
10.420230000000000, 1, 1, 1, 1, 1, 1, 1, 1
10.420290000000001, 0, 1, 0, 1, 1, 1, 1, 1
10.420390000000001, 1, 1, 1, 1, 1, 1, 1, 1
10.420440000000001, 0, 1, 0, 1, 1, 1, 1, 1
10.420490000000001, 1, 1, 1, 1, 1, 1, 1, 1
10.420540000000001, 0, 1, 0, 1, 1, 1, 1, 1
10.420650000000000, 1, 1, 1, 1, 1, 1, 1, 1
10.420710000000001, 0, 1, 0, 1, 1, 1, 1, 1
10.421170000000000, 1, 1, 1, 1, 1, 1, 1, 1
10.421250000000001, 0, 1, 0, 1, 1, 1, 1, 1
10.421510000000001, 1, 1, 1, 1, 1, 1, 1, 1
10.421560000000001, 0, 1, 0, 1, 1, 1, 1, 1
10.421710000000001, 1, 1, 1, 1, 1, 1, 1, 1
10.421780000000000, 1, 0, 1, 1, 1, 1, 1, 1
10.421970000000002, 1, 1, 1, 1, 1, 1, 1, 1
10.421980000000001, 0, 1, 0, 1, 1, 1, 1, 1
10.422030000000001, 1, 1, 1, 1, 1, 1, 1, 1
10.422140000000001, 0, 1, 0, 1, 1, 1, 1, 1
10.422190000000001, 1, 1, 1, 1, 1, 1, 1, 1
10.422240000000000, 0, 1, 0, 1, 1, 1, 1, 1
10.422450000000001, 1, 1, 1, 1, 1, 1, 1, 1
10.422570000000000, 1, 0, 1, 1, 1, 1, 1, 1
10.440030000000000, 1, 0, 0, 1, 1, 1, 1, 1
10.440960000000000, 1, 0, 1, 1, 1, 1, 1, 1
10.442080000000001, 1, 0, 0, 1, 1, 1, 1, 1
10.442290000000002, 1, 0, 1, 1, 1, 1, 1, 1
10.442390000000001, 1, 0, 0, 1, 1, 1, 1, 1
10.442550000000001, 1, 0, 1, 1, 1, 1, 1, 1
10.442610000000000, 1, 0, 0, 1, 1, 1, 1, 1
10.442710000000002, 1, 0, 1, 1, 1, 1, 1, 1
10.442760000000002, 1, 0, 0, 1, 1, 1, 1, 1
10.443080000000000, 1, 0, 1, 1, 1, 1, 1, 1
10.444040000000001, 1, 0, 0, 1, 1, 1, 1, 1
10.444100000000001, 1, 0, 1, 1, 1, 1, 1, 1
10.444150000000000, 1, 0, 0, 1, 1, 1, 1, 1
10.444510000000001, 1, 0, 1, 1, 1, 1, 1, 1
10.444590000000002, 1, 0, 0, 1, 1, 1, 1, 1
10.445010000000002, 1, 0, 1, 1, 1, 1, 1, 1
10.446190000000001, 1, 0, 0, 1, 1, 1, 1, 1
10.446350000000001, 1, 0, 1, 1, 1, 1, 1, 1
10.446400000000001, 1, 0, 0, 1, 1, 1, 1, 1
10.446510000000002, 1, 0, 1, 1, 1, 1, 1, 1
10.446560000000002, 1, 0, 0, 1, 1, 1, 1, 1
10.446610000000002, 1, 0, 1, 1, 1, 1, 1, 1
10.485970000000000, 1, 0, 0, 1, 1, 1, 1, 1
10.486900000000000, 1, 0, 1, 1, 1, 1, 1, 1
10.487950000000001, 1, 0, 0, 1, 1, 1, 1, 1
10.488420000000001, 1, 0, 1, 1, 1, 1, 1, 1
10.488480000000001, 1, 0, 0, 1, 1, 1, 1, 1
10.488580000000001, 1, 0, 1, 1, 1, 1, 1, 1
10.488630000000001, 1, 0, 0, 1, 1, 1, 1, 1
10.488740000000002, 1, 0, 1, 1, 1, 1, 1, 1
10.488790000000002, 1, 0, 0, 1, 1, 1, 1, 1
10.488950000000001, 1, 0, 1, 1, 1, 1, 1, 1
10.490050000000000, 1, 0, 0, 1, 1, 1, 1, 1
10.490100000000000, 1, 0, 1, 1, 1, 1, 1, 1
10.490150000000002, 1, 0, 0, 1, 1, 1, 1, 1
10.490520000000000, 1, 0, 1, 1, 1, 1, 1, 1
10.490580000000001, 1, 0, 0, 1, 1, 1, 1, 1
10.490680000000001, 1, 0, 1, 1, 1, 1, 1, 1
10.490730000000001, 1, 0, 0, 1, 1, 1, 1, 1
10.491050000000001, 1, 0, 1, 1, 1, 1, 1, 1
10.492060000000000, 1, 0, 0, 1, 1, 1, 1, 1
10.492170000000002, 1, 0, 1, 1, 1, 1, 1, 1
10.492270000000001, 1, 0, 0, 1, 1, 1, 1, 1
10.492320000000001, 1, 0, 1, 1, 1, 1, 1, 1
10.492380000000001, 1, 0, 0, 1, 1, 1, 1, 1
10.492430000000001, 1, 0, 1, 1, 1, 1, 1, 1
10.492480000000000, 1, 0, 0, 1, 1, 1, 1, 1
10.492530000000000, 1, 0, 1, 1, 1, 1, 1, 1
10.506180000000001, 1, 0, 0, 1, 1, 1, 1, 1
10.507110000000001, 1, 0, 1, 1, 1, 1, 1, 1
10.508140000000001, 1, 0, 0, 1, 1, 1, 1, 1
10.508350000000000, 1, 0, 1, 1, 1, 1, 1, 1
10.508410000000001, 1, 0, 0, 1, 1, 1, 1, 1
10.508460000000001, 1, 0, 1, 1, 1, 1, 1, 1
10.508510000000001, 1, 0, 0, 1, 1, 1, 1, 1
10.508610000000001, 1, 0, 1, 1, 1, 1, 1, 1
10.508690000000001, 1, 0, 0, 1, 1, 1, 1, 1
10.508740000000001, 1, 0, 1, 1, 1, 1, 1, 1
10.508800000000001, 1, 0, 0, 1, 1, 1, 1, 1
10.509000000000000, 1, 0, 1, 1, 1, 1, 1, 1
10.509060000000002, 1, 0, 0, 1, 1, 1, 1, 1
10.509160000000001, 1, 0, 1, 1, 1, 1, 1, 1
10.510150000000001, 1, 0, 0, 1, 1, 1, 1, 1
10.510460000000000, 1, 0, 1, 1, 1, 1, 1, 1
10.510510000000000, 1, 0, 0, 1, 1, 1, 1, 1
10.510620000000001, 1, 0, 1, 1, 1, 1, 1, 1
10.512150000000000, 1, 0, 0, 1, 1, 1, 1, 1
10.512360000000001, 1, 0, 1, 1, 1, 1, 1, 1
10.512460000000001, 1, 0, 0, 1, 1, 1, 1, 1
10.512570000000000, 1, 0, 1, 1, 1, 1, 1, 1
10.516380000000002, 1, 1, 1, 1, 1, 1, 1, 1
10.516410000000000, 0, 1, 0, 1, 1, 1, 1, 1
10.517340000000001, 1, 1, 1, 1, 1, 1, 1, 1
10.517410000000002, 0, 1, 0, 1, 1, 1, 1, 1
10.517820000000000, 1, 1, 1, 1, 1, 1, 1, 1
10.517980000000001, 0, 1, 0, 1, 1, 1, 1, 1
10.518030000000001, 1, 1, 1, 1, 1, 1, 1, 1
10.518130000000001, 0, 1, 0, 1, 1, 1, 1, 1
10.518230000000001, 1, 1, 1, 1, 1, 1, 1, 1
10.518340000000000, 0, 1, 0, 1, 1, 1, 1, 1
10.518440000000000, 1, 1, 1, 1, 1, 1, 1, 1
10.518560000000001, 1, 0, 1, 1, 1, 1, 1, 1
10.518740000000001, 1, 1, 1, 1, 1, 1, 1, 1
10.518760000000000, 0, 1, 0, 1, 1, 1, 1, 1
10.518810000000000, 1, 1, 1, 1, 1, 1, 1, 1
10.518860000000000, 0, 1, 0, 1, 1, 1, 1, 1
10.518960000000002, 1, 1, 1, 1, 1, 1, 1, 1
10.519010000000002, 0, 1, 0, 1, 1, 1, 1, 1
10.519070000000001, 1, 1, 1, 1, 1, 1, 1, 1
10.519120000000001, 0, 1, 0, 1, 1, 1, 1, 1
10.519220000000001, 1, 1, 1, 1, 1, 1, 1, 1
10.519280000000000, 0, 1, 0, 1, 1, 1, 1, 1
10.519750000000000, 1, 1, 1, 1, 1, 1, 1, 1
10.519820000000001, 0, 1, 0, 1, 1, 1, 1, 1
10.520080000000000, 1, 1, 1, 1, 1, 1, 1, 1
10.520130000000000, 0, 1, 0, 1, 1, 1, 1, 1
10.520290000000001, 1, 1, 1, 1, 1, 1, 1, 1
10.520350000000001, 1, 0, 1, 1, 1, 1, 1, 1
10.520540000000000, 1, 1, 1, 1, 1, 1, 1, 1
10.520560000000001, 0, 1, 0, 1, 1, 1, 1, 1
10.520660000000001, 1, 1, 1, 1, 1, 1, 1, 1
10.520710000000001, 0, 1, 0, 1, 1, 1, 1, 1
10.520860000000001, 1, 1, 0, 1, 1, 1, 1, 1
10.520870000000000, 1, 1, 1, 1, 1, 1, 1, 1
10.520920000000000, 0, 1, 0, 1, 1, 1, 1, 1
10.520970000000000, 1, 1, 1, 1, 1, 1, 1, 1
10.521180000000001, 1, 0, 1, 1, 1, 1, 1, 1
10.538740000000001, 1, 0, 0, 1, 1, 1, 1, 1
10.539670000000001, 1, 0, 1, 1, 1, 1, 1, 1
10.540750000000001, 1, 0, 0, 1, 1, 1, 1, 1
10.540800000000001, 1, 0, 1, 1, 1, 1, 1, 1
10.540960000000000, 1, 0, 0, 1, 1, 1, 1, 1
10.541010000000000, 1, 0, 1, 1, 1, 1, 1, 1
10.541060000000002, 1, 0, 0, 1, 1, 1, 1, 1
10.541220000000001, 1, 0, 1, 1, 1, 1, 1, 1
10.541290000000000, 1, 0, 0, 1, 1, 1, 1, 1
10.541400000000001, 1, 0, 1, 1, 1, 1, 1, 1
10.541450000000001, 1, 0, 0, 1, 1, 1, 1, 1
10.541560000000000, 1, 0, 1, 1, 1, 1, 1, 1
10.541660000000000, 1, 0, 0, 1, 1, 1, 1, 1
10.541760000000000, 1, 0, 1, 1, 1, 1, 1, 1
10.542880000000000, 1, 0, 0, 1, 1, 1, 1, 1
10.542930000000000, 1, 0, 1, 1, 1, 1, 1, 1
10.542980000000000, 1, 0, 0, 1, 1, 1, 1, 1
10.543350000000000, 1, 0, 1, 1, 1, 1, 1, 1
10.543410000000002, 1, 0, 0, 1, 1, 1, 1, 1
10.543820000000000, 1, 0, 1, 1, 1, 1, 1, 1
10.544880000000001, 1, 0, 0, 1, 1, 1, 1, 1
10.544930000000001, 1, 0, 1, 1, 1, 1, 1, 1
10.545090000000000, 1, 0, 0, 1, 1, 1, 1, 1
10.545140000000002, 1, 0, 1, 1, 1, 1, 1, 1
10.545190000000002, 1, 0, 0, 1, 1, 1, 1, 1
10.545290000000001, 1, 0, 1, 1, 1, 1, 1, 1
10.586570000000000, 1, 0, 0, 1, 1, 1, 1, 1
10.587500000000000, 1, 0, 1, 1, 1, 1, 1, 1
10.588720000000000, 1, 0, 0, 1, 1, 1, 1, 1
10.589190000000000, 1, 0, 1, 1, 1, 1, 1, 1
10.589250000000002, 1, 0, 0, 1, 1, 1, 1, 1
10.589360000000001, 1, 0, 1, 1, 1, 1, 1, 1
10.589410000000001, 1, 0, 0, 1, 1, 1, 1, 1
10.589620000000000, 1, 0, 1, 1, 1, 1, 1, 1
10.589670000000002, 1, 0, 0, 1, 1, 1, 1, 1
10.589720000000002, 1, 0, 1, 1, 1, 1, 1, 1
10.590720000000001, 1, 0, 0, 1, 1, 1, 1, 1
10.590770000000001, 1, 0, 1, 1, 1, 1, 1, 1
10.590820000000001, 1, 0, 0, 1, 1, 1, 1, 1
10.591190000000001, 1, 0, 1, 1, 1, 1, 1, 1
10.591260000000000, 1, 0, 0, 1, 1, 1, 1, 1
10.591360000000002, 1, 0, 1, 1, 1, 1, 1, 1
10.591410000000002, 1, 0, 0, 1, 1, 1, 1, 1
10.591730000000000, 1, 0, 1, 1, 1, 1, 1, 1
10.592700000000001, 1, 0, 0, 1, 1, 1, 1, 1
10.592800000000000, 1, 0, 1, 1, 1, 1, 1, 1
10.592850000000000, 1, 0, 0, 1, 1, 1, 1, 1
10.592960000000001, 1, 0, 1, 1, 1, 1, 1, 1
10.593120000000001, 1, 0, 0, 1, 1, 1, 1, 1
10.593170000000001, 1, 0, 1, 1, 1, 1, 1, 1
10.606800000000002, 1, 0, 0, 1, 1, 1, 1, 1
10.607730000000000, 1, 0, 1, 1, 1, 1, 1, 1
10.608940000000000, 1, 0, 0, 1, 1, 1, 1, 1
10.609150000000001, 1, 0, 1, 1, 1, 1, 1, 1
10.609210000000001, 1, 0, 0, 1, 1, 1, 1, 1
10.609260000000001, 1, 0, 1, 1, 1, 1, 1, 1
10.609310000000001, 1, 0, 0, 1, 1, 1, 1, 1
10.609410000000000, 1, 0, 1, 1, 1, 1, 1, 1
10.609470000000002, 1, 0, 0, 1, 1, 1, 1, 1
10.609530000000001, 1, 0, 1, 1, 1, 1, 1, 1
10.609580000000001, 1, 0, 0, 1, 1, 1, 1, 1
10.609730000000001, 1, 0, 1, 1, 1, 1, 1, 1
10.609790000000000, 1, 0, 0, 1, 1, 1, 1, 1
10.609840000000000, 1, 0, 1, 1, 1, 1, 1, 1
10.609890000000000, 1, 0, 0, 1, 1, 1, 1, 1
10.609940000000002, 1, 0, 1, 1, 1, 1, 1, 1
10.610940000000001, 1, 0, 0, 1, 1, 1, 1, 1
10.611250000000000, 1, 0, 1, 1, 1, 1, 1, 1
10.611300000000002, 1, 0, 0, 1, 1, 1, 1, 1
10.611410000000001, 1, 0, 1, 1, 1, 1, 1, 1
10.612890000000000, 1, 0, 0, 1, 1, 1, 1, 1
10.612990000000002, 1, 0, 1, 1, 1, 1, 1, 1
10.613050000000001, 1, 0, 0, 1, 1, 1, 1, 1
10.613100000000001, 1, 0, 1, 1, 1, 1, 1, 1
10.613260000000000, 1, 0, 0, 1, 1, 1, 1, 1
10.613360000000000, 1, 0, 1, 1, 1, 1, 1, 1
10.617310000000002, 1, 1, 1, 1, 1, 1, 1, 1
10.617330000000001, 0, 1, 0, 1, 1, 1, 1, 1
10.618260000000001, 1, 1, 1, 1, 1, 1, 1, 1
10.618330000000000, 0, 1, 0, 1, 1, 1, 1, 1
10.618740000000001, 1, 1, 1, 1, 1, 1, 1, 1
10.618900000000000, 0, 1, 0, 1, 1, 1, 1, 1
10.618950000000002, 1, 1, 1, 1, 1, 1, 1, 1
10.619050000000001, 0, 1, 0, 1, 1, 1, 1, 1
10.619210000000001, 1, 1, 1, 1, 1, 1, 1, 1
10.619310000000000, 0, 1, 0, 1, 1, 1, 1, 1
10.619360000000000, 1, 1, 1, 1, 1, 1, 1, 1
10.619480000000001, 1, 0, 1, 1, 1, 1, 1, 1
10.619660000000001, 1, 1, 1, 1, 1, 1, 1, 1
10.619680000000001, 0, 1, 0, 1, 1, 1, 1, 1
10.619730000000001, 1, 1, 1, 1, 1, 1, 1, 1
10.619780000000000, 0, 1, 0, 1, 1, 1, 1, 1
10.619880000000000, 1, 1, 1, 1, 1, 1, 1, 1
10.619940000000001, 0, 1, 0, 1, 1, 1, 1, 1
10.619990000000001, 1, 1, 1, 1, 1, 1, 1, 1
10.620040000000001, 0, 1, 0, 1, 1, 1, 1, 1
10.620140000000001, 1, 1, 1, 1, 1, 1, 1, 1
10.620210000000000, 0, 1, 0, 1, 1, 1, 1, 1
10.620670000000000, 1, 1, 1, 1, 1, 1, 1, 1
10.620750000000001, 0, 1, 0, 1, 1, 1, 1, 1
10.621000000000000, 1, 1, 1, 1, 1, 1, 1, 1
10.621050000000000, 0, 1, 0, 1, 1, 1, 1, 1
10.621210000000001, 1, 1, 1, 1, 1, 1, 1, 1
10.621280000000000, 1, 0, 1, 1, 1, 1, 1, 1
10.621460000000001, 1, 1, 1, 1, 1, 1, 1, 1
10.621480000000000, 0, 1, 0, 1, 1, 1, 1, 1
10.621580000000002, 1, 1, 1, 1, 1, 1, 1, 1
10.621790000000001, 0, 1, 0, 1, 1, 1, 1, 1
10.621840000000001, 1, 1, 1, 1, 1, 1, 1, 1
10.621890000000000, 0, 1, 0, 1, 1, 1, 1, 1
10.621940000000000, 1, 1, 1, 1, 1, 1, 1, 1
10.622070000000001, 1, 0, 1, 1, 1, 1, 1, 1
10.639550000000002, 1, 0, 0, 1, 1, 1, 1, 1
10.640480000000000, 1, 0, 1, 1, 1, 1, 1, 1
10.641540000000001, 1, 0, 0, 1, 1, 1, 1, 1
10.641640000000001, 1, 0, 1, 1, 1, 1, 1, 1
10.641750000000000, 1, 0, 0, 1, 1, 1, 1, 1
10.641800000000002, 1, 0, 1, 1, 1, 1, 1, 1
10.641850000000002, 1, 0, 0, 1, 1, 1, 1, 1
10.642010000000001, 1, 0, 1, 1, 1, 1, 1, 1
10.642070000000000, 1, 0, 0, 1, 1, 1, 1, 1
10.642170000000000, 1, 0, 1, 1, 1, 1, 1, 1
10.642220000000000, 1, 0, 0, 1, 1, 1, 1, 1
10.642380000000001, 1, 0, 1, 1, 1, 1, 1, 1
10.642490000000000, 1, 0, 0, 1, 1, 1, 1, 1
10.642540000000000, 1, 0, 1, 1, 1, 1, 1, 1
10.643500000000001, 1, 0, 0, 1, 1, 1, 1, 1
10.643550000000001, 1, 0, 1, 1, 1, 1, 1, 1
10.643600000000001, 1, 0, 0, 1, 1, 1, 1, 1
10.643970000000001, 1, 0, 1, 1, 1, 1, 1, 1
10.644030000000001, 1, 0, 0, 1, 1, 1, 1, 1
10.644440000000001, 1, 0, 1, 1, 1, 1, 1, 1
10.645660000000001, 1, 0, 0, 1, 1, 1, 1, 1
10.645710000000001, 1, 0, 1, 1, 1, 1, 1, 1
10.645760000000001, 1, 0, 0, 1, 1, 1, 1, 1
10.645820000000001, 1, 0, 1, 1, 1, 1, 1, 1
10.645870000000000, 1, 0, 0, 1, 1, 1, 1, 1
10.645970000000000, 1, 0, 1, 1, 1, 1, 1, 1
10.646030000000001, 1, 0, 0, 1, 1, 1, 1, 1
10.646080000000001, 1, 0, 1, 1, 1, 1, 1, 1
10.687270000000002, 1, 0, 0, 1, 1, 1, 1, 1
10.688200000000000, 1, 0, 1, 1, 1, 1, 1, 1
10.689230000000000, 1, 0, 0, 1, 1, 1, 1, 1
10.689700000000000, 1, 0, 1, 1, 1, 1, 1, 1
10.689770000000001, 1, 0, 0, 1, 1, 1, 1, 1
10.689880000000000, 1, 0, 1, 1, 1, 1, 1, 1
10.689930000000000, 1, 0, 0, 1, 1, 1, 1, 1
10.690030000000000, 1, 0, 1, 1, 1, 1, 1, 1
10.690190000000001, 1, 0, 0, 1, 1, 1, 1, 1
10.690240000000001, 1, 0, 1, 1, 1, 1, 1, 1
10.691230000000001, 1, 0, 0, 1, 1, 1, 1, 1
10.691280000000001, 1, 0, 1, 1, 1, 1, 1, 1
10.691330000000001, 1, 0, 0, 1, 1, 1, 1, 1
10.691700000000001, 1, 0, 1, 1, 1, 1, 1, 1
10.691780000000001, 1, 0, 0, 1, 1, 1, 1, 1
10.691880000000001, 1, 0, 1, 1, 1, 1, 1, 1
10.691930000000001, 1, 0, 0, 1, 1, 1, 1, 1
10.692250000000001, 1, 0, 1, 1, 1, 1, 1, 1
10.693200000000001, 1, 0, 0, 1, 1, 1, 1, 1
10.693260000000000, 1, 0, 1, 1, 1, 1, 1, 1
10.693360000000000, 1, 0, 0, 1, 1, 1, 1, 1
10.693470000000001, 1, 0, 1, 1, 1, 1, 1, 1
10.693520000000001, 1, 0, 0, 1, 1, 1, 1, 1
10.693620000000001, 1, 0, 1, 1, 1, 1, 1, 1
10.707550000000001, 1, 0, 0, 1, 1, 1, 1, 1
10.708480000000002, 1, 0, 1, 1, 1, 1, 1, 1
10.709560000000002, 1, 0, 0, 1, 1, 1, 1, 1
10.709770000000001, 1, 0, 1, 1, 1, 1, 1, 1
10.709820000000001, 1, 0, 0, 1, 1, 1, 1, 1
10.709870000000000, 1, 0, 1, 1, 1, 1, 1, 1
10.709920000000000, 1, 0, 0, 1, 1, 1, 1, 1
10.710030000000001, 1, 0, 1, 1, 1, 1, 1, 1
10.710090000000001, 1, 0, 0, 1, 1, 1, 1, 1
10.710140000000001, 1, 0, 1, 1, 1, 1, 1, 1
10.710190000000001, 1, 0, 0, 1, 1, 1, 1, 1
10.710510000000001, 1, 0, 1, 1, 1, 1, 1, 1
10.711510000000001, 1, 0, 0, 1, 1, 1, 1, 1
10.711820000000001, 1, 0, 1, 1, 1, 1, 1, 1
10.711870000000001, 1, 0, 0, 1, 1, 1, 1, 1
10.711980000000001, 1, 0, 1, 1, 1, 1, 1, 1
10.714200000000002, 1, 0, 0, 1, 1, 1, 1, 1
10.714620000000000, 1, 0, 1, 1, 1, 1, 1, 1
10.718590000000001, 1, 1, 1, 1, 1, 1, 1, 1
10.718610000000002, 0, 1, 0, 1, 1, 1, 1, 1
10.719540000000000, 1, 1, 1, 1, 1, 1, 1, 1
10.719610000000001, 0, 1, 0, 1, 1, 1, 1, 1
10.720020000000002, 1, 1, 1, 1, 1, 1, 1, 1
10.720180000000001, 0, 1, 0, 1, 1, 1, 1, 1
10.720230000000001, 1, 1, 1, 1, 1, 1, 1, 1
10.720330000000001, 0, 1, 0, 1, 1, 1, 1, 1
10.720430000000000, 1, 1, 1, 1, 1, 1, 1, 1
10.720490000000002, 0, 1, 0, 1, 1, 1, 1, 1
10.720590000000001, 1, 1, 1, 1, 1, 1, 1, 1
10.720760000000000, 1, 0, 1, 1, 1, 1, 1, 1
10.720940000000001, 1, 1, 1, 1, 1, 1, 1, 1
10.720960000000002, 0, 1, 0, 1, 1, 1, 1, 1
10.721010000000001, 1, 1, 1, 1, 1, 1, 1, 1
10.721060000000001, 0, 1, 0, 1, 1, 1, 1, 1
10.721160000000001, 1, 1, 1, 1, 1, 1, 1, 1
10.721220000000001, 0, 1, 0, 1, 1, 1, 1, 1
10.721270000000001, 1, 1, 1, 1, 1, 1, 1, 1
10.721320000000000, 0, 1, 0, 1, 1, 1, 1, 1
10.721420000000000, 1, 1, 1, 1, 1, 1, 1, 1
10.721490000000001, 0, 1, 0, 1, 1, 1, 1, 1
10.721950000000001, 1, 1, 1, 1, 1, 1, 1, 1
10.722020000000001, 0, 1, 0, 1, 1, 1, 1, 1
10.722280000000001, 1, 1, 1, 1, 1, 1, 1, 1
10.722330000000001, 0, 1, 0, 1, 1, 1, 1, 1
10.722490000000001, 1, 1, 1, 1, 1, 1, 1, 1
10.722560000000001, 1, 0, 1, 1, 1, 1, 1, 1
10.722740000000002, 1, 1, 1, 1, 1, 1, 1, 1
10.722760000000001, 0, 1, 0, 1, 1, 1, 1, 1
10.722810000000001, 1, 1, 1, 1, 1, 1, 1, 1
10.722860000000001, 0, 1, 0, 1, 1, 1, 1, 1
10.722910000000001, 1, 1, 1, 1, 1, 1, 1, 1
10.723070000000002, 0, 1, 0, 1, 1, 1, 1, 1
10.723120000000002, 1, 1, 1, 1, 1, 1, 1, 1
10.723170000000001, 0, 1, 0, 1, 1, 1, 1, 1
10.723220000000001, 1, 1, 1, 1, 1, 1, 1, 1
10.723350000000002, 1, 0, 1, 1, 1, 1, 1, 1
10.740860000000001, 1, 0, 0, 1, 1, 1, 1, 1
10.741790000000002, 1, 0, 1, 1, 1, 1, 1, 1
10.742850000000001, 1, 0, 0, 1, 1, 1, 1, 1
10.742910000000000, 1, 0, 1, 1, 1, 1, 1, 1
10.742960000000000, 1, 0, 0, 1, 1, 1, 1, 1
10.743010000000002, 1, 0, 1, 1, 1, 1, 1, 1
10.743060000000002, 1, 0, 0, 1, 1, 1, 1, 1
10.743120000000001, 1, 0, 1, 1, 1, 1, 1, 1
10.743170000000001, 1, 0, 0, 1, 1, 1, 1, 1
10.743320000000001, 1, 0, 1, 1, 1, 1, 1, 1
10.743380000000000, 1, 0, 0, 1, 1, 1, 1, 1
10.743490000000001, 1, 0, 1, 1, 1, 1, 1, 1
10.743540000000001, 1, 0, 0, 1, 1, 1, 1, 1
10.743650000000001, 1, 0, 1, 1, 1, 1, 1, 1
10.743700000000000, 1, 0, 0, 1, 1, 1, 1, 1
10.743800000000000, 1, 0, 1, 1, 1, 1, 1, 1
10.744820000000001, 1, 0, 0, 1, 1, 1, 1, 1
10.744870000000001, 1, 0, 1, 1, 1, 1, 1, 1
10.744920000000000, 1, 0, 0, 1, 1, 1, 1, 1
10.745290000000001, 1, 0, 1, 1, 1, 1, 1, 1
10.745350000000000, 1, 0, 0, 1, 1, 1, 1, 1
10.745770000000000, 1, 0, 1, 1, 1, 1, 1, 1
10.746950000000000, 1, 0, 0, 1, 1, 1, 1, 1
10.747010000000001, 1, 0, 1, 1, 1, 1, 1, 1
10.747110000000001, 1, 0, 0, 1, 1, 1, 1, 1
10.747210000000001, 1, 0, 1, 1, 1, 1, 1, 1
10.786820000000001, 1, 0, 0, 1, 1, 1, 1, 1
10.787750000000001, 1, 0, 1, 1, 1, 1, 1, 1
10.788950000000002, 1, 0, 0, 1, 1, 1, 1, 1
10.789420000000002, 1, 0, 1, 1, 1, 1, 1, 1
10.789490000000001, 1, 0, 0, 1, 1, 1, 1, 1
10.789590000000000, 1, 0, 1, 1, 1, 1, 1, 1
10.789640000000000, 1, 0, 0, 1, 1, 1, 1, 1
10.789800000000001, 1, 0, 1, 1, 1, 1, 1, 1
10.789850000000001, 1, 0, 0, 1, 1, 1, 1, 1
10.789900000000001, 1, 0, 1, 1, 1, 1, 1, 1
10.790940000000001, 1, 0, 0, 1, 1, 1, 1, 1
10.790990000000001, 1, 0, 1, 1, 1, 1, 1, 1
10.791040000000001, 1, 0, 0, 1, 1, 1, 1, 1
10.791410000000001, 1, 0, 1, 1, 1, 1, 1, 1
10.791490000000001, 1, 0, 0, 1, 1, 1, 1, 1
10.791590000000001, 1, 0, 1, 1, 1, 1, 1, 1
10.791640000000001, 1, 0, 0, 1, 1, 1, 1, 1
10.791960000000001, 1, 0, 1, 1, 1, 1, 1, 1
10.792920000000001, 1, 0, 0, 1, 1, 1, 1, 1
10.793080000000002, 1, 0, 1, 1, 1, 1, 1, 1
10.793290000000001, 1, 0, 0, 1, 1, 1, 1, 1
10.793340000000001, 1, 0, 1, 1, 1, 1, 1, 1
10.807010000000000, 1, 0, 0, 1, 1, 1, 1, 1
10.807940000000000, 1, 0, 1, 1, 1, 1, 1, 1
10.809170000000002, 1, 0, 0, 1, 1, 1, 1, 1
10.809370000000001, 1, 0, 1, 1, 1, 1, 1, 1
10.809430000000001, 1, 0, 0, 1, 1, 1, 1, 1
10.809480000000001, 1, 0, 1, 1, 1, 1, 1, 1
10.809530000000001, 1, 0, 0, 1, 1, 1, 1, 1
10.809630000000000, 1, 0, 1, 1, 1, 1, 1, 1
10.809690000000002, 1, 0, 0, 1, 1, 1, 1, 1
10.809750000000001, 1, 0, 1, 1, 1, 1, 1, 1
10.809800000000001, 1, 0, 0, 1, 1, 1, 1, 1
10.809960000000000, 1, 0, 1, 1, 1, 1, 1, 1
10.810060000000000, 1, 0, 0, 1, 1, 1, 1, 1
10.810110000000002, 1, 0, 1, 1, 1, 1, 1, 1
10.811170000000001, 1, 0, 0, 1, 1, 1, 1, 1
10.811480000000001, 1, 0, 1, 1, 1, 1, 1, 1
10.811530000000001, 1, 0, 0, 1, 1, 1, 1, 1
10.811640000000001, 1, 0, 1, 1, 1, 1, 1, 1
10.813120000000001, 1, 0, 0, 1, 1, 1, 1, 1
10.813170000000001, 1, 0, 1, 1, 1, 1, 1, 1
10.813220000000001, 1, 0, 0, 1, 1, 1, 1, 1
10.813330000000001, 1, 0, 1, 1, 1, 1, 1, 1
10.813540000000001, 1, 0, 0, 1, 1, 1, 1, 1
10.813590000000001, 1, 0, 1, 1, 1, 1, 1, 1
10.817520000000000, 1, 1, 1, 1, 1, 1, 1, 1
10.817550000000001, 0, 1, 0, 1, 1, 1, 1, 1
10.818480000000001, 1, 1, 1, 1, 1, 1, 1, 1
10.818610000000001, 0, 1, 0, 1, 1, 1, 1, 1
10.819020000000000, 1, 1, 1, 1, 1, 1, 1, 1
10.819200000000000, 0, 1, 0, 1, 1, 1, 1, 1
10.819250000000000, 1, 1, 1, 1, 1, 1, 1, 1
10.819360000000001, 0, 1, 0, 1, 1, 1, 1, 1
10.819560000000001, 1, 1, 1, 1, 1, 1, 1, 1
10.819780000000002, 1, 0, 1, 1, 1, 1, 1, 1
10.819960000000000, 1, 1, 1, 1, 1, 1, 1, 1
10.819980000000001, 0, 1, 0, 1, 1, 1, 1, 1
10.820030000000001, 1, 1, 1, 1, 1, 1, 1, 1
10.820080000000001, 0, 1, 0, 1, 1, 1, 1, 1
10.820190000000000, 1, 1, 1, 1, 1, 1, 1, 1
10.820240000000000, 0, 1, 0, 1, 1, 1, 1, 1
10.820290000000002, 1, 1, 1, 1, 1, 1, 1, 1
10.820340000000002, 0, 1, 0, 1, 1, 1, 1, 1
10.820440000000001, 1, 1, 1, 1, 1, 1, 1, 1
10.820510000000001, 0, 1, 0, 1, 1, 1, 1, 1
10.820970000000001, 1, 1, 1, 1, 1, 1, 1, 1
10.821050000000001, 0, 1, 0, 1, 1, 1, 1, 1
10.821300000000001, 1, 1, 1, 1, 1, 1, 1, 1
10.821350000000001, 0, 1, 0, 1, 1, 1, 1, 1
10.821510000000002, 1, 1, 1, 1, 1, 1, 1, 1
10.821580000000001, 1, 0, 1, 1, 1, 1, 1, 1
10.821760000000001, 1, 1, 1, 1, 1, 1, 1, 1
10.821780000000000, 0, 1, 0, 1, 1, 1, 1, 1
10.821830000000000, 1, 1, 1, 1, 1, 1, 1, 1
10.821880000000000, 0, 1, 0, 1, 1, 1, 1, 1
10.822090000000001, 1, 1, 1, 1, 1, 1, 1, 1
10.822140000000001, 0, 1, 0, 1, 1, 1, 1, 1
10.822190000000001, 1, 1, 1, 1, 1, 1, 1, 1
10.822370000000001, 1, 0, 1, 1, 1, 1, 1, 1
10.839690000000001, 1, 0, 0, 1, 1, 1, 1, 1
10.840620000000001, 1, 0, 1, 1, 1, 1, 1, 1
10.841690000000002, 1, 0, 0, 1, 1, 1, 1, 1
10.841850000000001, 1, 0, 1, 1, 1, 1, 1, 1
10.841900000000001, 1, 0, 0, 1, 1, 1, 1, 1
10.841960000000000, 1, 0, 1, 1, 1, 1, 1, 1
10.842010000000000, 1, 0, 0, 1, 1, 1, 1, 1
10.842160000000002, 1, 0, 1, 1, 1, 1, 1, 1
10.842220000000001, 1, 0, 0, 1, 1, 1, 1, 1
10.842330000000000, 1, 0, 1, 1, 1, 1, 1, 1
10.842380000000000, 1, 0, 0, 1, 1, 1, 1, 1
10.842590000000001, 1, 0, 1, 1, 1, 1, 1, 1
10.843680000000001, 1, 0, 0, 1, 1, 1, 1, 1
10.843730000000001, 1, 0, 1, 1, 1, 1, 1, 1
10.843780000000001, 1, 0, 0, 1, 1, 1, 1, 1
10.844150000000001, 1, 0, 1, 1, 1, 1, 1, 1
10.844210000000000, 1, 0, 0, 1, 1, 1, 1, 1
10.844620000000001, 1, 0, 1, 1, 1, 1, 1, 1
10.845680000000002, 1, 0, 0, 1, 1, 1, 1, 1
10.845730000000001, 1, 0, 1, 1, 1, 1, 1, 1
10.845780000000001, 1, 0, 0, 1, 1, 1, 1, 1
10.846040000000000, 1, 0, 1, 1, 1, 1, 1, 1
10.887510000000001, 1, 0, 0, 1, 1, 1, 1, 1
10.888440000000001, 1, 0, 1, 1, 1, 1, 1, 1
10.889480000000001, 1, 0, 0, 1, 1, 1, 1, 1
10.889950000000001, 1, 0, 1, 1, 1, 1, 1, 1
10.890010000000000, 1, 0, 0, 1, 1, 1, 1, 1
10.890120000000001, 1, 0, 1, 1, 1, 1, 1, 1
10.890170000000001, 1, 0, 0, 1, 1, 1, 1, 1
10.890270000000001, 1, 0, 1, 1, 1, 1, 1, 1
10.890320000000001, 1, 0, 0, 1, 1, 1, 1, 1
10.890380000000000, 1, 0, 1, 1, 1, 1, 1, 1
10.891660000000002, 1, 0, 0, 1, 1, 1, 1, 1
10.891710000000002, 1, 0, 1, 1, 1, 1, 1, 1
10.891760000000001, 1, 0, 0, 1, 1, 1, 1, 1
10.892130000000002, 1, 0, 1, 1, 1, 1, 1, 1
10.892190000000001, 1, 0, 0, 1, 1, 1, 1, 1
10.892290000000001, 1, 0, 1, 1, 1, 1, 1, 1
10.892340000000001, 1, 0, 0, 1, 1, 1, 1, 1
10.892660000000001, 1, 0, 1, 1, 1, 1, 1, 1
10.893640000000001, 1, 0, 0, 1, 1, 1, 1, 1
10.893690000000001, 1, 0, 1, 1, 1, 1, 1, 1
10.893790000000001, 1, 0, 0, 1, 1, 1, 1, 1
10.893840000000001, 1, 0, 1, 1, 1, 1, 1, 1
10.893950000000000, 1, 0, 0, 1, 1, 1, 1, 1
10.894000000000000, 1, 0, 1, 1, 1, 1, 1, 1
10.907720000000001, 1, 0, 0, 1, 1, 1, 1, 1
10.908650000000002, 1, 0, 1, 1, 1, 1, 1, 1
10.909700000000001, 1, 0, 0, 1, 1, 1, 1, 1
10.909910000000002, 1, 0, 1, 1, 1, 1, 1, 1
10.909960000000002, 1, 0, 0, 1, 1, 1, 1, 1
10.910020000000001, 1, 0, 1, 1, 1, 1, 1, 1
10.910070000000001, 1, 0, 0, 1, 1, 1, 1, 1
10.910170000000001, 1, 0, 1, 1, 1, 1, 1, 1
10.910230000000000, 1, 0, 0, 1, 1, 1, 1, 1
10.910280000000000, 1, 0, 1, 1, 1, 1, 1, 1
10.910340000000001, 1, 0, 0, 1, 1, 1, 1, 1
10.910550000000001, 1, 0, 1, 1, 1, 1, 1, 1
10.911850000000001, 1, 0, 0, 1, 1, 1, 1, 1
10.912170000000001, 1, 0, 1, 1, 1, 1, 1, 1
10.912220000000001, 1, 0, 0, 1, 1, 1, 1, 1
10.912320000000001, 1, 0, 1, 1, 1, 1, 1, 1
10.913830000000001, 1, 0, 0, 1, 1, 1, 1, 1
10.913880000000001, 1, 0, 1, 1, 1, 1, 1, 1
10.913930000000001, 1, 0, 0, 1, 1, 1, 1, 1
10.913980000000000, 1, 0, 1, 1, 1, 1, 1, 1
10.914030000000000, 1, 0, 0, 1, 1, 1, 1, 1
10.914090000000002, 1, 0, 1, 1, 1, 1, 1, 1
10.914240000000001, 1, 0, 0, 1, 1, 1, 1, 1
10.914300000000001, 1, 0, 1, 1, 1, 1, 1, 1
10.918110000000000, 1, 1, 1, 1, 1, 1, 1, 1
10.918140000000001, 0, 1, 0, 1, 1, 1, 1, 1
10.919060000000002, 1, 1, 1, 1, 1, 1, 1, 1
10.919110000000002, 0, 1, 0, 1, 1, 1, 1, 1
10.919520000000000, 1, 1, 1, 1, 1, 1, 1, 1
10.919670000000002, 0, 1, 0, 1, 1, 1, 1, 1
10.919720000000002, 1, 1, 1, 1, 1, 1, 1, 1
10.919830000000001, 0, 1, 0, 1, 1, 1, 1, 1
10.919930000000001, 1, 1, 1, 1, 1, 1, 1, 1
10.920250000000001, 1, 0, 1, 1, 1, 1, 1, 1
10.920440000000001, 1, 1, 1, 1, 1, 1, 1, 1
10.920450000000001, 0, 1, 0, 1, 1, 1, 1, 1
10.920510000000000, 1, 1, 1, 1, 1, 1, 1, 1
10.920560000000000, 0, 1, 0, 1, 1, 1, 1, 1
10.920660000000002, 1, 1, 1, 1, 1, 1, 1, 1
10.920710000000001, 0, 1, 0, 1, 1, 1, 1, 1
10.920760000000001, 1, 1, 1, 1, 1, 1, 1, 1
10.920810000000001, 0, 1, 0, 1, 1, 1, 1, 1
10.920920000000001, 1, 1, 1, 1, 1, 1, 1, 1
10.920980000000000, 0, 1, 0, 1, 1, 1, 1, 1
10.921440000000000, 1, 1, 1, 1, 1, 1, 1, 1
10.921520000000001, 0, 1, 0, 1, 1, 1, 1, 1
10.921780000000000, 1, 1, 1, 1, 1, 1, 1, 1
10.921830000000002, 0, 1, 0, 1, 1, 1, 1, 1
10.921980000000001, 1, 1, 1, 1, 1, 1, 1, 1
10.922050000000000, 1, 0, 1, 1, 1, 1, 1, 1
10.922240000000000, 1, 1, 1, 1, 1, 1, 1, 1
10.922250000000000, 0, 1, 0, 1, 1, 1, 1, 1
10.922460000000001, 1, 1, 1, 1, 1, 1, 1, 1
10.922510000000001, 0, 1, 0, 1, 1, 1, 1, 1
10.922720000000002, 1, 1, 1, 1, 1, 1, 1, 1
10.922840000000001, 1, 0, 1, 1, 1, 1, 1, 1
10.940330000000001, 1, 0, 0, 1, 1, 1, 1, 1
10.941260000000002, 1, 0, 1, 1, 1, 1, 1, 1
10.942490000000001, 1, 0, 0, 1, 1, 1, 1, 1
10.942540000000001, 1, 0, 1, 1, 1, 1, 1, 1
10.942650000000000, 1, 0, 0, 1, 1, 1, 1, 1
10.942750000000000, 1, 0, 1, 1, 1, 1, 1, 1
10.942800000000000, 1, 0, 0, 1, 1, 1, 1, 1
10.942960000000001, 1, 0, 1, 1, 1, 1, 1, 1
10.943020000000001, 1, 0, 0, 1, 1, 1, 1, 1
10.943120000000000, 1, 0, 1, 1, 1, 1, 1, 1
10.943170000000000, 1, 0, 0, 1, 1, 1, 1, 1
10.943280000000001, 1, 0, 1, 1, 1, 1, 1, 1
10.944440000000000, 1, 0, 0, 1, 1, 1, 1, 1
10.944500000000001, 1, 0, 1, 1, 1, 1, 1, 1
10.944550000000001, 1, 0, 0, 1, 1, 1, 1, 1
10.944910000000000, 1, 0, 1, 1, 1, 1, 1, 1
10.944990000000001, 1, 0, 0, 1, 1, 1, 1, 1
10.945400000000001, 1, 0, 1, 1, 1, 1, 1, 1
10.946440000000001, 1, 0, 0, 1, 1, 1, 1, 1
10.946550000000000, 1, 0, 1, 1, 1, 1, 1, 1
10.946600000000000, 1, 0, 0, 1, 1, 1, 1, 1
10.946810000000001, 1, 0, 1, 1, 1, 1, 1, 1
10.946860000000001, 1, 0, 0, 1, 1, 1, 1, 1
10.946910000000001, 1, 0, 1, 1, 1, 1, 1, 1
10.988170000000000, 1, 0, 0, 1, 1, 1, 1, 1
10.989100000000001, 1, 0, 1, 1, 1, 1, 1, 1
10.990180000000001, 1, 0, 0, 1, 1, 1, 1, 1
10.990650000000000, 1, 0, 1, 1, 1, 1, 1, 1
10.990710000000002, 1, 0, 0, 1, 1, 1, 1, 1
10.990810000000002, 1, 0, 1, 1, 1, 1, 1, 1
10.990860000000001, 1, 0, 0, 1, 1, 1, 1, 1
10.991180000000002, 1, 0, 1, 1, 1, 1, 1, 1
10.992180000000001, 1, 0, 0, 1, 1, 1, 1, 1
10.992230000000001, 1, 0, 1, 1, 1, 1, 1, 1
10.992280000000001, 1, 0, 0, 1, 1, 1, 1, 1
10.992650000000001, 1, 0, 1, 1, 1, 1, 1, 1
10.992710000000001, 1, 0, 0, 1, 1, 1, 1, 1
10.992810000000000, 1, 0, 1, 1, 1, 1, 1, 1
10.992860000000000, 1, 0, 0, 1, 1, 1, 1, 1
10.993180000000001, 1, 0, 1, 1, 1, 1, 1, 1
10.994150000000001, 1, 0, 0, 1, 1, 1, 1, 1
10.994310000000000, 1, 0, 1, 1, 1, 1, 1, 1
10.994360000000000, 1, 0, 0, 1, 1, 1, 1, 1
10.994410000000000, 1, 0, 1, 1, 1, 1, 1, 1
11.008360000000001, 1, 0, 0, 1, 1, 1, 1, 1
11.009290000000000, 1, 0, 1, 1, 1, 1, 1, 1
11.010400000000001, 1, 0, 0, 1, 1, 1, 1, 1
11.010610000000002, 1, 0, 1, 1, 1, 1, 1, 1
11.010660000000001, 1, 0, 0, 1, 1, 1, 1, 1
11.010710000000001, 1, 0, 1, 1, 1, 1, 1, 1
11.010770000000001, 1, 0, 0, 1, 1, 1, 1, 1
11.010870000000001, 1, 0, 1, 1, 1, 1, 1, 1
11.010930000000000, 1, 0, 0, 1, 1, 1, 1, 1
11.010980000000002, 1, 0, 1, 1, 1, 1, 1, 1
11.011030000000002, 1, 0, 0, 1, 1, 1, 1, 1
11.011190000000001, 1, 0, 1, 1, 1, 1, 1, 1
11.011240000000001, 1, 0, 0, 1, 1, 1, 1, 1
11.011400000000000, 1, 0, 1, 1, 1, 1, 1, 1
11.012400000000001, 1, 0, 0, 1, 1, 1, 1, 1
11.012720000000002, 1, 0, 1, 1, 1, 1, 1, 1
11.012770000000002, 1, 0, 0, 1, 1, 1, 1, 1
11.012870000000001, 1, 0, 1, 1, 1, 1, 1, 1
11.014360000000002, 1, 0, 0, 1, 1, 1, 1, 1
11.014410000000002, 1, 0, 1, 1, 1, 1, 1, 1
11.014460000000001, 1, 0, 0, 1, 1, 1, 1, 1
11.014670000000001, 1, 0, 1, 1, 1, 1, 1, 1
11.014770000000000, 1, 0, 0, 1, 1, 1, 1, 1
11.014830000000002, 1, 0, 1, 1, 1, 1, 1, 1
11.018600000000001, 1, 1, 1, 1, 1, 1, 1, 1
11.018630000000002, 0, 1, 0, 1, 1, 1, 1, 1
11.019560000000000, 1, 1, 1, 1, 1, 1, 1, 1
11.019630000000001, 0, 1, 0, 1, 1, 1, 1, 1
11.020040000000002, 1, 1, 1, 1, 1, 1, 1, 1
11.020190000000001, 0, 1, 0, 1, 1, 1, 1, 1
11.020240000000001, 1, 1, 1, 1, 1, 1, 1, 1
11.020350000000001, 0, 1, 0, 1, 1, 1, 1, 1
11.020500000000000, 1, 1, 1, 1, 1, 1, 1, 1
11.020550000000000, 0, 1, 0, 1, 1, 1, 1, 1
11.020650000000002, 1, 1, 1, 1, 1, 1, 1, 1
11.020770000000001, 1, 0, 1, 1, 1, 1, 1, 1
11.020980000000002, 1, 1, 1, 1, 1, 1, 1, 1
11.021000000000001, 0, 1, 0, 1, 1, 1, 1, 1
11.021050000000001, 1, 1, 1, 1, 1, 1, 1, 1
11.021100000000001, 0, 1, 0, 1, 1, 1, 1, 1
11.021210000000002, 1, 1, 1, 1, 1, 1, 1, 1
11.021260000000002, 0, 1, 0, 1, 1, 1, 1, 1
11.021310000000001, 1, 1, 1, 1, 1, 1, 1, 1
11.021360000000001, 0, 1, 0, 1, 1, 1, 1, 1
11.021460000000001, 1, 1, 1, 1, 1, 1, 1, 1
11.021710000000001, 0, 1, 0, 1, 1, 1, 1, 1
11.022170000000001, 1, 1, 1, 1, 1, 1, 1, 1
11.022220000000001, 0, 1, 0, 1, 1, 1, 1, 1
11.022480000000002, 1, 1, 1, 1, 1, 1, 1, 1
11.022530000000001, 0, 1, 0, 1, 1, 1, 1, 1
11.022690000000001, 1, 1, 1, 1, 1, 1, 1, 1
11.022750000000000, 1, 0, 1, 1, 1, 1, 1, 1
11.022930000000001, 1, 1, 1, 1, 1, 1, 1, 1
11.022950000000002, 0, 1, 0, 1, 1, 1, 1, 1
11.023000000000001, 1, 1, 1, 1, 1, 1, 1, 1
11.023050000000001, 0, 1, 0, 1, 1, 1, 1, 1
11.023100000000001, 1, 1, 1, 1, 1, 1, 1, 1
11.023150000000001, 0, 1, 1, 1, 1, 1, 1, 1
11.023160000000001, 0, 1, 0, 1, 1, 1, 1, 1
11.023310000000000, 1, 1, 1, 1, 1, 1, 1, 1
11.023540000000001, 1, 0, 1, 1, 1, 1, 1, 1
11.041130000000001, 1, 0, 0, 1, 1, 1, 1, 1
11.042060000000001, 1, 0, 1, 1, 1, 1, 1, 1
11.043110000000000, 1, 0, 0, 1, 1, 1, 1, 1
11.043210000000000, 1, 0, 1, 1, 1, 1, 1, 1
11.043270000000001, 1, 0, 0, 1, 1, 1, 1, 1
11.043370000000001, 1, 0, 1, 1, 1, 1, 1, 1
11.043420000000001, 1, 0, 0, 1, 1, 1, 1, 1
11.043580000000000, 1, 0, 1, 1, 1, 1, 1, 1
11.043640000000002, 1, 0, 0, 1, 1, 1, 1, 1
11.043740000000001, 1, 0, 1, 1, 1, 1, 1, 1
11.043800000000001, 1, 0, 0, 1, 1, 1, 1, 1
11.043950000000001, 1, 0, 1, 1, 1, 1, 1, 1
11.044010000000000, 1, 0, 0, 1, 1, 1, 1, 1
11.044110000000002, 1, 0, 1, 1, 1, 1, 1, 1
11.045070000000001, 1, 0, 0, 1, 1, 1, 1, 1
11.045120000000001, 1, 0, 1, 1, 1, 1, 1, 1
11.045170000000001, 1, 0, 0, 1, 1, 1, 1, 1
11.045540000000001, 1, 0, 1, 1, 1, 1, 1, 1
11.045620000000001, 1, 0, 0, 1, 1, 1, 1, 1
11.046040000000001, 1, 0, 1, 1, 1, 1, 1, 1
11.047050000000000, 1, 0, 0, 1, 1, 1, 1, 1
11.047110000000002, 1, 0, 1, 1, 1, 1, 1, 1
11.047210000000002, 1, 0, 0, 1, 1, 1, 1, 1
11.047260000000001, 1, 0, 1, 1, 1, 1, 1, 1
11.047470000000001, 1, 0, 0, 1, 1, 1, 1, 1
11.047520000000000, 1, 0, 1, 1, 1, 1, 1, 1
11.089050000000000, 1, 0, 0, 1, 1, 1, 1, 1
11.089980000000001, 1, 0, 1, 1, 1, 1, 1, 1
11.091090000000001, 1, 0, 0, 1, 1, 1, 1, 1
11.091550000000002, 1, 0, 1, 1, 1, 1, 1, 1
11.091610000000001, 1, 0, 0, 1, 1, 1, 1, 1
11.091720000000000, 1, 0, 1, 1, 1, 1, 1, 1
11.091770000000000, 1, 0, 0, 1, 1, 1, 1, 1
11.091880000000002, 1, 0, 1, 1, 1, 1, 1, 1
11.091980000000001, 1, 0, 0, 1, 1, 1, 1, 1
11.092080000000001, 1, 0, 1, 1, 1, 1, 1, 1
11.093030000000001, 1, 0, 0, 1, 1, 1, 1, 1
11.093080000000000, 1, 0, 1, 1, 1, 1, 1, 1
11.093140000000002, 1, 0, 0, 1, 1, 1, 1, 1
11.093500000000001, 1, 0, 1, 1, 1, 1, 1, 1
11.093560000000000, 1, 0, 0, 1, 1, 1, 1, 1
11.093670000000001, 1, 0, 1, 1, 1, 1, 1, 1
11.093720000000001, 1, 0, 0, 1, 1, 1, 1, 1
11.094030000000000, 1, 0, 1, 1, 1, 1, 1, 1
11.095010000000000, 1, 0, 0, 1, 1, 1, 1, 1
11.095070000000002, 1, 0, 1, 1, 1, 1, 1, 1
11.095120000000001, 1, 0, 0, 1, 1, 1, 1, 1
11.095170000000001, 1, 0, 1, 1, 1, 1, 1, 1
11.095220000000001, 1, 0, 0, 1, 1, 1, 1, 1
11.095270000000001, 1, 0, 1, 1, 1, 1, 1, 1
11.095330000000001, 1, 0, 0, 1, 1, 1, 1, 1
11.095480000000000, 1, 0, 1, 1, 1, 1, 1, 1
11.109130000000000, 1, 0, 0, 1, 1, 1, 1, 1
11.110060000000001, 1, 0, 1, 1, 1, 1, 1, 1
11.111260000000001, 1, 0, 0, 1, 1, 1, 1, 1
11.111470000000001, 1, 0, 1, 1, 1, 1, 1, 1
11.111520000000001, 1, 0, 0, 1, 1, 1, 1, 1
11.111580000000002, 1, 0, 1, 1, 1, 1, 1, 1
11.111630000000002, 1, 0, 0, 1, 1, 1, 1, 1
11.111730000000001, 1, 0, 1, 1, 1, 1, 1, 1
11.111830000000001, 1, 0, 0, 1, 1, 1, 1, 1
11.111880000000001, 1, 0, 1, 1, 1, 1, 1, 1
11.111930000000001, 1, 0, 0, 1, 1, 1, 1, 1
11.112190000000002, 1, 0, 1, 1, 1, 1, 1, 1
11.112240000000002, 1, 0, 0, 1, 1, 1, 1, 1
11.112300000000001, 1, 0, 1, 1, 1, 1, 1, 1
11.113260000000000, 1, 0, 0, 1, 1, 1, 1, 1
11.113570000000001, 1, 0, 1, 1, 1, 1, 1, 1
11.113630000000001, 1, 0, 0, 1, 1, 1, 1, 1
11.113730000000000, 1, 0, 1, 1, 1, 1, 1, 1
11.115240000000002, 1, 0, 0, 1, 1, 1, 1, 1
11.115290000000002, 1, 0, 1, 1, 1, 1, 1, 1
11.115350000000001, 1, 0, 0, 1, 1, 1, 1, 1
11.115400000000001, 1, 0, 1, 1, 1, 1, 1, 1
11.115500000000001, 1, 0, 0, 1, 1, 1, 1, 1
11.115550000000001, 1, 0, 1, 1, 1, 1, 1, 1
11.115660000000000, 1, 0, 0, 1, 1, 1, 1, 1
11.115710000000002, 1, 0, 1, 1, 1, 1, 1, 1
11.119480000000001, 1, 1, 1, 1, 1, 1, 1, 1
11.119500000000000, 0, 1, 0, 1, 1, 1, 1, 1
11.120430000000001, 1, 1, 1, 1, 1, 1, 1, 1
11.120500000000002, 0, 1, 0, 1, 1, 1, 1, 1
11.120910000000000, 1, 1, 1, 1, 1, 1, 1, 1
11.121070000000001, 0, 1, 0, 1, 1, 1, 1, 1
11.121120000000001, 1, 1, 1, 1, 1, 1, 1, 1
11.121220000000001, 0, 1, 0, 1, 1, 1, 1, 1
11.121320000000001, 1, 1, 1, 1, 1, 1, 1, 1
11.121380000000000, 0, 1, 0, 1, 1, 1, 1, 1
11.121430000000000, 1, 1, 1, 1, 1, 1, 1, 1
11.121480000000000, 0, 1, 0, 1, 1, 1, 1, 1
11.121530000000002, 1, 1, 1, 1, 1, 1, 1, 1
11.121650000000001, 1, 0, 1, 1, 1, 1, 1, 1
11.121830000000001, 1, 1, 1, 1, 1, 1, 1, 1
11.121850000000000, 0, 1, 0, 1, 1, 1, 1, 1
11.121900000000000, 1, 1, 1, 1, 1, 1, 1, 1
11.121950000000002, 0, 1, 0, 1, 1, 1, 1, 1
11.122050000000002, 1, 1, 1, 1, 1, 1, 1, 1
11.122110000000001, 0, 1, 0, 1, 1, 1, 1, 1
11.122160000000001, 1, 1, 1, 1, 1, 1, 1, 1
11.122210000000001, 0, 1, 0, 1, 1, 1, 1, 1
11.122310000000001, 1, 1, 1, 1, 1, 1, 1, 1
11.122380000000001, 0, 1, 0, 1, 1, 1, 1, 1
11.122840000000000, 1, 1, 1, 1, 1, 1, 1, 1
11.122910000000001, 0, 1, 0, 1, 1, 1, 1, 1
11.123170000000002, 1, 1, 1, 1, 1, 1, 1, 1
11.123220000000002, 0, 1, 0, 1, 1, 1, 1, 1
11.123380000000001, 1, 1, 1, 1, 1, 1, 1, 1
11.123400000000000, 1, 0, 1, 1, 1, 1, 1, 1
11.123600000000001, 1, 1, 1, 1, 1, 1, 1, 1
11.123620000000001, 0, 1, 0, 1, 1, 1, 1, 1
11.123670000000001, 1, 1, 1, 1, 1, 1, 1, 1
11.123830000000002, 0, 1, 0, 1, 1, 1, 1, 1
11.123880000000002, 1, 1, 1, 1, 1, 1, 1, 1
11.124210000000001, 1, 0, 1, 1, 1, 1, 1, 1
11.141780000000001, 1, 0, 0, 1, 1, 1, 1, 1
11.142710000000001, 1, 0, 1, 1, 1, 1, 1, 1
11.143820000000002, 1, 0, 0, 1, 1, 1, 1, 1
11.143870000000001, 1, 0, 1, 1, 1, 1, 1, 1
11.143920000000001, 1, 0, 0, 1, 1, 1, 1, 1
11.144080000000001, 1, 0, 1, 1, 1, 1, 1, 1
11.144130000000001, 1, 0, 0, 1, 1, 1, 1, 1
11.144290000000002, 1, 0, 1, 1, 1, 1, 1, 1
11.144350000000001, 1, 0, 0, 1, 1, 1, 1, 1
11.144450000000001, 1, 0, 1, 1, 1, 1, 1, 1
11.144510000000000, 1, 0, 0, 1, 1, 1, 1, 1
11.144610000000000, 1, 0, 1, 1, 1, 1, 1, 1
11.144660000000002, 1, 0, 0, 1, 1, 1, 1, 1
11.144710000000002, 1, 0, 1, 1, 1, 1, 1, 1
11.144770000000001, 1, 0, 0, 1, 1, 1, 1, 1
11.144820000000001, 1, 0, 1, 1, 1, 1, 1, 1
11.145770000000001, 1, 0, 0, 1, 1, 1, 1, 1
11.145820000000001, 1, 0, 1, 1, 1, 1, 1, 1
11.145880000000002, 1, 0, 0, 1, 1, 1, 1, 1
11.146240000000001, 1, 0, 1, 1, 1, 1, 1, 1
11.146300000000000, 1, 0, 0, 1, 1, 1, 1, 1
11.146720000000000, 1, 0, 1, 1, 1, 1, 1, 1
11.147770000000001, 1, 0, 0, 1, 1, 1, 1, 1
11.147880000000001, 1, 0, 1, 1, 1, 1, 1, 1
11.147980000000000, 1, 0, 0, 1, 1, 1, 1, 1
11.148090000000002, 1, 0, 1, 1, 1, 1, 1, 1
11.148140000000001, 1, 0, 0, 1, 1, 1, 1, 1
11.148240000000001, 1, 0, 1, 1, 1, 1, 1, 1
11.189570000000002, 1, 0, 0, 1, 1, 1, 1, 1
11.190500000000000, 1, 0, 1, 1, 1, 1, 1, 1
11.191590000000001, 1, 0, 0, 1, 1, 1, 1, 1
11.192060000000001, 1, 0, 1, 1, 1, 1, 1, 1
11.192120000000001, 1, 0, 0, 1, 1, 1, 1, 1
11.192230000000000, 1, 0, 1, 1, 1, 1, 1, 1
11.192280000000000, 1, 0, 0, 1, 1, 1, 1, 1
11.192440000000001, 1, 0, 1, 1, 1, 1, 1, 1
11.192540000000001, 1, 0, 0, 1, 1, 1, 1, 1
11.192590000000001, 1, 0, 1, 1, 1, 1, 1, 1
11.193590000000000, 1, 0, 0, 1, 1, 1, 1, 1
11.193640000000000, 1, 0, 1, 1, 1, 1, 1, 1
11.193690000000000, 1, 0, 0, 1, 1, 1, 1, 1
11.194060000000000, 1, 0, 1, 1, 1, 1, 1, 1
11.194120000000002, 1, 0, 0, 1, 1, 1, 1, 1
11.194220000000001, 1, 0, 1, 1, 1, 1, 1, 1
11.194280000000001, 1, 0, 0, 1, 1, 1, 1, 1
11.194590000000002, 1, 0, 1, 1, 1, 1, 1, 1
11.195730000000001, 1, 0, 0, 1, 1, 1, 1, 1
11.195780000000001, 1, 0, 1, 1, 1, 1, 1, 1
11.195840000000000, 1, 0, 0, 1, 1, 1, 1, 1
11.195990000000000, 1, 0, 1, 1, 1, 1, 1, 1
11.196100000000001, 1, 0, 0, 1, 1, 1, 1, 1
11.196200000000001, 1, 0, 1, 1, 1, 1, 1, 1
11.209670000000001, 1, 0, 0, 1, 1, 1, 1, 1
11.210600000000001, 1, 0, 1, 1, 1, 1, 1, 1
11.211670000000002, 1, 0, 0, 1, 1, 1, 1, 1
11.211880000000001, 1, 0, 1, 1, 1, 1, 1, 1
11.211930000000001, 1, 0, 0, 1, 1, 1, 1, 1
11.211990000000000, 1, 0, 1, 1, 1, 1, 1, 1
11.212040000000002, 1, 0, 0, 1, 1, 1, 1, 1
11.212140000000002, 1, 0, 1, 1, 1, 1, 1, 1
11.212200000000001, 1, 0, 0, 1, 1, 1, 1, 1
11.212260000000001, 1, 0, 1, 1, 1, 1, 1, 1
11.212310000000000, 1, 0, 0, 1, 1, 1, 1, 1
11.212460000000000, 1, 0, 1, 1, 1, 1, 1, 1
11.212620000000001, 1, 0, 0, 1, 1, 1, 1, 1
11.212670000000001, 1, 0, 1, 1, 1, 1, 1, 1
11.213680000000000, 1, 0, 0, 1, 1, 1, 1, 1
11.213990000000001, 1, 0, 1, 1, 1, 1, 1, 1
11.214040000000001, 1, 0, 0, 1, 1, 1, 1, 1
11.214150000000000, 1, 0, 1, 1, 1, 1, 1, 1
11.216710000000001, 1, 0, 0, 1, 1, 1, 1, 1
11.216870000000000, 1, 0, 1, 1, 1, 1, 1, 1
11.216920000000002, 1, 0, 0, 1, 1, 1, 1, 1
11.216970000000002, 1, 0, 1, 1, 1, 1, 1, 1
11.217020000000002, 1, 0, 0, 1, 1, 1, 1, 1
11.217130000000001, 1, 0, 1, 1, 1, 1, 1, 1
11.220990000000000, 1, 1, 1, 1, 1, 1, 1, 1
11.221020000000001, 0, 1, 0, 1, 1, 1, 1, 1
11.221950000000001, 1, 1, 1, 1, 1, 1, 1, 1
11.222020000000001, 0, 1, 0, 1, 1, 1, 1, 1
11.222430000000001, 1, 1, 1, 1, 1, 1, 1, 1
11.222590000000000, 0, 1, 0, 1, 1, 1, 1, 1
11.222640000000000, 1, 1, 1, 1, 1, 1, 1, 1
11.222740000000002, 0, 1, 0, 1, 1, 1, 1, 1
11.223000000000001, 1, 1, 1, 1, 1, 1, 1, 1
11.223160000000002, 1, 0, 1, 1, 1, 1, 1, 1
11.223350000000002, 1, 1, 1, 1, 1, 1, 1, 1
11.223370000000001, 0, 1, 0, 1, 1, 1, 1, 1
11.223420000000001, 1, 1, 1, 1, 1, 1, 1, 1
11.223470000000001, 0, 1, 0, 1, 1, 1, 1, 1
11.223570000000000, 1, 1, 1, 1, 1, 1, 1, 1
11.223620000000000, 0, 1, 0, 1, 1, 1, 1, 1
11.223680000000002, 1, 1, 1, 1, 1, 1, 1, 1
11.223730000000002, 0, 1, 0, 1, 1, 1, 1, 1
11.223830000000001, 1, 1, 1, 1, 1, 1, 1, 1
11.223890000000001, 0, 1, 0, 1, 1, 1, 1, 1
11.224360000000001, 1, 1, 1, 1, 1, 1, 1, 1
11.224430000000002, 0, 1, 0, 1, 1, 1, 1, 1
11.224690000000001, 1, 1, 1, 1, 1, 1, 1, 1
11.224740000000001, 0, 1, 0, 1, 1, 1, 1, 1
11.224900000000002, 1, 1, 1, 1, 1, 1, 1, 1
11.224990000000002, 1, 0, 1, 1, 1, 1, 1, 1
11.225210000000001, 1, 1, 1, 1, 1, 1, 1, 1
11.225230000000002, 0, 1, 0, 1, 1, 1, 1, 1
11.225330000000001, 1, 1, 1, 1, 1, 1, 1, 1
11.225390000000001, 0, 1, 0, 1, 1, 1, 1, 1
11.225440000000001, 1, 1, 1, 1, 1, 1, 1, 1
11.225590000000000, 0, 1, 0, 1, 1, 1, 1, 1
11.225690000000000, 1, 1, 1, 1, 1, 1, 1, 1
11.225750000000001, 1, 0, 1, 1, 1, 1, 1, 1
11.243080000000001, 1, 0, 0, 1, 1, 1, 1, 1
11.244010000000001, 1, 0, 1, 1, 1, 1, 1, 1
11.245110000000000, 1, 0, 0, 1, 1, 1, 1, 1
11.245380000000001, 1, 0, 1, 1, 1, 1, 1, 1
11.245430000000001, 1, 0, 0, 1, 1, 1, 1, 1
11.245580000000000, 1, 0, 1, 1, 1, 1, 1, 1
11.245650000000001, 1, 0, 0, 1, 1, 1, 1, 1
11.245750000000001, 1, 0, 1, 1, 1, 1, 1, 1
11.245800000000001, 1, 0, 0, 1, 1, 1, 1, 1
11.246070000000001, 1, 0, 1, 1, 1, 1, 1, 1
11.247370000000000, 1, 0, 0, 1, 1, 1, 1, 1
11.247430000000001, 1, 0, 1, 1, 1, 1, 1, 1
11.247480000000001, 1, 0, 0, 1, 1, 1, 1, 1
11.247840000000000, 1, 0, 1, 1, 1, 1, 1, 1
11.247900000000001, 1, 0, 0, 1, 1, 1, 1, 1
11.248320000000001, 1, 0, 1, 1, 1, 1, 1, 1
11.249320000000001, 1, 0, 0, 1, 1, 1, 1, 1
11.249370000000001, 1, 0, 1, 1, 1, 1, 1, 1
11.249630000000002, 1, 0, 0, 1, 1, 1, 1, 1
11.249790000000001, 1, 0, 1, 1, 1, 1, 1, 1
11.288950000000002, 1, 0, 0, 1, 1, 1, 1, 1
11.289880000000000, 1, 0, 1, 1, 1, 1, 1, 1
11.291100000000000, 1, 0, 0, 1, 1, 1, 1, 1
11.291570000000000, 1, 0, 1, 1, 1, 1, 1, 1
11.291630000000001, 1, 0, 0, 1, 1, 1, 1, 1
11.291730000000001, 1, 0, 1, 1, 1, 1, 1, 1
11.291790000000001, 1, 0, 0, 1, 1, 1, 1, 1
11.291890000000000, 1, 0, 1, 1, 1, 1, 1, 1
11.291940000000000, 1, 0, 0, 1, 1, 1, 1, 1
11.292050000000001, 1, 0, 1, 1, 1, 1, 1, 1
11.293100000000001, 1, 0, 0, 1, 1, 1, 1, 1
11.293150000000001, 1, 0, 1, 1, 1, 1, 1, 1
11.293210000000000, 1, 0, 0, 1, 1, 1, 1, 1
11.293570000000001, 1, 0, 1, 1, 1, 1, 1, 1
11.293630000000000, 1, 0, 0, 1, 1, 1, 1, 1
11.293740000000001, 1, 0, 1, 1, 1, 1, 1, 1
11.293790000000001, 1, 0, 0, 1, 1, 1, 1, 1
11.294100000000000, 1, 0, 1, 1, 1, 1, 1, 1
11.295170000000001, 1, 0, 0, 1, 1, 1, 1, 1
11.295220000000000, 1, 0, 1, 1, 1, 1, 1, 1
11.295280000000002, 1, 0, 0, 1, 1, 1, 1, 1
11.295330000000002, 1, 0, 1, 1, 1, 1, 1, 1
11.295490000000001, 1, 0, 0, 1, 1, 1, 1, 1
11.295540000000001, 1, 0, 1, 1, 1, 1, 1, 1
11.295590000000001, 1, 0, 0, 1, 1, 1, 1, 1
11.295640000000001, 1, 0, 1, 1, 1, 1, 1, 1
11.309170000000002, 1, 0, 0, 1, 1, 1, 1, 1
11.310100000000000, 1, 0, 1, 1, 1, 1, 1, 1
11.311150000000001, 1, 0, 0, 1, 1, 1, 1, 1
11.311360000000001, 1, 0, 1, 1, 1, 1, 1, 1
11.311410000000000, 1, 0, 0, 1, 1, 1, 1, 1
11.311460000000000, 1, 0, 1, 1, 1, 1, 1, 1
11.311520000000002, 1, 0, 0, 1, 1, 1, 1, 1
11.311620000000001, 1, 0, 1, 1, 1, 1, 1, 1
11.311680000000001, 1, 0, 0, 1, 1, 1, 1, 1
11.311730000000001, 1, 0, 1, 1, 1, 1, 1, 1
11.311780000000001, 1, 0, 0, 1, 1, 1, 1, 1
11.311990000000002, 1, 0, 1, 1, 1, 1, 1, 1
11.312050000000001, 1, 0, 0, 1, 1, 1, 1, 1
11.312100000000001, 1, 0, 1, 1, 1, 1, 1, 1
11.313320000000001, 1, 0, 0, 1, 1, 1, 1, 1
11.313630000000002, 1, 0, 1, 1, 1, 1, 1, 1
11.313680000000002, 1, 0, 0, 1, 1, 1, 1, 1
11.313790000000001, 1, 0, 1, 1, 1, 1, 1, 1
11.315290000000001, 1, 0, 0, 1, 1, 1, 1, 1
11.315390000000001, 1, 0, 1, 1, 1, 1, 1, 1
11.315550000000002, 1, 0, 0, 1, 1, 1, 1, 1
11.315600000000002, 1, 0, 1, 1, 1, 1, 1, 1
11.315650000000002, 1, 0, 0, 1, 1, 1, 1, 1
11.315760000000001, 1, 0, 1, 1, 1, 1, 1, 1
11.319970000000001, 1, 1, 1, 1, 1, 1, 1, 1
11.320000000000000, 0, 1, 0, 1, 1, 1, 1, 1
11.320920000000001, 1, 1, 1, 1, 1, 1, 1, 1
11.321000000000002, 0, 1, 0, 1, 1, 1, 1, 1
11.321410000000000, 1, 1, 1, 1, 1, 1, 1, 1
11.321560000000002, 0, 1, 0, 1, 1, 1, 1, 1
11.321610000000002, 1, 1, 1, 1, 1, 1, 1, 1
11.321720000000001, 0, 1, 0, 1, 1, 1, 1, 1
11.321820000000001, 1, 1, 1, 1, 1, 1, 1, 1
11.321920000000000, 0, 1, 0, 1, 1, 1, 1, 1
11.321970000000000, 1, 1, 1, 1, 1, 1, 1, 1
11.322140000000001, 1, 0, 1, 1, 1, 1, 1, 1
11.322330000000001, 1, 1, 1, 1, 1, 1, 1, 1
11.322340000000001, 0, 1, 0, 1, 1, 1, 1, 1
11.322390000000000, 1, 1, 1, 1, 1, 1, 1, 1
11.322450000000002, 0, 1, 0, 1, 1, 1, 1, 1
11.322550000000001, 1, 1, 1, 1, 1, 1, 1, 1
11.322600000000001, 0, 1, 0, 1, 1, 1, 1, 1
11.322650000000001, 1, 1, 1, 1, 1, 1, 1, 1
11.322700000000001, 0, 1, 0, 1, 1, 1, 1, 1
11.322810000000000, 1, 1, 1, 1, 1, 1, 1, 1
11.322870000000002, 0, 1, 0, 1, 1, 1, 1, 1
11.323330000000000, 1, 1, 1, 1, 1, 1, 1, 1
11.323410000000001, 0, 1, 0, 1, 1, 1, 1, 1
11.323670000000002, 1, 1, 1, 1, 1, 1, 1, 1
11.323720000000002, 0, 1, 0, 1, 1, 1, 1, 1
11.323870000000001, 1, 1, 1, 1, 1, 1, 1, 1
11.323940000000000, 1, 0, 1, 1, 1, 1, 1, 1
11.324120000000001, 1, 1, 1, 1, 1, 1, 1, 1
11.324140000000002, 0, 1, 0, 1, 1, 1, 1, 1
11.324190000000002, 1, 1, 1, 1, 1, 1, 1, 1
11.324300000000001, 0, 1, 0, 1, 1, 1, 1, 1
11.324400000000001, 1, 1, 1, 1, 1, 1, 1, 1
11.324450000000001, 0, 1, 0, 1, 1, 1, 1, 1
11.324550000000000, 1, 1, 1, 1, 1, 1, 1, 1
11.324730000000001, 1, 0, 1, 1, 1, 1, 1, 1
11.341790000000001, 1, 0, 0, 1, 1, 1, 1, 1
11.342720000000002, 1, 0, 1, 1, 1, 1, 1, 1
11.343770000000001, 1, 0, 0, 1, 1, 1, 1, 1
11.344030000000000, 1, 0, 1, 1, 1, 1, 1, 1
11.344090000000001, 1, 0, 0, 1, 1, 1, 1, 1
11.344190000000001, 1, 0, 1, 1, 1, 1, 1, 1
11.344300000000000, 1, 0, 0, 1, 1, 1, 1, 1
11.344410000000002, 1, 0, 1, 1, 1, 1, 1, 1
11.344460000000002, 1, 0, 0, 1, 1, 1, 1, 1
11.344560000000001, 1, 0, 1, 1, 1, 1, 1, 1
11.344670000000001, 1, 0, 0, 1, 1, 1, 1, 1
11.344720000000001, 1, 0, 1, 1, 1, 1, 1, 1
11.346030000000001, 1, 0, 0, 1, 1, 1, 1, 1
11.346080000000001, 1, 0, 1, 1, 1, 1, 1, 1
11.346130000000000, 1, 0, 0, 1, 1, 1, 1, 1
11.346500000000001, 1, 0, 1, 1, 1, 1, 1, 1
11.346580000000001, 1, 0, 0, 1, 1, 1, 1, 1
11.347000000000001, 1, 0, 1, 1, 1, 1, 1, 1
11.348050000000001, 1, 0, 0, 1, 1, 1, 1, 1
11.348100000000001, 1, 0, 1, 1, 1, 1, 1, 1
11.348310000000001, 1, 0, 0, 1, 1, 1, 1, 1
11.348410000000001, 1, 0, 1, 1, 1, 1, 1, 1
11.389750000000001, 1, 0, 0, 1, 1, 1, 1, 1
11.390680000000001, 1, 0, 1, 1, 1, 1, 1, 1
11.391750000000002, 1, 0, 0, 1, 1, 1, 1, 1
11.392220000000002, 1, 0, 1, 1, 1, 1, 1, 1
11.392280000000001, 1, 0, 0, 1, 1, 1, 1, 1
11.392390000000001, 1, 0, 1, 1, 1, 1, 1, 1
11.392440000000001, 1, 0, 0, 1, 1, 1, 1, 1
11.392650000000001, 1, 0, 1, 1, 1, 1, 1, 1
11.393630000000002, 1, 0, 0, 1, 1, 1, 1, 1
11.393680000000002, 1, 0, 1, 1, 1, 1, 1, 1
11.393740000000001, 1, 0, 0, 1, 1, 1, 1, 1
11.394100000000002, 1, 0, 1, 1, 1, 1, 1, 1
11.394160000000001, 1, 0, 0, 1, 1, 1, 1, 1
11.394270000000001, 1, 0, 1, 1, 1, 1, 1, 1
11.394320000000000, 1, 0, 0, 1, 1, 1, 1, 1
11.394630000000001, 1, 0, 1, 1, 1, 1, 1, 1
11.395860000000001, 1, 0, 0, 1, 1, 1, 1, 1
11.395910000000001, 1, 0, 1, 1, 1, 1, 1, 1
11.395960000000001, 1, 0, 0, 1, 1, 1, 1, 1
11.396070000000002, 1, 0, 1, 1, 1, 1, 1, 1
11.396280000000001, 1, 0, 0, 1, 1, 1, 1, 1
11.396330000000001, 1, 0, 1, 1, 1, 1, 1, 1
11.409940000000001, 1, 0, 0, 1, 1, 1, 1, 1
11.410870000000001, 1, 0, 1, 1, 1, 1, 1, 1
11.411920000000000, 1, 0, 0, 1, 1, 1, 1, 1
11.412130000000001, 1, 0, 1, 1, 1, 1, 1, 1
11.412180000000001, 1, 0, 0, 1, 1, 1, 1, 1
11.412240000000001, 1, 0, 1, 1, 1, 1, 1, 1
11.412290000000000, 1, 0, 0, 1, 1, 1, 1, 1
11.412390000000000, 1, 0, 1, 1, 1, 1, 1, 1
11.412450000000002, 1, 0, 0, 1, 1, 1, 1, 1
11.412500000000001, 1, 0, 1, 1, 1, 1, 1, 1
11.412560000000001, 1, 0, 0, 1, 1, 1, 1, 1
11.412710000000001, 1, 0, 1, 1, 1, 1, 1, 1
11.412770000000000, 1, 0, 0, 1, 1, 1, 1, 1
11.412820000000002, 1, 0, 1, 1, 1, 1, 1, 1
11.413920000000001, 1, 0, 0, 1, 1, 1, 1, 1
11.414230000000002, 1, 0, 1, 1, 1, 1, 1, 1
11.414290000000001, 1, 0, 0, 1, 1, 1, 1, 1
11.414390000000001, 1, 0, 1, 1, 1, 1, 1, 1
11.416060000000002, 1, 0, 0, 1, 1, 1, 1, 1
11.416220000000001, 1, 0, 1, 1, 1, 1, 1, 1
11.416320000000001, 1, 0, 0, 1, 1, 1, 1, 1
11.416480000000002, 1, 0, 1, 1, 1, 1, 1, 1
11.420610000000002, 1, 1, 1, 1, 1, 1, 1, 1
11.420640000000001, 0, 1, 0, 1, 1, 1, 1, 1
11.421560000000001, 1, 1, 1, 1, 1, 1, 1, 1
11.421610000000001, 0, 1, 0, 1, 1, 1, 1, 1
11.422020000000002, 1, 1, 1, 1, 1, 1, 1, 1
11.422170000000001, 0, 1, 0, 1, 1, 1, 1, 1
11.422220000000001, 1, 1, 1, 1, 1, 1, 1, 1
11.422320000000001, 0, 1, 0, 1, 1, 1, 1, 1
11.422480000000000, 1, 1, 1, 1, 1, 1, 1, 1
11.422750000000001, 1, 0, 1, 1, 1, 1, 1, 1
11.422930000000001, 1, 1, 1, 1, 1, 1, 1, 1
11.422950000000000, 0, 1, 0, 1, 1, 1, 1, 1
11.423000000000002, 1, 1, 1, 1, 1, 1, 1, 1
11.423050000000002, 0, 1, 0, 1, 1, 1, 1, 1
11.423150000000001, 1, 1, 1, 1, 1, 1, 1, 1
11.423210000000001, 0, 1, 0, 1, 1, 1, 1, 1
11.423260000000001, 1, 1, 1, 1, 1, 1, 1, 1
11.423310000000001, 0, 1, 0, 1, 1, 1, 1, 1
11.423410000000001, 1, 1, 1, 1, 1, 1, 1, 1
11.423470000000002, 0, 1, 1, 1, 1, 1, 1, 1
11.423480000000001, 0, 1, 0, 1, 1, 1, 1, 1
11.423940000000002, 1, 1, 1, 1, 1, 1, 1, 1
11.424010000000001, 0, 1, 0, 1, 1, 1, 1, 1
11.424270000000002, 1, 1, 1, 1, 1, 1, 1, 1
11.424320000000002, 0, 1, 0, 1, 1, 1, 1, 1
11.424480000000001, 1, 1, 1, 1, 1, 1, 1, 1
11.424540000000000, 1, 0, 1, 1, 1, 1, 1, 1
11.424730000000000, 1, 1, 1, 1, 1, 1, 1, 1
11.424750000000001, 0, 1, 0, 1, 1, 1, 1, 1
11.424800000000001, 1, 1, 1, 1, 1, 1, 1, 1
11.425000000000001, 0, 1, 0, 1, 1, 1, 1, 1
11.425060000000000, 1, 1, 1, 1, 1, 1, 1, 1
11.425160000000002, 0, 1, 0, 1, 1, 1, 1, 1
11.425210000000002, 1, 1, 1, 1, 1, 1, 1, 1
11.425340000000000, 1, 0, 1, 1, 1, 1, 1, 1
11.442430000000002, 1, 0, 0, 1, 1, 1, 1, 1
11.443360000000000, 1, 0, 1, 1, 1, 1, 1, 1
11.444440000000000, 1, 0, 0, 1, 1, 1, 1, 1
11.444500000000001, 1, 0, 1, 1, 1, 1, 1, 1
11.444700000000001, 1, 0, 0, 1, 1, 1, 1, 1
11.444860000000000, 1, 0, 1, 1, 1, 1, 1, 1
11.444980000000001, 1, 0, 0, 1, 1, 1, 1, 1
11.445090000000000, 1, 0, 1, 1, 1, 1, 1, 1
11.445140000000000, 1, 0, 0, 1, 1, 1, 1, 1
11.445290000000002, 1, 0, 1, 1, 1, 1, 1, 1
11.446610000000002, 1, 0, 0, 1, 1, 1, 1, 1
11.446660000000001, 1, 0, 1, 1, 1, 1, 1, 1
11.446710000000001, 1, 0, 0, 1, 1, 1, 1, 1
11.447080000000001, 1, 0, 1, 1, 1, 1, 1, 1
11.447140000000001, 1, 0, 0, 1, 1, 1, 1, 1
11.447550000000001, 1, 0, 1, 1, 1, 1, 1, 1
11.448640000000001, 1, 0, 0, 1, 1, 1, 1, 1
11.448740000000001, 1, 0, 1, 1, 1, 1, 1, 1
11.448950000000002, 1, 0, 0, 1, 1, 1, 1, 1
11.449000000000002, 1, 0, 1, 1, 1, 1, 1, 1
11.449050000000002, 1, 0, 0, 1, 1, 1, 1, 1
11.449110000000001, 1, 0, 1, 1, 1, 1, 1, 1
11.490440000000001, 1, 0, 0, 1, 1, 1, 1, 1
11.491370000000002, 1, 0, 1, 1, 1, 1, 1, 1
11.492460000000001, 1, 0, 0, 1, 1, 1, 1, 1
11.492930000000001, 1, 0, 1, 1, 1, 1, 1, 1
11.493030000000001, 1, 0, 0, 1, 1, 1, 1, 1
11.493130000000001, 1, 0, 1, 1, 1, 1, 1, 1
11.493190000000000, 1, 0, 0, 1, 1, 1, 1, 1
11.493290000000002, 1, 0, 1, 1, 1, 1, 1, 1
11.494400000000001, 1, 0, 0, 1, 1, 1, 1, 1
11.494460000000000, 1, 0, 1, 1, 1, 1, 1, 1
11.494510000000002, 1, 0, 0, 1, 1, 1, 1, 1
11.494870000000001, 1, 0, 1, 1, 1, 1, 1, 1
11.494940000000001, 1, 0, 0, 1, 1, 1, 1, 1
11.495050000000001, 1, 0, 1, 1, 1, 1, 1, 1
11.495100000000001, 1, 0, 0, 1, 1, 1, 1, 1
11.495410000000001, 1, 0, 1, 1, 1, 1, 1, 1
11.496570000000000, 1, 0, 0, 1, 1, 1, 1, 1
11.496780000000001, 1, 0, 1, 1, 1, 1, 1, 1
11.496880000000001, 1, 0, 0, 1, 1, 1, 1, 1
11.496980000000001, 1, 0, 1, 1, 1, 1, 1, 1
11.510650000000002, 1, 0, 0, 1, 1, 1, 1, 1
11.511580000000000, 1, 0, 1, 1, 1, 1, 1, 1
11.512650000000001, 1, 0, 0, 1, 1, 1, 1, 1
11.512860000000002, 1, 0, 1, 1, 1, 1, 1, 1
11.512910000000002, 1, 0, 0, 1, 1, 1, 1, 1
11.512970000000001, 1, 0, 1, 1, 1, 1, 1, 1
11.513020000000001, 1, 0, 0, 1, 1, 1, 1, 1
11.513120000000001, 1, 0, 1, 1, 1, 1, 1, 1
11.513200000000001, 1, 0, 0, 1, 1, 1, 1, 1
11.513250000000001, 1, 0, 1, 1, 1, 1, 1, 1
11.513300000000001, 1, 0, 0, 1, 1, 1, 1, 1
11.513670000000001, 1, 0, 1, 1, 1, 1, 1, 1
11.514620000000001, 1, 0, 0, 1, 1, 1, 1, 1
11.514940000000001, 1, 0, 1, 1, 1, 1, 1, 1
11.514990000000001, 1, 0, 0, 1, 1, 1, 1, 1
11.515090000000001, 1, 0, 1, 1, 1, 1, 1, 1
11.516760000000001, 1, 0, 0, 1, 1, 1, 1, 1
11.516860000000001, 1, 0, 1, 1, 1, 1, 1, 1
11.516970000000001, 1, 0, 0, 1, 1, 1, 1, 1
11.517020000000000, 1, 0, 1, 1, 1, 1, 1, 1
11.517120000000000, 1, 0, 0, 1, 1, 1, 1, 1
11.517230000000001, 1, 0, 1, 1, 1, 1, 1, 1
11.521060000000000, 1, 1, 1, 1, 1, 1, 1, 1
11.521090000000001, 0, 1, 0, 1, 1, 1, 1, 1
11.522020000000001, 1, 1, 1, 1, 1, 1, 1, 1
11.522170000000001, 0, 1, 0, 1, 1, 1, 1, 1
11.522580000000001, 1, 1, 1, 1, 1, 1, 1, 1
11.522880000000001, 0, 1, 0, 1, 1, 1, 1, 1
11.522930000000001, 1, 1, 1, 1, 1, 1, 1, 1
11.523030000000000, 0, 1, 0, 1, 1, 1, 1, 1
11.523140000000001, 1, 1, 1, 1, 1, 1, 1, 1
11.523190000000001, 0, 1, 0, 1, 1, 1, 1, 1
11.523340000000001, 1, 1, 1, 1, 1, 1, 1, 1
11.523460000000002, 1, 0, 1, 1, 1, 1, 1, 1
11.523640000000000, 1, 1, 1, 1, 1, 1, 1, 1
11.523660000000001, 0, 1, 0, 1, 1, 1, 1, 1
11.523710000000001, 1, 1, 1, 1, 1, 1, 1, 1
11.523760000000001, 0, 1, 0, 1, 1, 1, 1, 1
11.523860000000001, 1, 1, 1, 1, 1, 1, 1, 1
11.523910000000001, 0, 1, 0, 1, 1, 1, 1, 1
11.523970000000000, 1, 1, 1, 1, 1, 1, 1, 1
11.524020000000000, 0, 1, 0, 1, 1, 1, 1, 1
11.524120000000002, 1, 1, 1, 1, 1, 1, 1, 1
11.524180000000001, 0, 1, 0, 1, 1, 1, 1, 1
11.524650000000001, 1, 1, 1, 1, 1, 1, 1, 1
11.524720000000000, 0, 1, 0, 1, 1, 1, 1, 1
11.524980000000001, 1, 1, 1, 1, 1, 1, 1, 1
11.525030000000001, 0, 1, 0, 1, 1, 1, 1, 1
11.525190000000000, 1, 1, 1, 1, 1, 1, 1, 1
11.525250000000002, 1, 0, 1, 1, 1, 1, 1, 1
11.525440000000001, 1, 1, 1, 1, 1, 1, 1, 1
11.525460000000001, 0, 1, 0, 1, 1, 1, 1, 1
11.525610000000000, 1, 1, 1, 1, 1, 1, 1, 1
11.525710000000000, 0, 1, 0, 1, 1, 1, 1, 1
11.525760000000002, 1, 1, 1, 1, 1, 1, 1, 1
11.525870000000001, 0, 1, 0, 1, 1, 1, 1, 1
11.525920000000001, 1, 1, 1, 1, 1, 1, 1, 1
11.526050000000001, 1, 0, 1, 1, 1, 1, 1, 1
11.543340000000001, 1, 0, 0, 1, 1, 1, 1, 1
11.544270000000001, 1, 0, 1, 1, 1, 1, 1, 1
11.545340000000001, 1, 0, 0, 1, 1, 1, 1, 1
11.545450000000001, 1, 0, 1, 1, 1, 1, 1, 1
11.545610000000002, 1, 0, 0, 1, 1, 1, 1, 1
11.545760000000001, 1, 0, 1, 1, 1, 1, 1, 1
11.545870000000001, 1, 0, 0, 1, 1, 1, 1, 1
11.545980000000000, 1, 0, 1, 1, 1, 1, 1, 1
11.546030000000002, 1, 0, 0, 1, 1, 1, 1, 1
11.546130000000002, 1, 0, 1, 1, 1, 1, 1, 1
11.546190000000001, 1, 0, 0, 1, 1, 1, 1, 1
11.546340000000001, 1, 0, 1, 1, 1, 1, 1, 1
11.547470000000001, 1, 0, 0, 1, 1, 1, 1, 1
11.547520000000000, 1, 0, 1, 1, 1, 1, 1, 1
11.547570000000000, 1, 0, 0, 1, 1, 1, 1, 1
11.547940000000001, 1, 0, 1, 1, 1, 1, 1, 1
11.548010000000001, 1, 0, 0, 1, 1, 1, 1, 1
11.548430000000002, 1, 0, 1, 1, 1, 1, 1, 1
11.549470000000001, 1, 0, 0, 1, 1, 1, 1, 1
11.549620000000001, 1, 0, 1, 1, 1, 1, 1, 1
11.549670000000001, 1, 0, 0, 1, 1, 1, 1, 1
11.549780000000000, 1, 0, 1, 1, 1, 1, 1, 1
11.549830000000002, 1, 0, 0, 1, 1, 1, 1, 1
11.549940000000001, 1, 0, 1, 1, 1, 1, 1, 1
11.589100000000000, 1, 0, 0, 1, 1, 1, 1, 1
11.590030000000000, 1, 0, 1, 1, 1, 1, 1, 1
11.591380000000001, 1, 0, 0, 1, 1, 1, 1, 1
11.591840000000001, 1, 0, 1, 1, 1, 1, 1, 1
11.591900000000001, 1, 0, 0, 1, 1, 1, 1, 1
11.592010000000000, 1, 0, 1, 1, 1, 1, 1, 1
11.592060000000002, 1, 0, 0, 1, 1, 1, 1, 1
11.592220000000001, 1, 0, 1, 1, 1, 1, 1, 1
11.592270000000001, 1, 0, 0, 1, 1, 1, 1, 1
11.592370000000001, 1, 0, 1, 1, 1, 1, 1, 1
11.593260000000001, 1, 0, 0, 1, 1, 1, 1, 1
11.593310000000001, 1, 0, 1, 1, 1, 1, 1, 1
11.593360000000001, 1, 0, 0, 1, 1, 1, 1, 1
11.593730000000001, 1, 0, 1, 1, 1, 1, 1, 1
11.593790000000000, 1, 0, 0, 1, 1, 1, 1, 1
11.593890000000002, 1, 0, 1, 1, 1, 1, 1, 1
11.593940000000002, 1, 0, 0, 1, 1, 1, 1, 1
11.594260000000000, 1, 0, 1, 1, 1, 1, 1, 1
11.595270000000001, 1, 0, 0, 1, 1, 1, 1, 1
11.595320000000001, 1, 0, 1, 1, 1, 1, 1, 1
11.595480000000000, 1, 0, 0, 1, 1, 1, 1, 1
11.595530000000000, 1, 0, 1, 1, 1, 1, 1, 1
11.595630000000002, 1, 0, 0, 1, 1, 1, 1, 1
11.595680000000002, 1, 0, 1, 1, 1, 1, 1, 1
11.609320000000000, 1, 0, 0, 1, 1, 1, 1, 1
11.610250000000001, 1, 0, 1, 1, 1, 1, 1, 1
11.611420000000001, 1, 0, 0, 1, 1, 1, 1, 1
11.611630000000002, 1, 0, 1, 1, 1, 1, 1, 1
11.611680000000002, 1, 0, 0, 1, 1, 1, 1, 1
11.611740000000001, 1, 0, 1, 1, 1, 1, 1, 1
11.611790000000001, 1, 0, 0, 1, 1, 1, 1, 1
11.611890000000001, 1, 0, 1, 1, 1, 1, 1, 1
11.611950000000000, 1, 0, 0, 1, 1, 1, 1, 1
11.612000000000000, 1, 0, 1, 1, 1, 1, 1, 1
11.612060000000001, 1, 0, 0, 1, 1, 1, 1, 1
11.612210000000001, 1, 0, 1, 1, 1, 1, 1, 1
11.612320000000000, 1, 0, 0, 1, 1, 1, 1, 1
11.612420000000000, 1, 0, 1, 1, 1, 1, 1, 1
11.613590000000000, 1, 0, 0, 1, 1, 1, 1, 1
11.613900000000001, 1, 0, 1, 1, 1, 1, 1, 1
11.613950000000001, 1, 0, 0, 1, 1, 1, 1, 1
11.614060000000000, 1, 0, 1, 1, 1, 1, 1, 1
11.615560000000000, 1, 0, 0, 1, 1, 1, 1, 1
11.615610000000000, 1, 0, 1, 1, 1, 1, 1, 1
11.615820000000001, 1, 0, 0, 1, 1, 1, 1, 1
11.615920000000001, 1, 0, 1, 1, 1, 1, 1, 1
11.619820000000001, 1, 1, 1, 1, 1, 1, 1, 1
11.619850000000001, 0, 1, 0, 1, 1, 1, 1, 1
11.620780000000002, 1, 1, 1, 1, 1, 1, 1, 1
11.620850000000001, 0, 1, 0, 1, 1, 1, 1, 1
11.621260000000001, 1, 1, 1, 1, 1, 1, 1, 1
11.621410000000001, 0, 1, 0, 1, 1, 1, 1, 1
11.621470000000000, 1, 1, 1, 1, 1, 1, 1, 1
11.621570000000000, 0, 1, 0, 1, 1, 1, 1, 1
11.621770000000001, 1, 1, 1, 1, 1, 1, 1, 1
11.621830000000001, 0, 1, 0, 1, 1, 1, 1, 1
11.621880000000001, 1, 1, 1, 1, 1, 1, 1, 1
11.621990000000000, 1, 0, 1, 1, 1, 1, 1, 1
11.622180000000000, 1, 1, 1, 1, 1, 1, 1, 1
11.622200000000001, 0, 1, 0, 1, 1, 1, 1, 1
11.622250000000001, 1, 1, 1, 1, 1, 1, 1, 1
11.622300000000001, 0, 1, 0, 1, 1, 1, 1, 1
11.622400000000001, 1, 1, 1, 1, 1, 1, 1, 1
11.622450000000001, 0, 1, 0, 1, 1, 1, 1, 1
11.622500000000000, 1, 1, 1, 1, 1, 1, 1, 1
11.622560000000002, 0, 1, 0, 1, 1, 1, 1, 1
11.622660000000002, 1, 1, 1, 1, 1, 1, 1, 1
11.622720000000001, 0, 1, 0, 1, 1, 1, 1, 1
11.623190000000001, 1, 1, 1, 1, 1, 1, 1, 1
11.623380000000001, 0, 1, 0, 1, 1, 1, 1, 1
11.623630000000000, 1, 1, 1, 1, 1, 1, 1, 1
11.623690000000002, 0, 1, 0, 1, 1, 1, 1, 1
11.623840000000001, 1, 1, 1, 1, 1, 1, 1, 1
11.624030000000001, 1, 0, 1, 1, 1, 1, 1, 1
11.624250000000002, 1, 1, 1, 1, 1, 1, 1, 1
11.624270000000001, 0, 1, 0, 1, 1, 1, 1, 1
11.624530000000002, 1, 1, 1, 1, 1, 1, 1, 1
11.624580000000002, 0, 1, 0, 1, 1, 1, 1, 1
11.624680000000001, 1, 1, 1, 1, 1, 1, 1, 1
11.624810000000000, 1, 0, 1, 1, 1, 1, 1, 1
11.641910000000001, 1, 0, 0, 1, 1, 1, 1, 1
11.642840000000001, 1, 0, 1, 1, 1, 1, 1, 1
11.644080000000001, 1, 0, 0, 1, 1, 1, 1, 1
11.644140000000000, 1, 0, 1, 1, 1, 1, 1, 1
11.644190000000002, 1, 0, 0, 1, 1, 1, 1, 1
11.644240000000002, 1, 0, 1, 1, 1, 1, 1, 1
11.644340000000001, 1, 0, 0, 1, 1, 1, 1, 1
11.644500000000001, 1, 0, 1, 1, 1, 1, 1, 1
11.644620000000002, 1, 0, 0, 1, 1, 1, 1, 1
11.644720000000001, 1, 0, 1, 1, 1, 1, 1, 1
11.644770000000001, 1, 0, 0, 1, 1, 1, 1, 1
11.644980000000000, 1, 0, 1, 1, 1, 1, 1, 1
11.645030000000000, 1, 0, 0, 1, 1, 1, 1, 1
11.645090000000001, 1, 0, 1, 1, 1, 1, 1, 1
11.646070000000002, 1, 0, 0, 1, 1, 1, 1, 1
11.646120000000002, 1, 0, 1, 1, 1, 1, 1, 1
11.646170000000001, 1, 0, 0, 1, 1, 1, 1, 1
11.646540000000002, 1, 0, 1, 1, 1, 1, 1, 1
11.646600000000001, 1, 0, 0, 1, 1, 1, 1, 1
11.647010000000002, 1, 0, 1, 1, 1, 1, 1, 1
11.648050000000001, 1, 0, 0, 1, 1, 1, 1, 1
11.648150000000001, 1, 0, 1, 1, 1, 1, 1, 1
11.648210000000001, 1, 0, 0, 1, 1, 1, 1, 1
11.648260000000001, 1, 0, 1, 1, 1, 1, 1, 1
11.648420000000002, 1, 0, 0, 1, 1, 1, 1, 1
11.648520000000001, 1, 0, 1, 1, 1, 1, 1, 1
11.689860000000001, 1, 0, 0, 1, 1, 1, 1, 1
11.690790000000002, 1, 0, 1, 1, 1, 1, 1, 1
11.691870000000002, 1, 0, 0, 1, 1, 1, 1, 1
11.692340000000002, 1, 0, 1, 1, 1, 1, 1, 1
11.692400000000001, 1, 0, 0, 1, 1, 1, 1, 1
11.692500000000001, 1, 0, 1, 1, 1, 1, 1, 1
11.692560000000000, 1, 0, 0, 1, 1, 1, 1, 1
11.692660000000002, 1, 0, 1, 1, 1, 1, 1, 1
11.692710000000002, 1, 0, 0, 1, 1, 1, 1, 1
11.692770000000001, 1, 0, 1, 1, 1, 1, 1, 1
11.692820000000001, 1, 0, 0, 1, 1, 1, 1, 1
11.692870000000001, 1, 0, 1, 1, 1, 1, 1, 1
11.694020000000000, 1, 0, 0, 1, 1, 1, 1, 1
11.694070000000002, 1, 0, 1, 1, 1, 1, 1, 1
11.694120000000002, 1, 0, 0, 1, 1, 1, 1, 1
11.694490000000002, 1, 0, 1, 1, 1, 1, 1, 1
11.694570000000001, 1, 0, 0, 1, 1, 1, 1, 1
11.694670000000000, 1, 0, 1, 1, 1, 1, 1, 1
11.694720000000000, 1, 0, 0, 1, 1, 1, 1, 1
11.695040000000001, 1, 0, 1, 1, 1, 1, 1, 1
11.696000000000002, 1, 0, 0, 1, 1, 1, 1, 1
11.696260000000001, 1, 0, 1, 1, 1, 1, 1, 1
11.696320000000002, 1, 0, 0, 1, 1, 1, 1, 1
11.696370000000002, 1, 0, 1, 1, 1, 1, 1, 1
11.710060000000000, 1, 0, 0, 1, 1, 1, 1, 1
11.710990000000001, 1, 0, 1, 1, 1, 1, 1, 1
11.712070000000001, 1, 0, 0, 1, 1, 1, 1, 1
11.712280000000002, 1, 0, 1, 1, 1, 1, 1, 1
11.712330000000001, 1, 0, 0, 1, 1, 1, 1, 1
11.712380000000001, 1, 0, 1, 1, 1, 1, 1, 1
11.712430000000001, 1, 0, 0, 1, 1, 1, 1, 1
11.712540000000001, 1, 0, 1, 1, 1, 1, 1, 1
11.712600000000000, 1, 0, 0, 1, 1, 1, 1, 1
11.712650000000002, 1, 0, 1, 1, 1, 1, 1, 1
11.712700000000002, 1, 0, 0, 1, 1, 1, 1, 1
11.712910000000001, 1, 0, 1, 1, 1, 1, 1, 1
11.713010000000001, 1, 0, 0, 1, 1, 1, 1, 1
11.713070000000000, 1, 0, 1, 1, 1, 1, 1, 1
11.714250000000002, 1, 0, 0, 1, 1, 1, 1, 1
11.714560000000001, 1, 0, 1, 1, 1, 1, 1, 1
11.714620000000002, 1, 0, 0, 1, 1, 1, 1, 1
11.714720000000002, 1, 0, 1, 1, 1, 1, 1, 1
11.716200000000001, 1, 0, 0, 1, 1, 1, 1, 1
11.716250000000000, 1, 0, 1, 1, 1, 1, 1, 1
11.716350000000000, 1, 0, 0, 1, 1, 1, 1, 1
11.716560000000001, 1, 0, 1, 1, 1, 1, 1, 1
11.720450000000001, 1, 1, 1, 1, 1, 1, 1, 1
11.720470000000001, 0, 1, 0, 1, 1, 1, 1, 1
11.721400000000001, 1, 1, 1, 1, 1, 1, 1, 1
11.721470000000002, 0, 1, 0, 1, 1, 1, 1, 1
11.721880000000001, 1, 1, 1, 1, 1, 1, 1, 1
11.722040000000002, 0, 1, 0, 1, 1, 1, 1, 1
11.722090000000001, 1, 1, 1, 1, 1, 1, 1, 1
11.722190000000001, 0, 1, 0, 1, 1, 1, 1, 1
11.722290000000001, 1, 1, 1, 1, 1, 1, 1, 1
11.722450000000000, 0, 1, 0, 1, 1, 1, 1, 1
11.722500000000000, 1, 1, 1, 1, 1, 1, 1, 1
11.722620000000001, 1, 0, 1, 1, 1, 1, 1, 1
11.722800000000001, 1, 1, 1, 1, 1, 1, 1, 1
11.722820000000000, 0, 1, 0, 1, 1, 1, 1, 1
11.722870000000000, 1, 1, 1, 1, 1, 1, 1, 1
11.722920000000000, 0, 1, 0, 1, 1, 1, 1, 1
11.723020000000002, 1, 1, 1, 1, 1, 1, 1, 1
11.723080000000001, 0, 1, 0, 1, 1, 1, 1, 1
11.723130000000001, 1, 1, 1, 1, 1, 1, 1, 1
11.723180000000001, 0, 1, 0, 1, 1, 1, 1, 1
11.723280000000001, 1, 1, 1, 1, 1, 1, 1, 1
11.723340000000000, 0, 1, 0, 1, 1, 1, 1, 1
11.723810000000000, 1, 1, 1, 1, 1, 1, 1, 1
11.723880000000001, 0, 1, 0, 1, 1, 1, 1, 1
11.724140000000000, 1, 1, 1, 1, 1, 1, 1, 1
11.724190000000000, 0, 1, 0, 1, 1, 1, 1, 1
11.724350000000001, 1, 1, 1, 1, 1, 1, 1, 1
11.724410000000001, 1, 0, 1, 1, 1, 1, 1, 1
11.724600000000001, 1, 1, 1, 1, 1, 1, 1, 1
11.724620000000002, 0, 1, 0, 1, 1, 1, 1, 1
11.724670000000001, 1, 1, 1, 1, 1, 1, 1, 1
11.724720000000001, 0, 1, 0, 1, 1, 1, 1, 1
11.724820000000001, 1, 1, 1, 1, 1, 1, 1, 1
11.724980000000000, 0, 1, 0, 1, 1, 1, 1, 1
11.725080000000000, 1, 1, 1, 1, 1, 1, 1, 1
11.725190000000001, 1, 0, 1, 1, 1, 1, 1, 1
11.743360000000001, 1, 0, 0, 1, 1, 1, 1, 1
11.744290000000001, 1, 0, 1, 1, 1, 1, 1, 1
11.745550000000001, 1, 0, 0, 1, 1, 1, 1, 1
11.745710000000001, 1, 0, 1, 1, 1, 1, 1, 1
11.745810000000001, 1, 0, 0, 1, 1, 1, 1, 1
11.745970000000002, 1, 0, 1, 1, 1, 1, 1, 1
11.746080000000001, 1, 0, 0, 1, 1, 1, 1, 1
11.746190000000000, 1, 0, 1, 1, 1, 1, 1, 1
11.746240000000000, 1, 0, 0, 1, 1, 1, 1, 1
11.746340000000002, 1, 0, 1, 1, 1, 1, 1, 1
11.746500000000001, 1, 0, 0, 1, 1, 1, 1, 1
11.746550000000001, 1, 0, 1, 1, 1, 1, 1, 1
11.747540000000001, 1, 0, 0, 1, 1, 1, 1, 1
11.747590000000001, 1, 0, 1, 1, 1, 1, 1, 1
11.747640000000001, 1, 0, 0, 1, 1, 1, 1, 1
11.748010000000001, 1, 0, 1, 1, 1, 1, 1, 1
11.748070000000000, 1, 0, 0, 1, 1, 1, 1, 1
11.748480000000001, 1, 0, 1, 1, 1, 1, 1, 1
11.749520000000000, 1, 0, 0, 1, 1, 1, 1, 1
11.749570000000000, 1, 0, 1, 1, 1, 1, 1, 1
11.749620000000000, 1, 0, 0, 1, 1, 1, 1, 1
11.749680000000001, 1, 0, 1, 1, 1, 1, 1, 1
11.749780000000001, 1, 0, 0, 1, 1, 1, 1, 1
11.749880000000001, 1, 0, 1, 1, 1, 1, 1, 1
11.791410000000001, 1, 0, 0, 1, 1, 1, 1, 1
11.792340000000001, 1, 0, 1, 1, 1, 1, 1, 1
11.793480000000001, 1, 0, 0, 1, 1, 1, 1, 1
11.793950000000001, 1, 0, 1, 1, 1, 1, 1, 1
11.794010000000000, 1, 0, 0, 1, 1, 1, 1, 1
11.794120000000001, 1, 0, 1, 1, 1, 1, 1, 1
11.794170000000001, 1, 0, 0, 1, 1, 1, 1, 1
11.794430000000000, 1, 0, 1, 1, 1, 1, 1, 1
11.795610000000002, 1, 0, 0, 1, 1, 1, 1, 1
11.795660000000002, 1, 0, 1, 1, 1, 1, 1, 1
11.795710000000001, 1, 0, 0, 1, 1, 1, 1, 1
11.796080000000002, 1, 0, 1, 1, 1, 1, 1, 1
11.796140000000001, 1, 0, 0, 1, 1, 1, 1, 1
11.796240000000001, 1, 0, 1, 1, 1, 1, 1, 1
11.796290000000001, 1, 0, 0, 1, 1, 1, 1, 1
11.796610000000001, 1, 0, 1, 1, 1, 1, 1, 1
11.797570000000000, 1, 0, 0, 1, 1, 1, 1, 1
11.797620000000000, 1, 0, 1, 1, 1, 1, 1, 1
11.811640000000001, 1, 0, 0, 1, 1, 1, 1, 1
11.812570000000001, 1, 0, 1, 1, 1, 1, 1, 1
11.813670000000000, 1, 0, 0, 1, 1, 1, 1, 1
11.813880000000001, 1, 0, 1, 1, 1, 1, 1, 1
11.813930000000001, 1, 0, 0, 1, 1, 1, 1, 1
11.813990000000000, 1, 0, 1, 1, 1, 1, 1, 1
11.814040000000000, 1, 0, 0, 1, 1, 1, 1, 1
11.814140000000000, 1, 0, 1, 1, 1, 1, 1, 1
11.814200000000001, 1, 0, 0, 1, 1, 1, 1, 1
11.814250000000001, 1, 0, 1, 1, 1, 1, 1, 1
11.814310000000001, 1, 0, 0, 1, 1, 1, 1, 1
11.814460000000000, 1, 0, 1, 1, 1, 1, 1, 1
11.814520000000002, 1, 0, 0, 1, 1, 1, 1, 1
11.814620000000001, 1, 0, 1, 1, 1, 1, 1, 1
11.815820000000000, 1, 0, 0, 1, 1, 1, 1, 1
11.816130000000001, 1, 0, 1, 1, 1, 1, 1, 1
11.816180000000001, 1, 0, 0, 1, 1, 1, 1, 1
11.816290000000000, 1, 0, 1, 1, 1, 1, 1, 1
11.817780000000001, 1, 0, 0, 1, 1, 1, 1, 1
11.817830000000001, 1, 0, 1, 1, 1, 1, 1, 1
11.817980000000000, 1, 0, 0, 1, 1, 1, 1, 1
11.818040000000002, 1, 0, 1, 1, 1, 1, 1, 1
11.818090000000002, 1, 0, 0, 1, 1, 1, 1, 1
11.818140000000001, 1, 0, 1, 1, 1, 1, 1, 1
11.822110000000000, 1, 1, 1, 1, 1, 1, 1, 1
11.822140000000001, 0, 1, 0, 1, 1, 1, 1, 1
11.823070000000001, 1, 1, 1, 1, 1, 1, 1, 1
11.823140000000000, 0, 1, 0, 1, 1, 1, 1, 1
11.823550000000001, 1, 1, 1, 1, 1, 1, 1, 1
11.823700000000001, 0, 1, 0, 1, 1, 1, 1, 1
11.823760000000002, 1, 1, 1, 1, 1, 1, 1, 1
11.823860000000002, 0, 1, 0, 1, 1, 1, 1, 1
11.824010000000001, 1, 1, 1, 1, 1, 1, 1, 1
11.824060000000001, 0, 1, 0, 1, 1, 1, 1, 1
11.824120000000001, 1, 1, 1, 1, 1, 1, 1, 1
11.824280000000002, 1, 0, 1, 1, 1, 1, 1, 1
11.824470000000002, 1, 1, 1, 1, 1, 1, 1, 1
11.824490000000001, 0, 1, 0, 1, 1, 1, 1, 1
11.824540000000001, 1, 1, 1, 1, 1, 1, 1, 1
11.824590000000001, 0, 1, 0, 1, 1, 1, 1, 1
11.824690000000000, 1, 1, 1, 1, 1, 1, 1, 1
11.824740000000000, 0, 1, 0, 1, 1, 1, 1, 1
11.824790000000000, 1, 1, 1, 1, 1, 1, 1, 1
11.824850000000001, 0, 1, 0, 1, 1, 1, 1, 1
11.824950000000001, 1, 1, 1, 1, 1, 1, 1, 1
11.825010000000001, 0, 1, 0, 1, 1, 1, 1, 1
11.825480000000001, 1, 1, 1, 1, 1, 1, 1, 1
11.825550000000002, 0, 1, 0, 1, 1, 1, 1, 1
11.825810000000001, 1, 1, 1, 1, 1, 1, 1, 1
11.825860000000000, 0, 1, 0, 1, 1, 1, 1, 1
11.826010000000000, 1, 1, 1, 1, 1, 1, 1, 1
11.826080000000001, 1, 0, 1, 1, 1, 1, 1, 1
11.826270000000001, 1, 1, 1, 1, 1, 1, 1, 1
11.826280000000001, 0, 1, 0, 1, 1, 1, 1, 1
11.826440000000002, 1, 1, 1, 1, 1, 1, 1, 1
11.826490000000002, 0, 1, 0, 1, 1, 1, 1, 1
11.826540000000001, 1, 1, 1, 1, 1, 1, 1, 1
11.826880000000001, 1, 0, 1, 1, 1, 1, 1, 1
11.844240000000001, 1, 0, 0, 1, 1, 1, 1, 1
11.845170000000001, 1, 0, 1, 1, 1, 1, 1, 1
11.846410000000001, 1, 0, 0, 1, 1, 1, 1, 1
11.846460000000000, 1, 0, 1, 1, 1, 1, 1, 1
11.846560000000000, 1, 0, 0, 1, 1, 1, 1, 1
11.846610000000000, 1, 0, 1, 1, 1, 1, 1, 1
11.846670000000001, 1, 0, 0, 1, 1, 1, 1, 1
11.846820000000001, 1, 0, 1, 1, 1, 1, 1, 1
11.846950000000001, 1, 0, 0, 1, 1, 1, 1, 1
11.847060000000001, 1, 0, 1, 1, 1, 1, 1, 1
11.847110000000001, 1, 0, 0, 1, 1, 1, 1, 1
11.847260000000000, 1, 0, 1, 1, 1, 1, 1, 1
11.847320000000002, 1, 0, 0, 1, 1, 1, 1, 1
11.847370000000002, 1, 0, 1, 1, 1, 1, 1, 1
11.848370000000001, 1, 0, 0, 1, 1, 1, 1, 1
11.848420000000001, 1, 0, 1, 1, 1, 1, 1, 1
11.848470000000001, 1, 0, 0, 1, 1, 1, 1, 1
11.848840000000001, 1, 0, 1, 1, 1, 1, 1, 1
11.848900000000000, 1, 0, 0, 1, 1, 1, 1, 1
11.849310000000001, 1, 0, 1, 1, 1, 1, 1, 1
11.850370000000002, 1, 0, 0, 1, 1, 1, 1, 1
11.850790000000002, 1, 0, 1, 1, 1, 1, 1, 1
11.890150000000000, 1, 0, 0, 1, 1, 1, 1, 1
11.891080000000001, 1, 0, 1, 1, 1, 1, 1, 1
11.892130000000002, 1, 0, 0, 1, 1, 1, 1, 1
11.892600000000002, 1, 0, 1, 1, 1, 1, 1, 1
11.892660000000001, 1, 0, 0, 1, 1, 1, 1, 1
11.892760000000001, 1, 0, 1, 1, 1, 1, 1, 1
11.892810000000001, 1, 0, 0, 1, 1, 1, 1, 1
11.892920000000000, 1, 0, 1, 1, 1, 1, 1, 1
11.893020000000002, 1, 0, 0, 1, 1, 1, 1, 1
11.893070000000002, 1, 0, 1, 1, 1, 1, 1, 1
11.894090000000000, 1, 0, 0, 1, 1, 1, 1, 1
11.894150000000002, 1, 0, 1, 1, 1, 1, 1, 1
11.894200000000001, 1, 0, 0, 1, 1, 1, 1, 1
11.894560000000000, 1, 0, 1, 1, 1, 1, 1, 1
11.894620000000002, 1, 0, 0, 1, 1, 1, 1, 1
11.894730000000001, 1, 0, 1, 1, 1, 1, 1, 1
11.894780000000001, 1, 0, 0, 1, 1, 1, 1, 1
11.895090000000001, 1, 0, 1, 1, 1, 1, 1, 1
11.896140000000001, 1, 0, 0, 1, 1, 1, 1, 1
11.896240000000001, 1, 0, 1, 1, 1, 1, 1, 1
11.896450000000002, 1, 0, 0, 1, 1, 1, 1, 1
11.896610000000001, 1, 0, 1, 1, 1, 1, 1, 1
11.910070000000001, 1, 0, 0, 1, 1, 1, 1, 1
11.911000000000001, 1, 0, 1, 1, 1, 1, 1, 1
11.912220000000001, 1, 0, 0, 1, 1, 1, 1, 1
11.912430000000001, 1, 0, 1, 1, 1, 1, 1, 1
11.912480000000000, 1, 0, 0, 1, 1, 1, 1, 1
11.912530000000000, 1, 0, 1, 1, 1, 1, 1, 1
11.912580000000000, 1, 0, 0, 1, 1, 1, 1, 1
11.912690000000001, 1, 0, 1, 1, 1, 1, 1, 1
11.912760000000000, 1, 0, 0, 1, 1, 1, 1, 1
11.912810000000000, 1, 0, 1, 1, 1, 1, 1, 1
11.912860000000000, 1, 0, 0, 1, 1, 1, 1, 1
11.913120000000001, 1, 0, 1, 1, 1, 1, 1, 1
11.914230000000002, 1, 0, 0, 1, 1, 1, 1, 1
11.914540000000001, 1, 0, 1, 1, 1, 1, 1, 1
11.914590000000000, 1, 0, 0, 1, 1, 1, 1, 1
11.914700000000002, 1, 0, 1, 1, 1, 1, 1, 1
11.916430000000002, 1, 0, 0, 1, 1, 1, 1, 1
11.916480000000002, 1, 0, 1, 1, 1, 1, 1, 1
11.916580000000002, 1, 0, 0, 1, 1, 1, 1, 1
11.916640000000001, 1, 0, 1, 1, 1, 1, 1, 1
11.916740000000001, 1, 0, 0, 1, 1, 1, 1, 1
11.916790000000001, 1, 0, 1, 1, 1, 1, 1, 1
11.921010000000001, 1, 1, 1, 1, 1, 1, 1, 1
11.921040000000001, 0, 1, 0, 1, 1, 1, 1, 1
11.921970000000002, 1, 1, 1, 1, 1, 1, 1, 1
11.922040000000001, 0, 1, 0, 1, 1, 1, 1, 1
11.922450000000001, 1, 1, 1, 1, 1, 1, 1, 1
11.922610000000001, 0, 1, 0, 1, 1, 1, 1, 1
11.922660000000000, 1, 1, 1, 1, 1, 1, 1, 1
11.922760000000000, 0, 1, 0, 1, 1, 1, 1, 1
11.922860000000002, 1, 1, 1, 1, 1, 1, 1, 1
11.922910000000002, 0, 1, 0, 1, 1, 1, 1, 1
11.922970000000001, 1, 1, 1, 1, 1, 1, 1, 1
11.923190000000002, 1, 0, 1, 1, 1, 1, 1, 1
11.923370000000000, 1, 1, 1, 1, 1, 1, 1, 1
11.923390000000001, 0, 1, 0, 1, 1, 1, 1, 1
11.923440000000001, 1, 1, 1, 1, 1, 1, 1, 1
11.923490000000001, 0, 1, 0, 1, 1, 1, 1, 1
11.923590000000001, 1, 1, 1, 1, 1, 1, 1, 1
11.923640000000001, 0, 1, 0, 1, 1, 1, 1, 1
11.923700000000000, 1, 1, 1, 1, 1, 1, 1, 1
11.923750000000002, 0, 1, 0, 1, 1, 1, 1, 1
11.923850000000002, 1, 1, 1, 1, 1, 1, 1, 1
11.923910000000001, 0, 1, 0, 1, 1, 1, 1, 1
11.924380000000001, 1, 1, 1, 1, 1, 1, 1, 1
11.924450000000000, 0, 1, 0, 1, 1, 1, 1, 1
11.924710000000001, 1, 1, 1, 1, 1, 1, 1, 1
11.924760000000001, 0, 1, 0, 1, 1, 1, 1, 1
11.924920000000000, 1, 1, 1, 1, 1, 1, 1, 1
11.924980000000001, 1, 0, 1, 1, 1, 1, 1, 1
11.925170000000001, 1, 1, 1, 1, 1, 1, 1, 1
11.925190000000001, 0, 1, 0, 1, 1, 1, 1, 1
11.925290000000000, 1, 1, 1, 1, 1, 1, 1, 1
11.925390000000000, 0, 1, 0, 1, 1, 1, 1, 1
11.925550000000001, 1, 1, 1, 1, 1, 1, 1, 1
11.925780000000001, 1, 0, 1, 1, 1, 1, 1, 1
11.942950000000002, 1, 0, 0, 1, 1, 1, 1, 1
11.943880000000002, 1, 0, 1, 1, 1, 1, 1, 1
11.944960000000002, 1, 0, 0, 1, 1, 1, 1, 1
11.945060000000002, 1, 0, 1, 1, 1, 1, 1, 1
11.945110000000001, 1, 0, 0, 1, 1, 1, 1, 1
11.945160000000001, 1, 0, 1, 1, 1, 1, 1, 1
11.945220000000001, 1, 0, 0, 1, 1, 1, 1, 1
11.945370000000000, 1, 0, 1, 1, 1, 1, 1, 1
11.945490000000001, 1, 0, 0, 1, 1, 1, 1, 1
11.945590000000001, 1, 0, 1, 1, 1, 1, 1, 1
11.945640000000001, 1, 0, 0, 1, 1, 1, 1, 1
11.945750000000000, 1, 0, 1, 1, 1, 1, 1, 1
11.945800000000000, 1, 0, 0, 1, 1, 1, 1, 1
11.945850000000002, 1, 0, 1, 1, 1, 1, 1, 1
11.946970000000000, 1, 0, 0, 1, 1, 1, 1, 1
11.947030000000002, 1, 0, 1, 1, 1, 1, 1, 1
11.947080000000001, 1, 0, 0, 1, 1, 1, 1, 1
11.947440000000000, 1, 0, 1, 1, 1, 1, 1, 1
11.947500000000002, 1, 0, 0, 1, 1, 1, 1, 1
11.947920000000002, 1, 0, 1, 1, 1, 1, 1, 1
11.948940000000000, 1, 0, 0, 1, 1, 1, 1, 1
11.948990000000000, 1, 0, 1, 1, 1, 1, 1, 1
11.949050000000002, 1, 0, 0, 1, 1, 1, 1, 1
11.949200000000001, 1, 0, 1, 1, 1, 1, 1, 1
11.990630000000001, 1, 0, 0, 1, 1, 1, 1, 1
11.991560000000002, 1, 0, 1, 1, 1, 1, 1, 1
11.992910000000000, 1, 0, 0, 1, 1, 1, 1, 1
11.993380000000000, 1, 0, 1, 1, 1, 1, 1, 1
11.993440000000001, 1, 0, 0, 1, 1, 1, 1, 1
11.993540000000001, 1, 0, 1, 1, 1, 1, 1, 1
11.993590000000001, 1, 0, 0, 1, 1, 1, 1, 1
11.993750000000000, 1, 0, 1, 1, 1, 1, 1, 1
11.994880000000000, 1, 0, 0, 1, 1, 1, 1, 1
11.994930000000002, 1, 0, 1, 1, 1, 1, 1, 1
11.994980000000002, 1, 0, 0, 1, 1, 1, 1, 1
11.995350000000000, 1, 0, 1, 1, 1, 1, 1, 1
11.995410000000001, 1, 0, 0, 1, 1, 1, 1, 1
11.995520000000001, 1, 0, 1, 1, 1, 1, 1, 1
11.995570000000001, 1, 0, 0, 1, 1, 1, 1, 1
11.995880000000001, 1, 0, 1, 1, 1, 1, 1, 1
11.996890000000000, 1, 0, 0, 1, 1, 1, 1, 1
11.997000000000002, 1, 0, 1, 1, 1, 1, 1, 1
11.997050000000002, 1, 0, 0, 1, 1, 1, 1, 1
11.997100000000001, 1, 0, 1, 1, 1, 1, 1, 1
11.997260000000001, 1, 0, 0, 1, 1, 1, 1, 1
11.997360000000000, 1, 0, 1, 1, 1, 1, 1, 1
12.010830000000000, 1, 0, 0, 1, 1, 1, 1, 1
12.011760000000001, 1, 0, 1, 1, 1, 1, 1, 1
12.012980000000001, 1, 0, 0, 1, 1, 1, 1, 1
12.013190000000002, 1, 0, 1, 1, 1, 1, 1, 1
12.013240000000001, 1, 0, 0, 1, 1, 1, 1, 1
12.013300000000001, 1, 0, 1, 1, 1, 1, 1, 1
12.013350000000001, 1, 0, 0, 1, 1, 1, 1, 1
12.013450000000001, 1, 0, 1, 1, 1, 1, 1, 1
12.013510000000000, 1, 0, 0, 1, 1, 1, 1, 1
12.013560000000002, 1, 0, 1, 1, 1, 1, 1, 1
12.013620000000001, 1, 0, 0, 1, 1, 1, 1, 1
12.013770000000001, 1, 0, 1, 1, 1, 1, 1, 1
12.014980000000001, 1, 0, 0, 1, 1, 1, 1, 1
12.015300000000002, 1, 0, 1, 1, 1, 1, 1, 1
12.015350000000002, 1, 0, 0, 1, 1, 1, 1, 1
12.015450000000001, 1, 0, 1, 1, 1, 1, 1, 1
12.016990000000002, 1, 0, 0, 1, 1, 1, 1, 1
12.017090000000001, 1, 0, 1, 1, 1, 1, 1, 1
12.017140000000001, 1, 0, 0, 1, 1, 1, 1, 1
12.017300000000001, 1, 0, 1, 1, 1, 1, 1, 1
12.017350000000000, 1, 0, 0, 1, 1, 1, 1, 1
12.017450000000000, 1, 0, 1, 1, 1, 1, 1, 1
12.021350000000002, 1, 1, 1, 1, 1, 1, 1, 1
12.021380000000001, 0, 1, 0, 1, 1, 1, 1, 1
12.022310000000001, 1, 1, 1, 1, 1, 1, 1, 1
12.022470000000000, 0, 1, 0, 1, 1, 1, 1, 1
12.022880000000001, 1, 1, 1, 1, 1, 1, 1, 1
12.023060000000001, 0, 1, 0, 1, 1, 1, 1, 1
12.023110000000001, 1, 1, 1, 1, 1, 1, 1, 1
12.023220000000000, 0, 1, 0, 1, 1, 1, 1, 1
12.023520000000001, 1, 1, 1, 1, 1, 1, 1, 1
12.023640000000000, 1, 0, 1, 1, 1, 1, 1, 1
12.023820000000001, 1, 1, 1, 1, 1, 1, 1, 1
12.023840000000002, 0, 1, 0, 1, 1, 1, 1, 1
12.023890000000002, 1, 1, 1, 1, 1, 1, 1, 1
12.023940000000001, 0, 1, 0, 1, 1, 1, 1, 1
12.024050000000001, 1, 1, 1, 1, 1, 1, 1, 1
12.024100000000001, 0, 1, 0, 1, 1, 1, 1, 1
12.024150000000001, 1, 1, 1, 1, 1, 1, 1, 1
12.024200000000000, 0, 1, 0, 1, 1, 1, 1, 1
12.024300000000000, 1, 1, 1, 1, 1, 1, 1, 1
12.024370000000001, 0, 1, 0, 1, 1, 1, 1, 1
12.024830000000001, 1, 1, 1, 1, 1, 1, 1, 1
12.024910000000000, 0, 1, 0, 1, 1, 1, 1, 1
12.025160000000001, 1, 1, 1, 1, 1, 1, 1, 1
12.025210000000001, 0, 1, 0, 1, 1, 1, 1, 1
12.025370000000001, 1, 1, 1, 1, 1, 1, 1, 1
12.025440000000001, 1, 0, 1, 1, 1, 1, 1, 1
12.025620000000002, 1, 1, 1, 1, 1, 1, 1, 1
12.025640000000001, 0, 1, 0, 1, 1, 1, 1, 1
12.025690000000001, 1, 1, 1, 1, 1, 1, 1, 1
12.025790000000001, 0, 1, 0, 1, 1, 1, 1, 1
12.025840000000001, 1, 1, 1, 1, 1, 1, 1, 1
12.025900000000002, 0, 1, 0, 1, 1, 1, 1, 1
12.026100000000001, 1, 1, 1, 1, 1, 1, 1, 1
12.026230000000002, 1, 0, 1, 1, 1, 1, 1, 1
12.043590000000002, 1, 0, 0, 1, 1, 1, 1, 1
12.044520000000000, 1, 0, 1, 1, 1, 1, 1, 1
12.045790000000000, 1, 0, 0, 1, 1, 1, 1, 1
12.045850000000002, 1, 0, 1, 1, 1, 1, 1, 1
12.045900000000001, 1, 0, 0, 1, 1, 1, 1, 1
12.046000000000001, 1, 0, 1, 1, 1, 1, 1, 1
12.046060000000001, 1, 0, 0, 1, 1, 1, 1, 1
12.046210000000000, 1, 0, 1, 1, 1, 1, 1, 1
12.046320000000001, 1, 0, 0, 1, 1, 1, 1, 1
12.046430000000001, 1, 0, 1, 1, 1, 1, 1, 1
12.046480000000001, 1, 0, 0, 1, 1, 1, 1, 1
12.046790000000001, 1, 0, 1, 1, 1, 1, 1, 1
12.047810000000000, 1, 0, 0, 1, 1, 1, 1, 1
12.047860000000002, 1, 0, 1, 1, 1, 1, 1, 1
12.047920000000001, 1, 0, 0, 1, 1, 1, 1, 1
12.048280000000000, 1, 0, 1, 1, 1, 1, 1, 1
12.048340000000001, 1, 0, 0, 1, 1, 1, 1, 1
12.048760000000001, 1, 0, 1, 1, 1, 1, 1, 1
12.049810000000001, 1, 0, 0, 1, 1, 1, 1, 1
12.049970000000002, 1, 0, 1, 1, 1, 1, 1, 1
12.050020000000002, 1, 0, 0, 1, 1, 1, 1, 1
12.050130000000001, 1, 0, 1, 1, 1, 1, 1, 1
12.091410000000002, 1, 0, 0, 1, 1, 1, 1, 1
12.092340000000002, 1, 0, 1, 1, 1, 1, 1, 1
12.093380000000002, 1, 0, 0, 1, 1, 1, 1, 1
12.093850000000002, 1, 0, 1, 1, 1, 1, 1, 1
12.093930000000000, 1, 0, 0, 1, 1, 1, 1, 1
12.094030000000002, 1, 0, 1, 1, 1, 1, 1, 1
12.094080000000002, 1, 0, 0, 1, 1, 1, 1, 1
12.094190000000001, 1, 0, 1, 1, 1, 1, 1, 1
12.094240000000001, 1, 0, 0, 1, 1, 1, 1, 1
12.094400000000000, 1, 0, 1, 1, 1, 1, 1, 1
12.095560000000001, 1, 0, 0, 1, 1, 1, 1, 1
12.095610000000001, 1, 0, 1, 1, 1, 1, 1, 1
12.095660000000001, 1, 0, 0, 1, 1, 1, 1, 1
12.096030000000001, 1, 0, 1, 1, 1, 1, 1, 1
12.096090000000000, 1, 0, 0, 1, 1, 1, 1, 1
12.096190000000002, 1, 0, 1, 1, 1, 1, 1, 1
12.096240000000002, 1, 0, 0, 1, 1, 1, 1, 1
12.096560000000000, 1, 0, 1, 1, 1, 1, 1, 1
12.097650000000002, 1, 0, 0, 1, 1, 1, 1, 1
12.097750000000001, 1, 0, 1, 1, 1, 1, 1, 1
12.097860000000001, 1, 0, 0, 1, 1, 1, 1, 1
12.097910000000001, 1, 0, 1, 1, 1, 1, 1, 1
12.097960000000000, 1, 0, 0, 1, 1, 1, 1, 1
12.098010000000000, 1, 0, 1, 1, 1, 1, 1, 1
12.098070000000002, 1, 0, 0, 1, 1, 1, 1, 1
12.098120000000002, 1, 0, 1, 1, 1, 1, 1, 1
12.111620000000000, 1, 0, 0, 1, 1, 1, 1, 1
12.112550000000001, 1, 0, 1, 1, 1, 1, 1, 1
12.113600000000002, 1, 0, 0, 1, 1, 1, 1, 1
12.113810000000001, 1, 0, 1, 1, 1, 1, 1, 1
12.113860000000001, 1, 0, 0, 1, 1, 1, 1, 1
12.113920000000000, 1, 0, 1, 1, 1, 1, 1, 1
12.113970000000000, 1, 0, 0, 1, 1, 1, 1, 1
12.114070000000002, 1, 0, 1, 1, 1, 1, 1, 1
12.114130000000001, 1, 0, 0, 1, 1, 1, 1, 1
12.114180000000001, 1, 0, 1, 1, 1, 1, 1, 1
12.114240000000001, 1, 0, 0, 1, 1, 1, 1, 1
12.114450000000001, 1, 0, 1, 1, 1, 1, 1, 1
12.114500000000001, 1, 0, 0, 1, 1, 1, 1, 1
12.114600000000001, 1, 0, 1, 1, 1, 1, 1, 1
12.115760000000002, 1, 0, 0, 1, 1, 1, 1, 1
12.116070000000001, 1, 0, 1, 1, 1, 1, 1, 1
12.116120000000000, 1, 0, 0, 1, 1, 1, 1, 1
12.116230000000002, 1, 0, 1, 1, 1, 1, 1, 1
12.117730000000002, 1, 0, 0, 1, 1, 1, 1, 1
12.117940000000001, 1, 0, 1, 1, 1, 1, 1, 1
12.118040000000001, 1, 0, 0, 1, 1, 1, 1, 1
12.118150000000002, 1, 0, 1, 1, 1, 1, 1, 1
12.122030000000001, 1, 1, 1, 1, 1, 1, 1, 1
12.122060000000001, 0, 1, 0, 1, 1, 1, 1, 1
12.122990000000001, 1, 1, 1, 1, 1, 1, 1, 1
12.123060000000001, 0, 1, 0, 1, 1, 1, 1, 1
12.123470000000001, 1, 1, 1, 1, 1, 1, 1, 1
12.123720000000000, 0, 1, 0, 1, 1, 1, 1, 1
12.123770000000000, 1, 1, 1, 1, 1, 1, 1, 1
12.123870000000000, 0, 1, 0, 1, 1, 1, 1, 1
12.123970000000002, 1, 1, 1, 1, 1, 1, 1, 1
12.124080000000001, 0, 1, 0, 1, 1, 1, 1, 1
12.124180000000001, 1, 1, 1, 1, 1, 1, 1, 1
12.124330000000000, 1, 0, 1, 1, 1, 1, 1, 1
12.124520000000000, 1, 1, 1, 1, 1, 1, 1, 1
12.124540000000001, 0, 1, 0, 1, 1, 1, 1, 1
12.124590000000001, 1, 1, 1, 1, 1, 1, 1, 1
12.124640000000001, 0, 1, 0, 1, 1, 1, 1, 1
12.124740000000001, 1, 1, 1, 1, 1, 1, 1, 1
12.124790000000001, 0, 1, 0, 1, 1, 1, 1, 1
12.124840000000001, 1, 1, 1, 1, 1, 1, 1, 1
12.124900000000000, 0, 1, 0, 1, 1, 1, 1, 1
12.125000000000002, 1, 1, 1, 1, 1, 1, 1, 1
12.125060000000001, 0, 1, 0, 1, 1, 1, 1, 1
12.125530000000001, 1, 1, 1, 1, 1, 1, 1, 1
12.125600000000000, 0, 1, 0, 1, 1, 1, 1, 1
12.125860000000001, 1, 1, 1, 1, 1, 1, 1, 1
12.125910000000001, 0, 1, 0, 1, 1, 1, 1, 1
12.126060000000001, 1, 1, 1, 1, 1, 1, 1, 1
12.126130000000002, 1, 0, 1, 1, 1, 1, 1, 1
12.126320000000002, 1, 1, 1, 1, 1, 1, 1, 1
12.126330000000001, 0, 1, 0, 1, 1, 1, 1, 1
12.126440000000001, 1, 1, 1, 1, 1, 1, 1, 1
12.126490000000000, 0, 1, 0, 1, 1, 1, 1, 1
12.126640000000002, 1, 1, 1, 1, 1, 1, 1, 1
12.126690000000002, 0, 1, 0, 1, 1, 1, 1, 1
12.126750000000001, 1, 1, 1, 1, 1, 1, 1, 1
12.126930000000002, 1, 0, 1, 1, 1, 1, 1, 1
12.144230000000000, 1, 0, 0, 1, 1, 1, 1, 1
12.145160000000001, 1, 0, 1, 1, 1, 1, 1, 1
12.146390000000000, 1, 0, 0, 1, 1, 1, 1, 1
12.146600000000001, 1, 0, 1, 1, 1, 1, 1, 1
12.146650000000001, 1, 0, 0, 1, 1, 1, 1, 1
12.146810000000000, 1, 0, 1, 1, 1, 1, 1, 1
12.146920000000001, 1, 0, 0, 1, 1, 1, 1, 1
12.147020000000001, 1, 0, 1, 1, 1, 1, 1, 1
12.147080000000001, 1, 0, 0, 1, 1, 1, 1, 1
12.147180000000001, 1, 0, 1, 1, 1, 1, 1, 1
12.147290000000002, 1, 0, 0, 1, 1, 1, 1, 1
12.147390000000001, 1, 0, 1, 1, 1, 1, 1, 1
12.148460000000002, 1, 0, 0, 1, 1, 1, 1, 1
12.148520000000001, 1, 0, 1, 1, 1, 1, 1, 1
12.148570000000001, 1, 0, 0, 1, 1, 1, 1, 1
12.148930000000002, 1, 0, 1, 1, 1, 1, 1, 1
12.149000000000001, 1, 0, 0, 1, 1, 1, 1, 1
12.149410000000001, 1, 0, 1, 1, 1, 1, 1, 1
12.150510000000001, 1, 0, 0, 1, 1, 1, 1, 1
12.150570000000002, 1, 0, 1, 1, 1, 1, 1, 1
12.150670000000002, 1, 0, 0, 1, 1, 1, 1, 1
12.150780000000001, 1, 0, 1, 1, 1, 1, 1, 1
12.150830000000001, 1, 0, 0, 1, 1, 1, 1, 1
12.150980000000001, 1, 0, 1, 1, 1, 1, 1, 1
12.192130000000001, 1, 0, 0, 1, 1, 1, 1, 1
12.193060000000001, 1, 0, 1, 1, 1, 1, 1, 1
12.194080000000001, 1, 0, 0, 1, 1, 1, 1, 1
12.194550000000001, 1, 0, 1, 1, 1, 1, 1, 1
12.194610000000001, 1, 0, 0, 1, 1, 1, 1, 1
12.194720000000000, 1, 0, 1, 1, 1, 1, 1, 1
12.194770000000000, 1, 0, 0, 1, 1, 1, 1, 1
12.194980000000001, 1, 0, 1, 1, 1, 1, 1, 1
12.195030000000001, 1, 0, 0, 1, 1, 1, 1, 1
12.195080000000001, 1, 0, 1, 1, 1, 1, 1, 1
12.196090000000002, 1, 0, 0, 1, 1, 1, 1, 1
12.196140000000002, 1, 0, 1, 1, 1, 1, 1, 1
12.196190000000001, 1, 0, 0, 1, 1, 1, 1, 1
12.196550000000000, 1, 0, 1, 1, 1, 1, 1, 1
12.196610000000002, 1, 0, 0, 1, 1, 1, 1, 1
12.196720000000001, 1, 0, 1, 1, 1, 1, 1, 1
12.196770000000001, 1, 0, 0, 1, 1, 1, 1, 1
12.197080000000001, 1, 0, 1, 1, 1, 1, 1, 1
12.198320000000001, 1, 0, 0, 1, 1, 1, 1, 1
12.198420000000000, 1, 0, 1, 1, 1, 1, 1, 1
12.198470000000000, 1, 0, 0, 1, 1, 1, 1, 1
12.198580000000002, 1, 0, 1, 1, 1, 1, 1, 1
12.198730000000001, 1, 0, 0, 1, 1, 1, 1, 1
12.198790000000001, 1, 0, 1, 1, 1, 1, 1, 1
12.212400000000001, 1, 0, 0, 1, 1, 1, 1, 1
12.213330000000001, 1, 0, 1, 1, 1, 1, 1, 1
12.214430000000000, 1, 0, 0, 1, 1, 1, 1, 1
12.214640000000001, 1, 0, 1, 1, 1, 1, 1, 1
12.214690000000001, 1, 0, 0, 1, 1, 1, 1, 1
12.214740000000001, 1, 0, 1, 1, 1, 1, 1, 1
12.214790000000001, 1, 0, 0, 1, 1, 1, 1, 1
12.214900000000002, 1, 0, 1, 1, 1, 1, 1, 1
12.214960000000001, 1, 0, 0, 1, 1, 1, 1, 1
12.215010000000001, 1, 0, 1, 1, 1, 1, 1, 1
12.215060000000001, 1, 0, 0, 1, 1, 1, 1, 1
12.215220000000000, 1, 0, 1, 1, 1, 1, 1, 1
12.215270000000000, 1, 0, 0, 1, 1, 1, 1, 1
12.215320000000000, 1, 0, 1, 1, 1, 1, 1, 1
12.215380000000001, 1, 0, 0, 1, 1, 1, 1, 1
12.215430000000001, 1, 0, 1, 1, 1, 1, 1, 1
12.216380000000001, 1, 0, 0, 1, 1, 1, 1, 1
12.216690000000002, 1, 0, 1, 1, 1, 1, 1, 1
12.216740000000001, 1, 0, 0, 1, 1, 1, 1, 1
12.216850000000001, 1, 0, 1, 1, 1, 1, 1, 1
12.218530000000001, 1, 0, 0, 1, 1, 1, 1, 1
12.218640000000001, 1, 0, 1, 1, 1, 1, 1, 1
12.218690000000000, 1, 0, 0, 1, 1, 1, 1, 1
12.218740000000000, 1, 0, 1, 1, 1, 1, 1, 1
12.218900000000001, 1, 0, 0, 1, 1, 1, 1, 1
12.219000000000001, 1, 0, 1, 1, 1, 1, 1, 1
12.222810000000001, 1, 1, 1, 1, 1, 1, 1, 1
12.222840000000001, 0, 1, 0, 1, 1, 1, 1, 1
12.223760000000000, 1, 1, 1, 1, 1, 1, 1, 1
12.223830000000001, 0, 1, 0, 1, 1, 1, 1, 1
12.224240000000002, 1, 1, 1, 1, 1, 1, 1, 1
12.224400000000001, 0, 1, 0, 1, 1, 1, 1, 1
12.224450000000001, 1, 1, 1, 1, 1, 1, 1, 1
12.224550000000001, 0, 1, 0, 1, 1, 1, 1, 1
12.224710000000002, 1, 1, 1, 1, 1, 1, 1, 1
12.224810000000002, 0, 1, 0, 1, 1, 1, 1, 1
12.224860000000001, 1, 1, 1, 1, 1, 1, 1, 1
12.224980000000000, 1, 0, 1, 1, 1, 1, 1, 1
12.225190000000001, 1, 1, 1, 1, 1, 1, 1, 1
12.225210000000001, 0, 1, 0, 1, 1, 1, 1, 1
12.225260000000000, 1, 1, 1, 1, 1, 1, 1, 1
12.225310000000000, 0, 1, 0, 1, 1, 1, 1, 1
12.225410000000002, 1, 1, 1, 1, 1, 1, 1, 1
12.225470000000001, 0, 1, 0, 1, 1, 1, 1, 1
12.225520000000001, 1, 1, 1, 1, 1, 1, 1, 1
12.225570000000001, 0, 1, 0, 1, 1, 1, 1, 1
12.225670000000001, 1, 1, 1, 1, 1, 1, 1, 1
12.225840000000002, 0, 1, 0, 1, 1, 1, 1, 1
12.226300000000000, 1, 1, 1, 1, 1, 1, 1, 1
12.226380000000001, 0, 1, 0, 1, 1, 1, 1, 1
12.226630000000002, 1, 1, 1, 1, 1, 1, 1, 1
12.226690000000001, 0, 1, 0, 1, 1, 1, 1, 1
12.226840000000001, 1, 1, 1, 1, 1, 1, 1, 1
12.226910000000000, 1, 0, 1, 1, 1, 1, 1, 1
12.227090000000000, 1, 1, 1, 1, 1, 1, 1, 1
12.227110000000001, 0, 1, 0, 1, 1, 1, 1, 1
12.227210000000001, 1, 1, 1, 1, 1, 1, 1, 1
12.227420000000000, 0, 1, 0, 1, 1, 1, 1, 1
12.227470000000000, 1, 1, 1, 1, 1, 1, 1, 1
12.227520000000000, 0, 1, 0, 1, 1, 1, 1, 1
12.227570000000002, 1, 1, 1, 1, 1, 1, 1, 1
12.227700000000000, 1, 0, 1, 1, 1, 1, 1, 1
12.245720000000000, 1, 0, 0, 1, 1, 1, 1, 1
12.246650000000001, 1, 0, 1, 1, 1, 1, 1, 1
12.247720000000001, 1, 0, 0, 1, 1, 1, 1, 1
12.247770000000001, 1, 0, 1, 1, 1, 1, 1, 1
12.247930000000000, 1, 0, 0, 1, 1, 1, 1, 1
12.248140000000001, 1, 0, 1, 1, 1, 1, 1, 1
12.248250000000001, 1, 0, 0, 1, 1, 1, 1, 1
12.248360000000002, 1, 0, 1, 1, 1, 1, 1, 1
12.248410000000002, 1, 0, 0, 1, 1, 1, 1, 1
12.248560000000001, 1, 0, 1, 1, 1, 1, 1, 1
12.248670000000001, 1, 0, 0, 1, 1, 1, 1, 1
12.248720000000000, 1, 0, 1, 1, 1, 1, 1, 1
12.249870000000001, 1, 0, 0, 1, 1, 1, 1, 1
12.249920000000001, 1, 0, 1, 1, 1, 1, 1, 1
12.249970000000001, 1, 0, 0, 1, 1, 1, 1, 1
12.250340000000001, 1, 0, 1, 1, 1, 1, 1, 1
12.250430000000001, 1, 0, 0, 1, 1, 1, 1, 1
12.250850000000002, 1, 0, 1, 1, 1, 1, 1, 1
12.251990000000001, 1, 0, 0, 1, 1, 1, 1, 1
12.252040000000001, 1, 0, 1, 1, 1, 1, 1, 1
12.252090000000001, 1, 0, 0, 1, 1, 1, 1, 1
12.252140000000001, 1, 0, 1, 1, 1, 1, 1, 1
12.252200000000000, 1, 0, 0, 1, 1, 1, 1, 1
12.252300000000002, 1, 0, 1, 1, 1, 1, 1, 1
12.291880000000001, 1, 0, 0, 1, 1, 1, 1, 1
12.292810000000001, 1, 0, 1, 1, 1, 1, 1, 1
12.293850000000001, 1, 0, 0, 1, 1, 1, 1, 1
12.294320000000001, 1, 0, 1, 1, 1, 1, 1, 1
12.294380000000000, 1, 0, 0, 1, 1, 1, 1, 1
12.294490000000001, 1, 0, 1, 1, 1, 1, 1, 1
12.294540000000001, 1, 0, 0, 1, 1, 1, 1, 1
12.294640000000001, 1, 0, 1, 1, 1, 1, 1, 1
12.294800000000000, 1, 0, 0, 1, 1, 1, 1, 1
12.294850000000000, 1, 0, 1, 1, 1, 1, 1, 1
12.295820000000001, 1, 0, 0, 1, 1, 1, 1, 1
12.295880000000000, 1, 0, 1, 1, 1, 1, 1, 1
12.295930000000000, 1, 0, 0, 1, 1, 1, 1, 1
12.296290000000001, 1, 0, 1, 1, 1, 1, 1, 1
12.296360000000002, 1, 0, 0, 1, 1, 1, 1, 1
12.296460000000002, 1, 0, 1, 1, 1, 1, 1, 1
12.296520000000001, 1, 0, 0, 1, 1, 1, 1, 1
12.296830000000002, 1, 0, 1, 1, 1, 1, 1, 1
12.297800000000001, 1, 0, 0, 1, 1, 1, 1, 1
12.297860000000002, 1, 0, 1, 1, 1, 1, 1, 1
12.297960000000002, 1, 0, 0, 1, 1, 1, 1, 1
12.298070000000001, 1, 0, 1, 1, 1, 1, 1, 1
12.298120000000001, 1, 0, 0, 1, 1, 1, 1, 1
12.298220000000001, 1, 0, 1, 1, 1, 1, 1, 1
12.312060000000001, 1, 0, 0, 1, 1, 1, 1, 1
12.312990000000001, 1, 0, 1, 1, 1, 1, 1, 1
12.314040000000000, 1, 0, 0, 1, 1, 1, 1, 1
12.314250000000001, 1, 0, 1, 1, 1, 1, 1, 1
12.314300000000001, 1, 0, 0, 1, 1, 1, 1, 1
12.314350000000001, 1, 0, 1, 1, 1, 1, 1, 1
12.314410000000001, 1, 0, 0, 1, 1, 1, 1, 1
12.314510000000000, 1, 0, 1, 1, 1, 1, 1, 1
12.314590000000001, 1, 0, 0, 1, 1, 1, 1, 1
12.314640000000001, 1, 0, 1, 1, 1, 1, 1, 1
12.314700000000000, 1, 0, 0, 1, 1, 1, 1, 1
12.315010000000001, 1, 0, 1, 1, 1, 1, 1, 1
12.316040000000001, 1, 0, 0, 1, 1, 1, 1, 1
12.316360000000001, 1, 0, 1, 1, 1, 1, 1, 1
12.316410000000001, 1, 0, 0, 1, 1, 1, 1, 1
12.316510000000001, 1, 0, 1, 1, 1, 1, 1, 1
12.317990000000002, 1, 0, 0, 1, 1, 1, 1, 1
12.318410000000002, 1, 0, 1, 1, 1, 1, 1, 1
12.322280000000001, 1, 1, 1, 1, 1, 1, 1, 1
12.322310000000002, 0, 1, 0, 1, 1, 1, 1, 1
12.323230000000001, 1, 1, 1, 1, 1, 1, 1, 1
12.323300000000001, 0, 1, 0, 1, 1, 1, 1, 1
12.323720000000002, 1, 1, 1, 1, 1, 1, 1, 1
12.323870000000001, 0, 1, 0, 1, 1, 1, 1, 1
12.323920000000001, 1, 1, 1, 1, 1, 1, 1, 1
12.324020000000001, 0, 1, 0, 1, 1, 1, 1, 1
12.324130000000000, 1, 1, 1, 1, 1, 1, 1, 1
12.324180000000000, 0, 1, 0, 1, 1, 1, 1, 1
12.324280000000002, 1, 1, 1, 1, 1, 1, 1, 1
12.324450000000001, 1, 0, 1, 1, 1, 1, 1, 1
12.324640000000000, 1, 1, 1, 1, 1, 1, 1, 1
12.324650000000002, 0, 1, 0, 1, 1, 1, 1, 1
12.324700000000002, 1, 1, 1, 1, 1, 1, 1, 1
12.324750000000002, 0, 1, 1, 1, 1, 1, 1, 1
12.324760000000001, 0, 1, 0, 1, 1, 1, 1, 1
12.324860000000001, 1, 1, 1, 1, 1, 1, 1, 1
12.324910000000001, 0, 1, 0, 1, 1, 1, 1, 1
12.324960000000001, 1, 1, 1, 1, 1, 1, 1, 1
12.325010000000001, 0, 1, 0, 1, 1, 1, 1, 1
12.325110000000000, 1, 1, 0, 1, 1, 1, 1, 1
12.325120000000002, 1, 1, 1, 1, 1, 1, 1, 1
12.325180000000001, 0, 1, 0, 1, 1, 1, 1, 1
12.325640000000002, 1, 1, 1, 1, 1, 1, 1, 1
12.325720000000000, 0, 1, 0, 1, 1, 1, 1, 1
12.325980000000001, 1, 1, 1, 1, 1, 1, 1, 1
12.326030000000001, 0, 1, 0, 1, 1, 1, 1, 1
12.326180000000001, 1, 1, 1, 1, 1, 1, 1, 1
12.326250000000002, 1, 0, 1, 1, 1, 1, 1, 1
12.326430000000000, 1, 1, 1, 1, 1, 1, 1, 1
12.326450000000001, 0, 1, 0, 1, 1, 1, 1, 1
12.326500000000001, 1, 1, 1, 1, 1, 1, 1, 1
12.326550000000001, 0, 1, 0, 1, 1, 1, 1, 1
12.326610000000001, 1, 1, 1, 1, 1, 1, 1, 1
12.326760000000000, 0, 1, 0, 1, 1, 1, 1, 1
12.326810000000002, 1, 1, 1, 1, 1, 1, 1, 1
12.326860000000002, 0, 1, 0, 1, 1, 1, 1, 1
12.326910000000002, 1, 1, 1, 1, 1, 1, 1, 1
12.327070000000001, 1, 0, 1, 1, 1, 1, 1, 1
12.344540000000000, 1, 0, 0, 1, 1, 1, 1, 1
12.345470000000001, 1, 0, 1, 1, 1, 1, 1, 1
12.346550000000001, 1, 0, 0, 1, 1, 1, 1, 1
12.346650000000000, 1, 0, 1, 1, 1, 1, 1, 1
12.346750000000002, 1, 0, 0, 1, 1, 1, 1, 1
12.346960000000001, 1, 0, 1, 1, 1, 1, 1, 1
12.347080000000002, 1, 0, 0, 1, 1, 1, 1, 1
12.347180000000002, 1, 0, 1, 1, 1, 1, 1, 1
12.347230000000001, 1, 0, 0, 1, 1, 1, 1, 1
12.347340000000001, 1, 0, 1, 1, 1, 1, 1, 1
12.347390000000001, 1, 0, 0, 1, 1, 1, 1, 1
12.347490000000001, 1, 0, 1, 1, 1, 1, 1, 1
12.348530000000000, 1, 0, 0, 1, 1, 1, 1, 1
12.348580000000002, 1, 0, 1, 1, 1, 1, 1, 1
12.348630000000002, 1, 0, 0, 1, 1, 1, 1, 1
12.349000000000000, 1, 0, 1, 1, 1, 1, 1, 1
12.349060000000001, 1, 0, 0, 1, 1, 1, 1, 1
12.349480000000002, 1, 0, 1, 1, 1, 1, 1, 1
12.350530000000001, 1, 0, 0, 1, 1, 1, 1, 1
12.350580000000001, 1, 0, 1, 1, 1, 1, 1, 1
12.350840000000002, 1, 0, 0, 1, 1, 1, 1, 1
12.350950000000001, 1, 0, 1, 1, 1, 1, 1, 1
12.392310000000000, 1, 0, 0, 1, 1, 1, 1, 1
12.393240000000000, 1, 0, 1, 1, 1, 1, 1, 1
12.394480000000001, 1, 0, 0, 1, 1, 1, 1, 1
12.394940000000002, 1, 0, 1, 1, 1, 1, 1, 1
12.395000000000001, 1, 0, 0, 1, 1, 1, 1, 1
12.395110000000001, 1, 0, 1, 1, 1, 1, 1, 1
12.395160000000001, 1, 0, 0, 1, 1, 1, 1, 1
12.395320000000002, 1, 0, 1, 1, 1, 1, 1, 1
12.395370000000002, 1, 0, 0, 1, 1, 1, 1, 1
12.395420000000001, 1, 0, 1, 1, 1, 1, 1, 1
12.396510000000001, 1, 0, 0, 1, 1, 1, 1, 1
12.396560000000001, 1, 0, 1, 1, 1, 1, 1, 1
12.396620000000000, 1, 0, 0, 1, 1, 1, 1, 1
12.396980000000001, 1, 0, 1, 1, 1, 1, 1, 1
12.397040000000001, 1, 0, 0, 1, 1, 1, 1, 1
12.397150000000002, 1, 0, 1, 1, 1, 1, 1, 1
12.397200000000002, 1, 0, 0, 1, 1, 1, 1, 1
12.397510000000000, 1, 0, 1, 1, 1, 1, 1, 1
12.398490000000001, 1, 0, 0, 1, 1, 1, 1, 1
12.398650000000002, 1, 0, 1, 1, 1, 1, 1, 1
12.398850000000001, 1, 0, 0, 1, 1, 1, 1, 1
12.398910000000001, 1, 0, 1, 1, 1, 1, 1, 1
12.412540000000002, 1, 0, 0, 1, 1, 1, 1, 1
12.413470000000000, 1, 0, 1, 1, 1, 1, 1, 1
12.414680000000001, 1, 0, 0, 1, 1, 1, 1, 1
12.414890000000002, 1, 0, 1, 1, 1, 1, 1, 1
12.414940000000001, 1, 0, 0, 1, 1, 1, 1, 1
12.415000000000001, 1, 0, 1, 1, 1, 1, 1, 1
12.415050000000001, 1, 0, 0, 1, 1, 1, 1, 1
12.415150000000001, 1, 0, 1, 1, 1, 1, 1, 1
12.415230000000001, 1, 0, 0, 1, 1, 1, 1, 1
12.415280000000001, 1, 0, 1, 1, 1, 1, 1, 1
12.415340000000000, 1, 0, 0, 1, 1, 1, 1, 1
12.415490000000000, 1, 0, 1, 1, 1, 1, 1, 1
12.415600000000001, 1, 0, 0, 1, 1, 1, 1, 1
12.415650000000001, 1, 0, 1, 1, 1, 1, 1, 1
12.416710000000000, 1, 0, 0, 1, 1, 1, 1, 1
12.417020000000001, 1, 0, 1, 1, 1, 1, 1, 1
12.417070000000001, 1, 0, 0, 1, 1, 1, 1, 1
12.417180000000002, 1, 0, 1, 1, 1, 1, 1, 1
12.418680000000000, 1, 0, 0, 1, 1, 1, 1, 1
12.418730000000002, 1, 0, 1, 1, 1, 1, 1, 1
12.418780000000002, 1, 0, 0, 1, 1, 1, 1, 1
12.418890000000001, 1, 0, 1, 1, 1, 1, 1, 1
12.419100000000000, 1, 0, 0, 1, 1, 1, 1, 1
12.419150000000000, 1, 0, 1, 1, 1, 1, 1, 1
12.422870000000001, 1, 1, 1, 1, 1, 1, 1, 1
12.422900000000000, 0, 1, 0, 1, 1, 1, 1, 1
12.423820000000001, 1, 1, 1, 1, 1, 1, 1, 1
12.423890000000002, 0, 1, 0, 1, 1, 1, 1, 1
12.424310000000000, 1, 1, 1, 1, 1, 1, 1, 1
12.424460000000002, 0, 1, 0, 1, 1, 1, 1, 1
12.424510000000001, 1, 1, 1, 1, 1, 1, 1, 1
12.424620000000001, 0, 1, 0, 1, 1, 1, 1, 1
12.424820000000000, 1, 1, 1, 1, 1, 1, 1, 1
12.425040000000001, 1, 0, 1, 1, 1, 1, 1, 1
12.425230000000001, 1, 1, 1, 1, 1, 1, 1, 1
12.425240000000001, 0, 1, 0, 1, 1, 1, 1, 1
12.425290000000000, 1, 1, 1, 1, 1, 1, 1, 1
12.425350000000002, 0, 1, 0, 1, 1, 1, 1, 1
12.425450000000001, 1, 1, 1, 1, 1, 1, 1, 1
12.425500000000001, 0, 1, 0, 1, 1, 1, 1, 1
12.425550000000001, 1, 1, 1, 1, 1, 1, 1, 1
12.425600000000001, 0, 1, 0, 1, 1, 1, 1, 1
12.425710000000000, 1, 1, 1, 1, 1, 1, 1, 1
12.425770000000002, 0, 1, 0, 1, 1, 1, 1, 1
12.426230000000000, 1, 1, 1, 1, 1, 1, 1, 1
12.426310000000001, 0, 1, 0, 1, 1, 1, 1, 1
12.426570000000002, 1, 1, 1, 1, 1, 1, 1, 1
12.426620000000002, 0, 1, 0, 1, 1, 1, 1, 1
12.426770000000001, 1, 1, 1, 1, 1, 1, 1, 1
12.426840000000000, 1, 0, 1, 1, 1, 1, 1, 1
12.427020000000001, 1, 1, 1, 1, 1, 1, 1, 1
12.427040000000002, 0, 1, 0, 1, 1, 1, 1, 1
12.427090000000002, 1, 1, 1, 1, 1, 1, 1, 1
12.427140000000001, 0, 1, 0, 1, 1, 1, 1, 1
12.427350000000001, 1, 1, 1, 1, 1, 1, 1, 1
12.427400000000000, 0, 1, 0, 1, 1, 1, 1, 1
12.427450000000000, 1, 1, 1, 1, 1, 1, 1, 1
12.427630000000001, 1, 0, 1, 1, 1, 1, 1, 1
12.445300000000001, 1, 0, 0, 1, 1, 1, 1, 1
12.446230000000002, 1, 0, 1, 1, 1, 1, 1, 1
12.447290000000001, 1, 0, 0, 1, 1, 1, 1, 1
12.447340000000001, 1, 0, 1, 1, 1, 1, 1, 1
12.447390000000000, 1, 0, 0, 1, 1, 1, 1, 1
12.447440000000000, 1, 0, 1, 1, 1, 1, 1, 1
12.447500000000002, 1, 0, 0, 1, 1, 1, 1, 1
12.447710000000001, 1, 0, 1, 1, 1, 1, 1, 1
12.447840000000001, 1, 0, 0, 1, 1, 1, 1, 1
12.447940000000001, 1, 0, 1, 1, 1, 1, 1, 1
12.447990000000001, 1, 0, 0, 1, 1, 1, 1, 1
12.448200000000002, 1, 0, 1, 1, 1, 1, 1, 1
12.449300000000001, 1, 0, 0, 1, 1, 1, 1, 1
12.449350000000001, 1, 0, 1, 1, 1, 1, 1, 1
12.449400000000001, 1, 0, 0, 1, 1, 1, 1, 1
12.449770000000001, 1, 0, 1, 1, 1, 1, 1, 1
12.449850000000001, 1, 0, 0, 1, 1, 1, 1, 1
12.450260000000002, 1, 0, 1, 1, 1, 1, 1, 1
12.451300000000002, 1, 0, 0, 1, 1, 1, 1, 1
12.451350000000001, 1, 0, 1, 1, 1, 1, 1, 1
12.451400000000001, 1, 0, 0, 1, 1, 1, 1, 1
12.451710000000000, 1, 0, 1, 1, 1, 1, 1, 1
12.493000000000000, 1, 0, 0, 1, 1, 1, 1, 1
12.493930000000001, 1, 0, 1, 1, 1, 1, 1, 1
12.494960000000001, 1, 0, 0, 1, 1, 1, 1, 1
12.495430000000001, 1, 0, 1, 1, 1, 1, 1, 1
12.495490000000000, 1, 0, 0, 1, 1, 1, 1, 1
12.495600000000001, 1, 0, 1, 1, 1, 1, 1, 1
12.495650000000001, 1, 0, 0, 1, 1, 1, 1, 1
12.495750000000001, 1, 0, 1, 1, 1, 1, 1, 1
12.495800000000001, 1, 0, 0, 1, 1, 1, 1, 1
12.495860000000000, 1, 0, 1, 1, 1, 1, 1, 1
12.497220000000000, 1, 0, 0, 1, 1, 1, 1, 1
12.497270000000000, 1, 0, 1, 1, 1, 1, 1, 1
12.497320000000000, 1, 0, 0, 1, 1, 1, 1, 1
12.497690000000000, 1, 0, 1, 1, 1, 1, 1, 1
12.497750000000002, 1, 0, 0, 1, 1, 1, 1, 1
12.497850000000001, 1, 0, 1, 1, 1, 1, 1, 1
12.497900000000001, 1, 0, 0, 1, 1, 1, 1, 1
12.498220000000002, 1, 0, 1, 1, 1, 1, 1, 1
12.499240000000000, 1, 0, 0, 1, 1, 1, 1, 1
12.499290000000000, 1, 0, 1, 1, 1, 1, 1, 1
12.499400000000001, 1, 0, 0, 1, 1, 1, 1, 1
12.499450000000001, 1, 0, 1, 1, 1, 1, 1, 1
12.499550000000001, 1, 0, 0, 1, 1, 1, 1, 1
12.499610000000001, 1, 0, 1, 1, 1, 1, 1, 1
12.513280000000002, 1, 0, 0, 1, 1, 1, 1, 1
12.514210000000000, 1, 0, 1, 1, 1, 1, 1, 1
12.515310000000001, 1, 0, 0, 1, 1, 1, 1, 1
12.515520000000000, 1, 0, 1, 1, 1, 1, 1, 1
12.515570000000000, 1, 0, 0, 1, 1, 1, 1, 1
12.515620000000000, 1, 0, 1, 1, 1, 1, 1, 1
12.515670000000002, 1, 0, 0, 1, 1, 1, 1, 1
12.515780000000001, 1, 0, 1, 1, 1, 1, 1, 1
12.515860000000002, 1, 0, 0, 1, 1, 1, 1, 1
12.515910000000002, 1, 0, 1, 1, 1, 1, 1, 1
12.515960000000002, 1, 0, 0, 1, 1, 1, 1, 1
12.516170000000001, 1, 0, 1, 1, 1, 1, 1, 1
12.517270000000002, 1, 0, 0, 1, 1, 1, 1, 1
12.517590000000000, 1, 0, 1, 1, 1, 1, 1, 1
12.517640000000002, 1, 0, 0, 1, 1, 1, 1, 1
12.517740000000002, 1, 0, 1, 1, 1, 1, 1, 1
12.519460000000000, 1, 0, 0, 1, 1, 1, 1, 1
12.519510000000000, 1, 0, 1, 1, 1, 1, 1, 1
12.519570000000002, 1, 0, 0, 1, 1, 1, 1, 1
12.519620000000002, 1, 0, 1, 1, 1, 1, 1, 1
12.519670000000001, 1, 0, 0, 1, 1, 1, 1, 1
12.519720000000001, 1, 0, 1, 1, 1, 1, 1, 1
12.519880000000001, 1, 0, 0, 1, 1, 1, 1, 1
12.519930000000000, 1, 0, 1, 1, 1, 1, 1, 1
12.523880000000002, 1, 1, 1, 1, 1, 1, 1, 1
12.523910000000001, 0, 1, 0, 1, 1, 1, 1, 1
12.524830000000001, 1, 1, 1, 1, 1, 1, 1, 1
12.524900000000001, 0, 1, 0, 1, 1, 1, 1, 1
12.525310000000001, 1, 1, 1, 1, 1, 1, 1, 1
12.525470000000000, 0, 1, 0, 1, 1, 1, 1, 1
12.525520000000000, 1, 1, 1, 1, 1, 1, 1, 1
12.525620000000002, 0, 1, 0, 1, 1, 1, 1, 1
12.525730000000001, 1, 1, 1, 1, 1, 1, 1, 1
12.526050000000001, 1, 0, 1, 1, 1, 1, 1, 1
12.526230000000002, 1, 1, 1, 1, 1, 1, 1, 1
12.526250000000001, 0, 1, 0, 1, 1, 1, 1, 1
12.526300000000001, 1, 1, 1, 1, 1, 1, 1, 1
12.526350000000001, 0, 1, 0, 1, 1, 1, 1, 1
12.526460000000000, 1, 1, 1, 1, 1, 1, 1, 1
12.526510000000002, 0, 1, 0, 1, 1, 1, 1, 1
12.526560000000002, 1, 1, 1, 1, 1, 1, 1, 1
12.526610000000002, 0, 1, 0, 1, 1, 1, 1, 1
12.526710000000001, 1, 1, 1, 1, 1, 1, 1, 1
12.526780000000000, 0, 1, 0, 1, 1, 1, 1, 1
12.527240000000001, 1, 1, 1, 1, 1, 1, 1, 1
12.527320000000001, 0, 1, 0, 1, 1, 1, 1, 1
12.527570000000001, 1, 1, 1, 1, 1, 1, 1, 1
12.527620000000001, 0, 1, 0, 1, 1, 1, 1, 1
12.527780000000002, 1, 1, 1, 1, 1, 1, 1, 1
12.527850000000001, 1, 0, 1, 1, 1, 1, 1, 1
12.528030000000001, 1, 1, 1, 1, 1, 1, 1, 1
12.528050000000000, 0, 1, 0, 1, 1, 1, 1, 1
12.528250000000002, 1, 1, 1, 1, 1, 1, 1, 1
12.528310000000001, 0, 1, 0, 1, 1, 1, 1, 1
12.528510000000001, 1, 1, 1, 1, 1, 1, 1, 1
12.528640000000001, 1, 0, 1, 1, 1, 1, 1, 1
12.545930000000000, 1, 0, 0, 1, 1, 1, 1, 1
12.546850000000001, 1, 0, 1, 1, 1, 1, 1, 1
12.547910000000002, 1, 0, 0, 1, 1, 1, 1, 1
12.548060000000001, 1, 0, 1, 1, 1, 1, 1, 1
12.548110000000001, 1, 0, 0, 1, 1, 1, 1, 1
12.548320000000000, 1, 0, 1, 1, 1, 1, 1, 1
12.548450000000001, 1, 0, 0, 1, 1, 1, 1, 1
12.548560000000000, 1, 0, 1, 1, 1, 1, 1, 1
12.548610000000002, 1, 0, 0, 1, 1, 1, 1, 1
12.548710000000002, 1, 0, 1, 1, 1, 1, 1, 1
12.550100000000000, 1, 0, 0, 1, 1, 1, 1, 1
12.550150000000000, 1, 0, 1, 1, 1, 1, 1, 1
12.550200000000000, 1, 0, 0, 1, 1, 1, 1, 1
12.550570000000000, 1, 0, 1, 1, 1, 1, 1, 1
12.550630000000002, 1, 0, 0, 1, 1, 1, 1, 1
12.551040000000000, 1, 0, 1, 1, 1, 1, 1, 1
12.552080000000002, 1, 0, 0, 1, 1, 1, 1, 1
12.552190000000001, 1, 0, 1, 1, 1, 1, 1, 1
12.552290000000001, 1, 0, 0, 1, 1, 1, 1, 1
12.552350000000001, 1, 0, 1, 1, 1, 1, 1, 1
12.552500000000000, 1, 0, 0, 1, 1, 1, 1, 1
12.552550000000002, 1, 0, 1, 1, 1, 1, 1, 1
12.593950000000001, 1, 0, 0, 1, 1, 1, 1, 1
12.594880000000002, 1, 0, 1, 1, 1, 1, 1, 1
12.595950000000000, 1, 0, 0, 1, 1, 1, 1, 1
12.596420000000000, 1, 0, 1, 1, 1, 1, 1, 1
12.596490000000001, 1, 0, 0, 1, 1, 1, 1, 1
12.596590000000001, 1, 0, 1, 1, 1, 1, 1, 1
12.596640000000001, 1, 0, 0, 1, 1, 1, 1, 1
12.596950000000001, 1, 0, 1, 1, 1, 1, 1, 1
12.597920000000000, 1, 0, 0, 1, 1, 1, 1, 1
12.597970000000002, 1, 0, 1, 1, 1, 1, 1, 1
12.598030000000001, 1, 0, 0, 1, 1, 1, 1, 1
12.598390000000000, 1, 0, 1, 1, 1, 1, 1, 1
12.598470000000001, 1, 0, 0, 1, 1, 1, 1, 1
12.598570000000000, 1, 0, 1, 1, 1, 1, 1, 1
12.598620000000000, 1, 0, 0, 1, 1, 1, 1, 1
12.598940000000001, 1, 0, 1, 1, 1, 1, 1, 1
12.600070000000001, 1, 0, 0, 1, 1, 1, 1, 1
12.600220000000000, 1, 0, 1, 1, 1, 1, 1, 1
12.600280000000001, 1, 0, 0, 1, 1, 1, 1, 1
12.600330000000001, 1, 0, 1, 1, 1, 1, 1, 1
12.614070000000002, 1, 0, 0, 1, 1, 1, 1, 1
12.615000000000000, 1, 0, 1, 1, 1, 1, 1, 1
12.616170000000000, 1, 0, 0, 1, 1, 1, 1, 1
12.616380000000001, 1, 0, 1, 1, 1, 1, 1, 1
12.616430000000001, 1, 0, 0, 1, 1, 1, 1, 1
12.616480000000001, 1, 0, 1, 1, 1, 1, 1, 1
12.616530000000001, 1, 0, 0, 1, 1, 1, 1, 1
12.616640000000000, 1, 0, 1, 1, 1, 1, 1, 1
12.616700000000002, 1, 0, 0, 1, 1, 1, 1, 1
12.616750000000001, 1, 0, 1, 1, 1, 1, 1, 1
12.616800000000001, 1, 0, 0, 1, 1, 1, 1, 1
12.616960000000001, 1, 0, 1, 1, 1, 1, 1, 1
12.617010000000001, 1, 0, 0, 1, 1, 1, 1, 1
12.617170000000002, 1, 0, 1, 1, 1, 1, 1, 1
12.618150000000002, 1, 0, 0, 1, 1, 1, 1, 1
12.618470000000000, 1, 0, 1, 1, 1, 1, 1, 1
12.618520000000000, 1, 0, 0, 1, 1, 1, 1, 1
12.618620000000002, 1, 0, 1, 1, 1, 1, 1, 1
12.620310000000002, 1, 0, 0, 1, 1, 1, 1, 1
12.620370000000001, 1, 0, 1, 1, 1, 1, 1, 1
12.620420000000001, 1, 0, 0, 1, 1, 1, 1, 1
12.620630000000000, 1, 0, 1, 1, 1, 1, 1, 1
12.620730000000002, 1, 0, 0, 1, 1, 1, 1, 1
12.620780000000002, 1, 0, 1, 1, 1, 1, 1, 1
12.624720000000002, 1, 1, 1, 1, 1, 1, 1, 1
12.624750000000001, 0, 1, 0, 1, 1, 1, 1, 1
12.625680000000001, 1, 1, 1, 1, 1, 1, 1, 1
12.625750000000002, 0, 1, 0, 1, 1, 1, 1, 1
12.626160000000000, 1, 1, 1, 1, 1, 1, 1, 1
12.626320000000002, 0, 1, 0, 1, 1, 1, 1, 1
12.626370000000001, 1, 1, 1, 1, 1, 1, 1, 1
12.626470000000001, 0, 1, 0, 1, 1, 1, 1, 1
12.626620000000001, 1, 1, 1, 1, 1, 1, 1, 1
12.626680000000000, 0, 1, 0, 1, 1, 1, 1, 1
12.626780000000002, 1, 1, 1, 1, 1, 1, 1, 1
12.626890000000001, 1, 0, 1, 1, 1, 1, 1, 1
12.627080000000001, 1, 1, 1, 1, 1, 1, 1, 1
12.627100000000000, 0, 1, 0, 1, 1, 1, 1, 1
12.627150000000000, 1, 1, 1, 1, 1, 1, 1, 1
12.627200000000000, 0, 1, 0, 1, 1, 1, 1, 1
12.627300000000002, 1, 1, 1, 1, 1, 1, 1, 1
12.627350000000002, 0, 1, 0, 1, 1, 1, 1, 1
12.627410000000001, 1, 1, 1, 1, 1, 1, 1, 1
12.627460000000001, 0, 1, 0, 1, 1, 1, 1, 1
12.627560000000001, 1, 1, 1, 1, 1, 1, 1, 1
12.627620000000000, 0, 1, 0, 1, 1, 1, 1, 1
12.628090000000000, 1, 1, 1, 1, 1, 1, 1, 1
12.628160000000001, 0, 1, 0, 1, 1, 1, 1, 1
12.628420000000000, 1, 1, 1, 1, 1, 1, 1, 1
12.628470000000002, 0, 1, 0, 1, 1, 1, 1, 1
12.628630000000001, 1, 1, 1, 1, 1, 1, 1, 1
12.628690000000001, 1, 0, 1, 1, 1, 1, 1, 1
12.628880000000001, 1, 1, 1, 1, 1, 1, 1, 1
12.628900000000002, 0, 1, 0, 1, 1, 1, 1, 1
12.628950000000001, 1, 1, 1, 1, 1, 1, 1, 1
12.629000000000001, 0, 1, 0, 1, 1, 1, 1, 1
12.629050000000001, 1, 1, 1, 1, 1, 1, 1, 1
12.629100000000001, 0, 1, 0, 1, 1, 1, 1, 1
12.629260000000000, 1, 1, 1, 1, 1, 1, 1, 1
12.629490000000001, 1, 0, 1, 1, 1, 1, 1, 1
12.646830000000001, 1, 0, 0, 1, 1, 1, 1, 1
12.647760000000002, 1, 0, 1, 1, 1, 1, 1, 1
12.648830000000000, 1, 0, 0, 1, 1, 1, 1, 1
12.648880000000002, 1, 0, 1, 1, 1, 1, 1, 1
12.648990000000001, 1, 0, 0, 1, 1, 1, 1, 1
12.649250000000000, 1, 0, 1, 1, 1, 1, 1, 1
12.649380000000001, 1, 0, 0, 1, 1, 1, 1, 1
12.649480000000001, 1, 0, 1, 1, 1, 1, 1, 1
12.649540000000002, 1, 0, 0, 1, 1, 1, 1, 1
12.649690000000001, 1, 0, 1, 1, 1, 1, 1, 1
12.649750000000001, 1, 0, 0, 1, 1, 1, 1, 1
12.649850000000001, 1, 0, 1, 1, 1, 1, 1, 1
12.651020000000001, 1, 0, 0, 1, 1, 1, 1, 1
12.651070000000001, 1, 0, 1, 1, 1, 1, 1, 1
12.651120000000001, 1, 0, 0, 1, 1, 1, 1, 1
12.651490000000001, 1, 0, 1, 1, 1, 1, 1, 1
12.651550000000000, 1, 0, 0, 1, 1, 1, 1, 1
12.651960000000001, 1, 0, 1, 1, 1, 1, 1, 1
12.653020000000001, 1, 0, 0, 1, 1, 1, 1, 1
12.653070000000001, 1, 0, 1, 1, 1, 1, 1, 1
12.653180000000001, 1, 0, 0, 1, 1, 1, 1, 1
12.653230000000001, 1, 0, 1, 1, 1, 1, 1, 1
12.653390000000002, 1, 0, 0, 1, 1, 1, 1, 1
12.653490000000001, 1, 0, 1, 1, 1, 1, 1, 1
12.692660000000002, 1, 0, 0, 1, 1, 1, 1, 1
12.693590000000000, 1, 0, 1, 1, 1, 1, 1, 1
12.694940000000001, 1, 0, 0, 1, 1, 1, 1, 1
12.695410000000001, 1, 0, 1, 1, 1, 1, 1, 1
12.695470000000000, 1, 0, 0, 1, 1, 1, 1, 1
12.695580000000001, 1, 0, 1, 1, 1, 1, 1, 1
12.695630000000001, 1, 0, 0, 1, 1, 1, 1, 1
12.695730000000001, 1, 0, 1, 1, 1, 1, 1, 1
12.695840000000000, 1, 0, 0, 1, 1, 1, 1, 1
12.695940000000000, 1, 0, 1, 1, 1, 1, 1, 1
12.696950000000001, 1, 0, 0, 1, 1, 1, 1, 1
12.697000000000001, 1, 0, 1, 1, 1, 1, 1, 1
12.697050000000001, 1, 0, 0, 1, 1, 1, 1, 1
12.697410000000001, 1, 0, 1, 1, 1, 1, 1, 1
12.697480000000001, 1, 0, 0, 1, 1, 1, 1, 1
12.697580000000000, 1, 0, 1, 1, 1, 1, 1, 1
12.697630000000000, 1, 0, 0, 1, 1, 1, 1, 1
12.697940000000001, 1, 0, 1, 1, 1, 1, 1, 1
12.698910000000001, 1, 0, 0, 1, 1, 1, 1, 1
12.698960000000001, 1, 0, 1, 1, 1, 1, 1, 1
12.699010000000001, 1, 0, 0, 1, 1, 1, 1, 1
12.699060000000001, 1, 0, 1, 1, 1, 1, 1, 1
12.699110000000001, 1, 0, 0, 1, 1, 1, 1, 1
12.699170000000001, 1, 0, 1, 1, 1, 1, 1, 1
12.699220000000000, 1, 0, 0, 1, 1, 1, 1, 1
12.699380000000001, 1, 0, 1, 1, 1, 1, 1, 1
12.712800000000001, 1, 0, 0, 1, 1, 1, 1, 1
12.713730000000002, 1, 0, 1, 1, 1, 1, 1, 1
12.715060000000001, 1, 0, 0, 1, 1, 1, 1, 1
12.715270000000000, 1, 0, 1, 1, 1, 1, 1, 1
12.715320000000000, 1, 0, 0, 1, 1, 1, 1, 1
12.715370000000002, 1, 0, 1, 1, 1, 1, 1, 1
12.715420000000002, 1, 0, 0, 1, 1, 1, 1, 1
12.715530000000001, 1, 0, 1, 1, 1, 1, 1, 1
12.715590000000001, 1, 0, 0, 1, 1, 1, 1, 1
12.715640000000000, 1, 0, 1, 1, 1, 1, 1, 1
12.715700000000002, 1, 0, 0, 1, 1, 1, 1, 1
12.715960000000001, 1, 0, 1, 1, 1, 1, 1, 1
12.716010000000001, 1, 0, 0, 1, 1, 1, 1, 1
12.716060000000001, 1, 0, 1, 1, 1, 1, 1, 1
12.717050000000000, 1, 0, 0, 1, 1, 1, 1, 1
12.717370000000001, 1, 0, 1, 1, 1, 1, 1, 1
12.717420000000001, 1, 0, 0, 1, 1, 1, 1, 1
12.717520000000000, 1, 0, 1, 1, 1, 1, 1, 1
12.719140000000001, 1, 0, 0, 1, 1, 1, 1, 1
12.719190000000001, 1, 0, 1, 1, 1, 1, 1, 1
12.719250000000001, 1, 0, 0, 1, 1, 1, 1, 1
12.719300000000000, 1, 0, 1, 1, 1, 1, 1, 1
12.719400000000000, 1, 0, 0, 1, 1, 1, 1, 1
12.719450000000002, 1, 0, 1, 1, 1, 1, 1, 1
12.719560000000001, 1, 0, 0, 1, 1, 1, 1, 1
12.719610000000001, 1, 0, 1, 1, 1, 1, 1, 1
12.723430000000000, 1, 1, 1, 1, 1, 1, 1, 1
12.723450000000001, 0, 1, 0, 1, 1, 1, 1, 1
12.724380000000002, 1, 1, 1, 1, 1, 1, 1, 1
12.724450000000001, 0, 1, 0, 1, 1, 1, 1, 1
12.724860000000001, 1, 1, 1, 1, 1, 1, 1, 1
12.725040000000002, 0, 1, 0, 1, 1, 1, 1, 1
12.725100000000001, 1, 1, 1, 1, 1, 1, 1, 1
12.725200000000001, 0, 1, 0, 1, 1, 1, 1, 1
12.725300000000001, 1, 1, 1, 1, 1, 1, 1, 1
12.725350000000001, 0, 1, 0, 1, 1, 1, 1, 1
12.725400000000000, 1, 1, 1, 1, 1, 1, 1, 1
12.725460000000002, 0, 1, 0, 1, 1, 1, 1, 1
12.725510000000002, 1, 1, 1, 1, 1, 1, 1, 1
12.725730000000000, 1, 0, 1, 1, 1, 1, 1, 1
12.725910000000001, 1, 1, 1, 1, 1, 1, 1, 1
12.725930000000002, 0, 1, 0, 1, 1, 1, 1, 1
12.725980000000002, 1, 1, 1, 1, 1, 1, 1, 1
12.726030000000002, 0, 1, 0, 1, 1, 1, 1, 1
12.726130000000001, 1, 1, 1, 1, 1, 1, 1, 1
12.726190000000001, 0, 1, 0, 1, 1, 1, 1, 1
12.726240000000001, 1, 1, 1, 1, 1, 1, 1, 1
12.726290000000001, 0, 1, 0, 1, 1, 1, 1, 1
12.726390000000000, 1, 1, 1, 1, 1, 1, 1, 1
12.726460000000001, 0, 1, 0, 1, 1, 1, 1, 1
12.726920000000002, 1, 1, 1, 1, 1, 1, 1, 1
12.726990000000001, 0, 1, 0, 1, 1, 1, 1, 1
12.727250000000002, 1, 1, 1, 1, 1, 1, 1, 1
12.727300000000001, 0, 1, 0, 1, 1, 1, 1, 1
12.727460000000001, 1, 1, 1, 1, 1, 1, 1, 1
12.727520000000000, 1, 0, 1, 1, 1, 1, 1, 1
12.727710000000002, 1, 1, 1, 1, 1, 1, 1, 1
12.727730000000001, 0, 1, 0, 1, 1, 1, 1, 1
12.727780000000001, 1, 1, 1, 1, 1, 1, 1, 1
12.727930000000001, 0, 1, 0, 1, 1, 1, 1, 1
12.727980000000001, 1, 1, 1, 1, 1, 1, 1, 1
12.728320000000002, 1, 0, 1, 1, 1, 1, 1, 1
12.746550000000001, 1, 0, 0, 1, 1, 1, 1, 1
12.747480000000001, 1, 0, 1, 1, 1, 1, 1, 1
12.748530000000001, 1, 0, 0, 1, 1, 1, 1, 1
12.748640000000002, 1, 0, 1, 1, 1, 1, 1, 1
12.748690000000002, 1, 0, 0, 1, 1, 1, 1, 1
12.748950000000001, 1, 0, 1, 1, 1, 1, 1, 1
12.749060000000002, 1, 0, 0, 1, 1, 1, 1, 1
12.749170000000001, 1, 0, 1, 1, 1, 1, 1, 1
12.749220000000001, 1, 0, 0, 1, 1, 1, 1, 1
12.749320000000001, 1, 0, 1, 1, 1, 1, 1, 1
12.749380000000000, 1, 0, 0, 1, 1, 1, 1, 1
12.749430000000000, 1, 0, 1, 1, 1, 1, 1, 1
12.749480000000002, 1, 0, 0, 1, 1, 1, 1, 1
12.749530000000002, 1, 0, 1, 1, 1, 1, 1, 1
12.750510000000000, 1, 0, 0, 1, 1, 1, 1, 1
12.750560000000002, 1, 0, 1, 1, 1, 1, 1, 1
12.750620000000001, 1, 0, 0, 1, 1, 1, 1, 1
12.750980000000000, 1, 0, 1, 1, 1, 1, 1, 1
12.751040000000001, 1, 0, 0, 1, 1, 1, 1, 1
12.751460000000002, 1, 0, 1, 1, 1, 1, 1, 1
12.752510000000001, 1, 0, 0, 1, 1, 1, 1, 1
12.752620000000000, 1, 0, 1, 1, 1, 1, 1, 1
12.752670000000000, 1, 0, 0, 1, 1, 1, 1, 1
12.752720000000002, 1, 0, 1, 1, 1, 1, 1, 1
12.752770000000002, 1, 0, 0, 1, 1, 1, 1, 1
12.752880000000001, 1, 0, 1, 1, 1, 1, 1, 1
12.752930000000001, 1, 0, 0, 1, 1, 1, 1, 1
12.752980000000001, 1, 0, 1, 1, 1, 1, 1, 1
12.794350000000001, 1, 0, 0, 1, 1, 1, 1, 1
12.795280000000002, 1, 0, 1, 1, 1, 1, 1, 1
12.796660000000001, 1, 0, 0, 1, 1, 1, 1, 1
12.797130000000001, 1, 0, 1, 1, 1, 1, 1, 1
12.797190000000001, 1, 0, 0, 1, 1, 1, 1, 1
12.797300000000002, 1, 0, 1, 1, 1, 1, 1, 1
12.797350000000002, 1, 0, 0, 1, 1, 1, 1, 1
12.797510000000001, 1, 0, 1, 1, 1, 1, 1, 1
12.797610000000001, 1, 0, 0, 1, 1, 1, 1, 1
12.797660000000000, 1, 0, 1, 1, 1, 1, 1, 1
12.798660000000002, 1, 0, 0, 1, 1, 1, 1, 1
12.798710000000002, 1, 0, 1, 1, 1, 1, 1, 1
12.798770000000001, 1, 0, 0, 1, 1, 1, 1, 1
12.799130000000002, 1, 0, 1, 1, 1, 1, 1, 1
12.799190000000001, 1, 0, 0, 1, 1, 1, 1, 1
12.799290000000001, 1, 0, 1, 1, 1, 1, 1, 1
12.799350000000000, 1, 0, 0, 1, 1, 1, 1, 1
12.799660000000001, 1, 0, 1, 1, 1, 1, 1, 1
12.800650000000001, 1, 0, 0, 1, 1, 1, 1, 1
12.800700000000001, 1, 0, 1, 1, 1, 1, 1, 1
12.800760000000000, 1, 0, 0, 1, 1, 1, 1, 1
12.800910000000002, 1, 0, 1, 1, 1, 1, 1, 1
12.801020000000001, 1, 0, 0, 1, 1, 1, 1, 1
12.801120000000001, 1, 0, 1, 1, 1, 1, 1, 1
12.814600000000000, 1, 0, 0, 1, 1, 1, 1, 1
12.815530000000001, 1, 0, 1, 1, 1, 1, 1, 1
12.816840000000001, 1, 0, 0, 1, 1, 1, 1, 1
12.817050000000002, 1, 0, 1, 1, 1, 1, 1, 1
12.817100000000002, 1, 0, 0, 1, 1, 1, 1, 1
12.817150000000002, 1, 0, 1, 1, 1, 1, 1, 1
12.817200000000001, 1, 0, 0, 1, 1, 1, 1, 1
12.817310000000001, 1, 0, 1, 1, 1, 1, 1, 1
12.817370000000000, 1, 0, 0, 1, 1, 1, 1, 1
12.817420000000000, 1, 0, 1, 1, 1, 1, 1, 1
12.817470000000002, 1, 0, 0, 1, 1, 1, 1, 1
12.817630000000001, 1, 0, 1, 1, 1, 1, 1, 1
12.817780000000001, 1, 0, 0, 1, 1, 1, 1, 1
12.817840000000000, 1, 0, 1, 1, 1, 1, 1, 1
12.818790000000002, 1, 0, 0, 1, 1, 1, 1, 1
12.819100000000001, 1, 0, 1, 1, 1, 1, 1, 1
12.819150000000000, 1, 0, 0, 1, 1, 1, 1, 1
12.819260000000002, 1, 0, 1, 1, 1, 1, 1, 1
12.820760000000002, 1, 0, 0, 1, 1, 1, 1, 1
12.820920000000001, 1, 0, 1, 1, 1, 1, 1, 1
12.820970000000001, 1, 0, 0, 1, 1, 1, 1, 1
12.821020000000001, 1, 0, 1, 1, 1, 1, 1, 1
12.821070000000001, 1, 0, 0, 1, 1, 1, 1, 1
12.821180000000002, 1, 0, 1, 1, 1, 1, 1, 1
12.825030000000002, 1, 1, 1, 1, 1, 1, 1, 1
12.825060000000001, 0, 1, 0, 1, 1, 1, 1, 1
12.825990000000001, 1, 1, 1, 1, 1, 1, 1, 1
12.826060000000002, 0, 1, 0, 1, 1, 1, 1, 1
12.826470000000000, 1, 1, 1, 1, 1, 1, 1, 1
12.826620000000002, 0, 1, 1, 1, 1, 1, 1, 1
12.826630000000002, 0, 1, 0, 1, 1, 1, 1, 1
12.826680000000001, 1, 1, 1, 1, 1, 1, 1, 1
12.826780000000001, 0, 1, 0, 1, 1, 1, 1, 1
12.827040000000000, 1, 1, 1, 1, 1, 1, 1, 1
12.827300000000001, 1, 0, 1, 1, 1, 1, 1, 1
12.827520000000002, 1, 1, 1, 1, 1, 1, 1, 1
12.827540000000001, 0, 1, 0, 1, 1, 1, 1, 1
12.827590000000001, 1, 1, 1, 1, 1, 1, 1, 1
12.827640000000001, 0, 1, 0, 1, 1, 1, 1, 1
12.827740000000000, 1, 1, 1, 1, 1, 1, 1, 1
12.827790000000000, 0, 1, 1, 1, 1, 1, 1, 1
12.827800000000002, 0, 1, 0, 1, 1, 1, 1, 1
12.827850000000002, 1, 1, 1, 1, 1, 1, 1, 1
12.827900000000001, 0, 1, 0, 1, 1, 1, 1, 1
12.828000000000001, 1, 1, 1, 1, 1, 1, 1, 1
12.828060000000001, 0, 1, 0, 1, 1, 1, 1, 1
12.828530000000001, 1, 1, 1, 1, 1, 1, 1, 1
12.828600000000002, 0, 1, 0, 1, 1, 1, 1, 1
12.828860000000001, 1, 1, 1, 1, 1, 1, 1, 1
12.828910000000000, 0, 1, 0, 1, 1, 1, 1, 1
12.829070000000002, 1, 1, 1, 1, 1, 1, 1, 1
12.829130000000001, 1, 0, 1, 1, 1, 1, 1, 1
12.829320000000001, 1, 1, 1, 1, 1, 1, 1, 1
12.829340000000000, 0, 1, 0, 1, 1, 1, 1, 1
12.829440000000002, 1, 1, 1, 1, 1, 1, 1, 1
12.829490000000002, 0, 1, 0, 1, 1, 1, 1, 1
12.829540000000001, 1, 1, 1, 1, 1, 1, 1, 1
12.829700000000001, 0, 1, 0, 1, 1, 1, 1, 1
12.829800000000001, 1, 1, 1, 1, 1, 1, 1, 1
12.829930000000001, 1, 0, 1, 1, 1, 1, 1, 1
12.847600000000002, 1, 0, 0, 1, 1, 1, 1, 1
12.848530000000000, 1, 0, 1, 1, 1, 1, 1, 1
12.849600000000001, 1, 0, 0, 1, 1, 1, 1, 1
12.849660000000002, 1, 0, 1, 1, 1, 1, 1, 1
12.849710000000002, 1, 0, 0, 1, 1, 1, 1, 1
12.850020000000001, 1, 0, 1, 1, 1, 1, 1, 1
12.850130000000002, 1, 0, 0, 1, 1, 1, 1, 1
12.850240000000001, 1, 0, 1, 1, 1, 1, 1, 1
12.850290000000001, 1, 0, 0, 1, 1, 1, 1, 1
12.850550000000002, 1, 0, 1, 1, 1, 1, 1, 1
12.851570000000001, 1, 0, 0, 1, 1, 1, 1, 1
12.851630000000002, 1, 0, 1, 1, 1, 1, 1, 1
12.851680000000002, 1, 0, 0, 1, 1, 1, 1, 1
12.852040000000001, 1, 0, 1, 1, 1, 1, 1, 1
12.852120000000001, 1, 0, 0, 1, 1, 1, 1, 1
12.852540000000001, 1, 0, 1, 1, 1, 1, 1, 1
12.853550000000000, 1, 0, 0, 1, 1, 1, 1, 1
12.853600000000002, 1, 0, 1, 1, 1, 1, 1, 1
12.853860000000001, 1, 0, 0, 1, 1, 1, 1, 1
12.853910000000001, 1, 0, 1, 1, 1, 1, 1, 1
12.853970000000000, 1, 0, 0, 1, 1, 1, 1, 1
12.854020000000000, 1, 0, 1, 1, 1, 1, 1, 1
12.893300000000002, 1, 0, 0, 1, 1, 1, 1, 1
12.894230000000000, 1, 0, 1, 1, 1, 1, 1, 1
12.895280000000001, 1, 0, 0, 1, 1, 1, 1, 1
12.895750000000001, 1, 0, 1, 1, 1, 1, 1, 1
12.895810000000001, 1, 0, 0, 1, 1, 1, 1, 1
12.895920000000000, 1, 0, 1, 1, 1, 1, 1, 1
12.895970000000002, 1, 0, 0, 1, 1, 1, 1, 1
12.896070000000002, 1, 0, 1, 1, 1, 1, 1, 1
12.896130000000001, 1, 0, 0, 1, 1, 1, 1, 1
12.896230000000001, 1, 0, 1, 1, 1, 1, 1, 1
12.897310000000001, 1, 0, 0, 1, 1, 1, 1, 1
12.897360000000001, 1, 0, 1, 1, 1, 1, 1, 1
12.897410000000001, 1, 0, 0, 1, 1, 1, 1, 1
12.897780000000001, 1, 0, 1, 1, 1, 1, 1, 1
12.897840000000000, 1, 0, 0, 1, 1, 1, 1, 1
12.897940000000000, 1, 0, 1, 1, 1, 1, 1, 1
12.898000000000001, 1, 0, 0, 1, 1, 1, 1, 1
12.898310000000000, 1, 0, 1, 1, 1, 1, 1, 1
12.899490000000002, 1, 0, 0, 1, 1, 1, 1, 1
12.899540000000002, 1, 0, 1, 1, 1, 1, 1, 1
12.899590000000002, 1, 0, 0, 1, 1, 1, 1, 1
12.899650000000001, 1, 0, 1, 1, 1, 1, 1, 1
12.899800000000001, 1, 0, 0, 1, 1, 1, 1, 1
12.899850000000001, 1, 0, 1, 1, 1, 1, 1, 1
12.899910000000000, 1, 0, 0, 1, 1, 1, 1, 1
12.899960000000002, 1, 0, 1, 1, 1, 1, 1, 1
12.913620000000002, 1, 0, 0, 1, 1, 1, 1, 1
12.914550000000000, 1, 0, 1, 1, 1, 1, 1, 1
12.915580000000000, 1, 0, 0, 1, 1, 1, 1, 1
12.915790000000001, 1, 0, 1, 1, 1, 1, 1, 1
12.915840000000001, 1, 0, 0, 1, 1, 1, 1, 1
12.915900000000001, 1, 0, 1, 1, 1, 1, 1, 1
12.915950000000000, 1, 0, 0, 1, 1, 1, 1, 1
12.916050000000000, 1, 0, 1, 1, 1, 1, 1, 1
12.916120000000001, 1, 0, 0, 1, 1, 1, 1, 1
12.916170000000001, 1, 0, 1, 1, 1, 1, 1, 1
12.916230000000001, 1, 0, 0, 1, 1, 1, 1, 1
12.916440000000001, 1, 0, 1, 1, 1, 1, 1, 1
12.916490000000001, 1, 0, 0, 1, 1, 1, 1, 1
12.916540000000001, 1, 0, 1, 1, 1, 1, 1, 1
12.917640000000000, 1, 0, 0, 1, 1, 1, 1, 1
12.917950000000001, 1, 0, 1, 1, 1, 1, 1, 1
12.918000000000001, 1, 0, 0, 1, 1, 1, 1, 1
12.918110000000000, 1, 0, 1, 1, 1, 1, 1, 1
12.919590000000001, 1, 0, 0, 1, 1, 1, 1, 1
12.919700000000001, 1, 0, 1, 1, 1, 1, 1, 1
12.919850000000000, 1, 0, 0, 1, 1, 1, 1, 1
12.919900000000002, 1, 0, 1, 1, 1, 1, 1, 1
12.919960000000001, 1, 0, 0, 1, 1, 1, 1, 1
12.920060000000001, 1, 0, 1, 1, 1, 1, 1, 1
12.923890000000002, 1, 1, 1, 1, 1, 1, 1, 1
12.923910000000001, 0, 1, 0, 1, 1, 1, 1, 1
12.924840000000001, 1, 1, 1, 1, 1, 1, 1, 1
12.924910000000001, 0, 1, 0, 1, 1, 1, 1, 1
12.925320000000001, 1, 1, 1, 1, 1, 1, 1, 1
12.925480000000000, 0, 1, 0, 1, 1, 1, 1, 1
12.925530000000000, 1, 1, 1, 1, 1, 1, 1, 1
12.925630000000002, 0, 1, 0, 1, 1, 1, 1, 1
12.925730000000001, 1, 1, 1, 1, 1, 1, 1, 1
12.925840000000001, 0, 1, 0, 1, 1, 1, 1, 1
12.925890000000001, 1, 1, 1, 1, 1, 1, 1, 1
12.926060000000001, 1, 0, 1, 1, 1, 1, 1, 1
12.926240000000002, 1, 1, 1, 1, 1, 1, 1, 1
12.926260000000001, 0, 1, 0, 1, 1, 1, 1, 1
12.926310000000001, 1, 1, 1, 1, 1, 1, 1, 1
12.926360000000001, 0, 1, 0, 1, 1, 1, 1, 1
12.926460000000001, 1, 1, 1, 1, 1, 1, 1, 1
12.926520000000002, 0, 1, 0, 1, 1, 1, 1, 1
12.926570000000002, 1, 1, 1, 1, 1, 1, 1, 1
12.926620000000002, 0, 1, 0, 1, 1, 1, 1, 1
12.926720000000001, 1, 1, 1, 1, 1, 1, 1, 1
12.926790000000000, 0, 1, 0, 1, 1, 1, 1, 1
12.927250000000001, 1, 1, 1, 1, 1, 1, 1, 1
12.927330000000001, 0, 1, 0, 1, 1, 1, 1, 1
12.927580000000001, 1, 1, 1, 1, 1, 1, 1, 1
12.927630000000001, 0, 1, 0, 1, 1, 1, 1, 1
12.927790000000002, 1, 1, 1, 1, 1, 1, 1, 1
12.927860000000001, 1, 0, 1, 1, 1, 1, 1, 1
12.928040000000001, 1, 1, 1, 1, 1, 1, 1, 1
12.928060000000000, 0, 1, 0, 1, 1, 1, 1, 1
12.928110000000000, 1, 1, 1, 1, 1, 1, 1, 1
12.928210000000002, 0, 1, 0, 1, 1, 1, 1, 1
12.928320000000001, 1, 1, 1, 1, 1, 1, 1, 1
12.928370000000001, 0, 1, 0, 1, 1, 1, 1, 1
12.928470000000001, 1, 1, 1, 1, 1, 1, 1, 1
12.928650000000001, 1, 0, 1, 1, 1, 1, 1, 1
12.946130000000002, 1, 0, 0, 1, 1, 1, 1, 1
12.947060000000000, 1, 0, 1, 1, 1, 1, 1, 1
12.948170000000001, 1, 0, 0, 1, 1, 1, 1, 1
12.948590000000001, 1, 0, 1, 1, 1, 1, 1, 1
12.948720000000002, 1, 0, 0, 1, 1, 1, 1, 1
12.948820000000001, 1, 0, 1, 1, 1, 1, 1, 1
12.948880000000001, 1, 0, 0, 1, 1, 1, 1, 1
12.948980000000001, 1, 0, 1, 1, 1, 1, 1, 1
12.949090000000002, 1, 0, 0, 1, 1, 1, 1, 1
12.949140000000002, 1, 0, 1, 1, 1, 1, 1, 1
12.950270000000002, 1, 0, 0, 1, 1, 1, 1, 1
12.950320000000001, 1, 0, 1, 1, 1, 1, 1, 1
12.950380000000001, 1, 0, 0, 1, 1, 1, 1, 1
12.950740000000001, 1, 0, 1, 1, 1, 1, 1, 1
12.950800000000001, 1, 0, 0, 1, 1, 1, 1, 1
12.951220000000001, 1, 0, 1, 1, 1, 1, 1, 1
12.952450000000001, 1, 0, 0, 1, 1, 1, 1, 1
12.952660000000002, 1, 0, 1, 1, 1, 1, 1, 1
12.952720000000001, 1, 0, 0, 1, 1, 1, 1, 1
12.952770000000001, 1, 0, 1, 1, 1, 1, 1, 1
12.952820000000001, 1, 0, 0, 1, 1, 1, 1, 1
12.952870000000001, 1, 0, 1, 1, 1, 1, 1, 1
12.994190000000001, 1, 0, 0, 1, 1, 1, 1, 1
12.995120000000002, 1, 0, 1, 1, 1, 1, 1, 1
12.996170000000001, 1, 0, 0, 1, 1, 1, 1, 1
12.996640000000001, 1, 0, 1, 1, 1, 1, 1, 1
12.996740000000001, 1, 0, 0, 1, 1, 1, 1, 1
12.996840000000001, 1, 0, 1, 1, 1, 1, 1, 1
12.996900000000002, 1, 0, 0, 1, 1, 1, 1, 1
12.997100000000001, 1, 0, 1, 1, 1, 1, 1, 1
12.998210000000000, 1, 0, 0, 1, 1, 1, 1, 1
12.998270000000002, 1, 0, 1, 1, 1, 1, 1, 1
12.998320000000001, 1, 0, 0, 1, 1, 1, 1, 1
12.998680000000000, 1, 0, 1, 1, 1, 1, 1, 1
12.998760000000001, 1, 0, 0, 1, 1, 1, 1, 1
12.998860000000001, 1, 0, 1, 1, 1, 1, 1, 1
12.998910000000000, 1, 0, 0, 1, 1, 1, 1, 1
12.999220000000001, 1, 0, 1, 1, 1, 1, 1, 1
13.000190000000002, 1, 0, 0, 1, 1, 1, 1, 1
13.000250000000001, 1, 0, 1, 1, 1, 1, 1, 1
13.000300000000001, 1, 0, 0, 1, 1, 1, 1, 1
13.000400000000001, 1, 0, 1, 1, 1, 1, 1, 1
13.000610000000002, 1, 0, 0, 1, 1, 1, 1, 1
13.000660000000002, 1, 0, 1, 1, 1, 1, 1, 1
13.014440000000000, 1, 0, 0, 1, 1, 1, 1, 1
13.015370000000001, 1, 0, 1, 1, 1, 1, 1, 1
13.016410000000000, 1, 0, 0, 1, 1, 1, 1, 1
13.016610000000002, 1, 0, 1, 1, 1, 1, 1, 1
13.016670000000001, 1, 0, 0, 1, 1, 1, 1, 1
13.016720000000001, 1, 0, 1, 1, 1, 1, 1, 1
13.016770000000001, 1, 0, 0, 1, 1, 1, 1, 1
13.016880000000000, 1, 0, 1, 1, 1, 1, 1, 1
13.016940000000002, 1, 0, 0, 1, 1, 1, 1, 1
13.016990000000002, 1, 0, 1, 1, 1, 1, 1, 1
13.017040000000001, 1, 0, 0, 1, 1, 1, 1, 1
13.017200000000001, 1, 0, 1, 1, 1, 1, 1, 1
13.017250000000001, 1, 0, 0, 1, 1, 1, 1, 1
13.017310000000002, 1, 0, 1, 1, 1, 1, 1, 1
13.018450000000001, 1, 0, 0, 1, 1, 1, 1, 1
13.018760000000000, 1, 0, 1, 1, 1, 1, 1, 1
13.018810000000000, 1, 0, 0, 1, 1, 1, 1, 1
13.018920000000001, 1, 0, 1, 1, 1, 1, 1, 1
13.020410000000002, 1, 0, 0, 1, 1, 1, 1, 1
13.020560000000001, 1, 0, 1, 1, 1, 1, 1, 1
13.020670000000001, 1, 0, 0, 1, 1, 1, 1, 1
13.020820000000001, 1, 0, 1, 1, 1, 1, 1, 1
13.024780000000002, 1, 1, 1, 1, 1, 1, 1, 1
13.024810000000000, 0, 1, 0, 1, 1, 1, 1, 1
13.025740000000001, 1, 1, 1, 1, 1, 1, 1, 1
13.025810000000002, 0, 1, 0, 1, 1, 1, 1, 1
13.026220000000000, 1, 1, 1, 1, 1, 1, 1, 1
13.026370000000002, 0, 1, 0, 1, 1, 1, 1, 1
13.026420000000002, 1, 1, 1, 1, 1, 1, 1, 1
13.026530000000001, 0, 1, 0, 1, 1, 1, 1, 1
13.026680000000001, 1, 1, 1, 1, 1, 1, 1, 1
13.026950000000001, 1, 0, 1, 1, 1, 1, 1, 1
13.027140000000001, 1, 1, 1, 1, 1, 1, 1, 1
13.027150000000001, 0, 1, 0, 1, 1, 1, 1, 1
13.027210000000000, 1, 1, 1, 1, 1, 1, 1, 1
13.027260000000002, 0, 1, 0, 1, 1, 1, 1, 1
13.027360000000002, 1, 1, 1, 1, 1, 1, 1, 1
13.027410000000001, 0, 1, 0, 1, 1, 1, 1, 1
13.027460000000001, 1, 1, 1, 1, 1, 1, 1, 1
13.027510000000001, 0, 1, 0, 1, 1, 1, 1, 1
13.027620000000001, 1, 1, 1, 1, 1, 1, 1, 1
13.027680000000002, 0, 1, 0, 1, 1, 1, 1, 1
13.028140000000000, 1, 1, 1, 1, 1, 1, 1, 1
13.028220000000001, 0, 1, 0, 1, 1, 1, 1, 1
13.028480000000002, 1, 1, 1, 1, 1, 1, 1, 1
13.028530000000002, 0, 1, 0, 1, 1, 1, 1, 1
13.028680000000001, 1, 1, 1, 1, 1, 1, 1, 1
13.028750000000000, 1, 0, 1, 1, 1, 1, 1, 1
13.028940000000000, 1, 1, 1, 1, 1, 1, 1, 1
13.028950000000002, 0, 1, 0, 1, 1, 1, 1, 1
13.029000000000002, 1, 1, 1, 1, 1, 1, 1, 1
13.029210000000001, 0, 1, 0, 1, 1, 1, 1, 1
13.029260000000001, 1, 1, 1, 1, 1, 1, 1, 1
13.029360000000000, 0, 1, 1, 1, 1, 1, 1, 1
13.029370000000002, 0, 1, 0, 1, 1, 1, 1, 1
13.029420000000002, 1, 1, 1, 1, 1, 1, 1, 1
13.029540000000001, 1, 0, 1, 1, 1, 1, 1, 1
13.047170000000001, 1, 0, 0, 1, 1, 1, 1, 1
13.048100000000002, 1, 0, 1, 1, 1, 1, 1, 1
13.049190000000001, 1, 0, 0, 1, 1, 1, 1, 1
13.049240000000001, 1, 0, 1, 1, 1, 1, 1, 1
13.049600000000002, 1, 0, 0, 1, 1, 1, 1, 1
13.049650000000002, 1, 0, 1, 1, 1, 1, 1, 1
13.049710000000001, 1, 0, 0, 1, 1, 1, 1, 1
13.049820000000000, 1, 0, 1, 1, 1, 1, 1, 1
13.049870000000000, 1, 0, 0, 1, 1, 1, 1, 1
13.050030000000001, 1, 0, 1, 1, 1, 1, 1, 1
13.051160000000001, 1, 0, 0, 1, 1, 1, 1, 1
13.051210000000001, 1, 0, 1, 1, 1, 1, 1, 1
13.051270000000001, 1, 0, 0, 1, 1, 1, 1, 1
13.051630000000001, 1, 0, 1, 1, 1, 1, 1, 1
13.051690000000001, 1, 0, 0, 1, 1, 1, 1, 1
13.052110000000001, 1, 0, 1, 1, 1, 1, 1, 1
13.053460000000001, 1, 0, 0, 1, 1, 1, 1, 1
13.053510000000001, 1, 0, 1, 1, 1, 1, 1, 1
13.053560000000001, 1, 0, 0, 1, 1, 1, 1, 1
13.053610000000001, 1, 0, 1, 1, 1, 1, 1, 1
13.053770000000002, 1, 0, 0, 1, 1, 1, 1, 1
13.053820000000002, 1, 0, 1, 1, 1, 1, 1, 1
13.053880000000001, 1, 0, 0, 1, 1, 1, 1, 1
13.053930000000001, 1, 0, 1, 1, 1, 1, 1, 1
13.095200000000002, 1, 0, 0, 1, 1, 1, 1, 1
13.096130000000000, 1, 0, 1, 1, 1, 1, 1, 1
13.097190000000001, 1, 0, 0, 1, 1, 1, 1, 1
13.097660000000001, 1, 0, 1, 1, 1, 1, 1, 1
13.097720000000001, 1, 0, 0, 1, 1, 1, 1, 1
13.097820000000000, 1, 0, 1, 1, 1, 1, 1, 1
13.097870000000000, 1, 0, 0, 1, 1, 1, 1, 1
13.097980000000002, 1, 0, 1, 1, 1, 1, 1, 1
13.099220000000001, 1, 0, 0, 1, 1, 1, 1, 1
13.099270000000001, 1, 0, 1, 1, 1, 1, 1, 1
13.099320000000001, 1, 0, 0, 1, 1, 1, 1, 1
13.099690000000001, 1, 0, 1, 1, 1, 1, 1, 1
13.099750000000000, 1, 0, 0, 1, 1, 1, 1, 1
13.099850000000002, 1, 0, 1, 1, 1, 1, 1, 1
13.099910000000001, 1, 0, 0, 1, 1, 1, 1, 1
13.100220000000000, 1, 0, 1, 1, 1, 1, 1, 1
13.101210000000002, 1, 0, 0, 1, 1, 1, 1, 1
13.101420000000001, 1, 0, 1, 1, 1, 1, 1, 1
13.101520000000001, 1, 0, 0, 1, 1, 1, 1, 1
13.101630000000002, 1, 0, 1, 1, 1, 1, 1, 1
13.115450000000001, 1, 0, 0, 1, 1, 1, 1, 1
13.116380000000001, 1, 0, 1, 1, 1, 1, 1, 1
13.117470000000001, 1, 0, 0, 1, 1, 1, 1, 1
13.117680000000002, 1, 0, 1, 1, 1, 1, 1, 1
13.117730000000002, 1, 0, 0, 1, 1, 1, 1, 1
13.117780000000002, 1, 0, 1, 1, 1, 1, 1, 1
13.117840000000001, 1, 0, 0, 1, 1, 1, 1, 1
13.117940000000001, 1, 0, 1, 1, 1, 1, 1, 1
13.118000000000000, 1, 0, 0, 1, 1, 1, 1, 1
13.118050000000000, 1, 0, 1, 1, 1, 1, 1, 1
13.118100000000002, 1, 0, 0, 1, 1, 1, 1, 1
13.118470000000000, 1, 0, 1, 1, 1, 1, 1, 1
13.119470000000002, 1, 0, 0, 1, 1, 1, 1, 1
13.119780000000000, 1, 0, 1, 1, 1, 1, 1, 1
13.119840000000002, 1, 0, 0, 1, 1, 1, 1, 1
13.119940000000001, 1, 0, 1, 1, 1, 1, 1, 1
13.121430000000002, 1, 0, 0, 1, 1, 1, 1, 1
13.121530000000002, 1, 0, 1, 1, 1, 1, 1, 1
13.121640000000001, 1, 0, 0, 1, 1, 1, 1, 1
13.121690000000001, 1, 0, 1, 1, 1, 1, 1, 1
13.121800000000000, 1, 0, 0, 1, 1, 1, 1, 1
13.121900000000002, 1, 0, 1, 1, 1, 1, 1, 1
13.125850000000002, 1, 1, 1, 1, 1, 1, 1, 1
13.125880000000000, 0, 1, 0, 1, 1, 1, 1, 1
13.126800000000001, 1, 1, 1, 1, 1, 1, 1, 1
13.126870000000000, 0, 1, 0, 1, 1, 1, 1, 1
13.127280000000001, 1, 1, 1, 1, 1, 1, 1, 1
13.127440000000002, 0, 1, 0, 1, 1, 1, 1, 1
13.127490000000002, 1, 1, 1, 1, 1, 1, 1, 1
13.127590000000001, 0, 1, 0, 1, 1, 1, 1, 1
13.127700000000001, 1, 1, 1, 1, 1, 1, 1, 1
13.127750000000001, 0, 1, 0, 1, 1, 1, 1, 1
13.127900000000000, 1, 1, 1, 1, 1, 1, 1, 1
13.128020000000001, 1, 0, 1, 1, 1, 1, 1, 1
13.128200000000001, 1, 1, 1, 1, 1, 1, 1, 1
13.128220000000001, 0, 1, 0, 1, 1, 1, 1, 1
13.128270000000001, 1, 1, 1, 1, 1, 1, 1, 1
13.128320000000000, 0, 1, 0, 1, 1, 1, 1, 1
13.128430000000002, 1, 1, 1, 1, 1, 1, 1, 1
13.128480000000001, 0, 1, 0, 1, 1, 1, 1, 1
13.128530000000001, 1, 1, 1, 1, 1, 1, 1, 1
13.128580000000001, 0, 1, 0, 1, 1, 1, 1, 1
13.128680000000001, 1, 1, 1, 1, 1, 1, 1, 1
13.128750000000002, 0, 1, 0, 1, 1, 1, 1, 1
13.129210000000000, 1, 1, 1, 1, 1, 1, 1, 1
13.129290000000001, 0, 1, 0, 1, 1, 1, 1, 1
13.129540000000000, 1, 1, 1, 1, 1, 1, 1, 1
13.129600000000002, 0, 1, 0, 1, 1, 1, 1, 1
13.129750000000001, 1, 1, 1, 1, 1, 1, 1, 1
13.129820000000000, 1, 0, 1, 1, 1, 1, 1, 1
13.130000000000001, 1, 1, 1, 1, 1, 1, 1, 1
13.130020000000002, 0, 1, 0, 1, 1, 1, 1, 1
13.130170000000001, 1, 1, 1, 1, 1, 1, 1, 1
13.130280000000001, 0, 1, 0, 1, 1, 1, 1, 1
13.130330000000001, 1, 1, 1, 1, 1, 1, 1, 1
13.130430000000000, 0, 1, 0, 1, 1, 1, 1, 1
13.130480000000000, 1, 1, 1, 1, 1, 1, 1, 1
13.130610000000001, 1, 0, 1, 1, 1, 1, 1, 1
13.148010000000001, 1, 0, 0, 1, 1, 1, 1, 1
13.148940000000001, 1, 0, 1, 1, 1, 1, 1, 1
13.149990000000001, 1, 0, 0, 1, 1, 1, 1, 1
13.150100000000002, 1, 0, 1, 1, 1, 1, 1, 1
13.150410000000001, 1, 0, 0, 1, 1, 1, 1, 1
13.150460000000001, 1, 0, 1, 1, 1, 1, 1, 1
13.150520000000000, 1, 0, 0, 1, 1, 1, 1, 1
13.150630000000001, 1, 0, 1, 1, 1, 1, 1, 1
13.150680000000001, 1, 0, 0, 1, 1, 1, 1, 1
13.150780000000001, 1, 0, 1, 1, 1, 1, 1, 1
13.150840000000001, 1, 0, 0, 1, 1, 1, 1, 1
13.150990000000002, 1, 0, 1, 1, 1, 1, 1, 1
13.152010000000001, 1, 0, 0, 1, 1, 1, 1, 1
13.152060000000001, 1, 0, 1, 1, 1, 1, 1, 1
13.152110000000000, 1, 0, 0, 1, 1, 1, 1, 1
13.152480000000001, 1, 0, 1, 1, 1, 1, 1, 1
13.152540000000002, 1, 0, 0, 1, 1, 1, 1, 1
13.152960000000000, 1, 0, 1, 1, 1, 1, 1, 1
13.154000000000002, 1, 0, 0, 1, 1, 1, 1, 1
13.154050000000002, 1, 0, 1, 1, 1, 1, 1, 1
13.154210000000001, 1, 0, 0, 1, 1, 1, 1, 1
13.154310000000001, 1, 0, 1, 1, 1, 1, 1, 1
13.154360000000000, 1, 0, 0, 1, 1, 1, 1, 1
13.154470000000002, 1, 0, 1, 1, 1, 1, 1, 1
13.195880000000001, 1, 0, 0, 1, 1, 1, 1, 1
13.196810000000001, 1, 0, 1, 1, 1, 1, 1, 1
13.198060000000002, 1, 0, 0, 1, 1, 1, 1, 1
13.198530000000002, 1, 0, 1, 1, 1, 1, 1, 1
13.198590000000001, 1, 0, 0, 1, 1, 1, 1, 1
13.198700000000001, 1, 0, 1, 1, 1, 1, 1, 1
13.198750000000000, 1, 0, 0, 1, 1, 1, 1, 1
13.198910000000001, 1, 0, 1, 1, 1, 1, 1, 1
13.198960000000001, 1, 0, 0, 1, 1, 1, 1, 1
13.199060000000001, 1, 0, 1, 1, 1, 1, 1, 1
13.200030000000002, 1, 0, 0, 1, 1, 1, 1, 1
13.200080000000002, 1, 0, 1, 1, 1, 1, 1, 1
13.200130000000001, 1, 0, 0, 1, 1, 1, 1, 1
13.200500000000002, 1, 0, 1, 1, 1, 1, 1, 1
13.200560000000001, 1, 0, 0, 1, 1, 1, 1, 1
13.200660000000001, 1, 0, 1, 1, 1, 1, 1, 1
13.200710000000001, 1, 0, 0, 1, 1, 1, 1, 1
13.201030000000001, 1, 0, 1, 1, 1, 1, 1, 1
13.202000000000002, 1, 0, 0, 1, 1, 1, 1, 1
13.202050000000002, 1, 0, 1, 1, 1, 1, 1, 1
13.202200000000001, 1, 0, 0, 1, 1, 1, 1, 1
13.202260000000001, 1, 0, 1, 1, 1, 1, 1, 1
13.202360000000001, 1, 0, 0, 1, 1, 1, 1, 1
13.202410000000000, 1, 0, 1, 1, 1, 1, 1, 1
13.216110000000000, 1, 0, 0, 1, 1, 1, 1, 1
13.217040000000001, 1, 0, 1, 1, 1, 1, 1, 1
13.218250000000001, 1, 0, 0, 1, 1, 1, 1, 1
13.218460000000000, 1, 0, 1, 1, 1, 1, 1, 1
13.218510000000000, 1, 0, 0, 1, 1, 1, 1, 1
13.218570000000001, 1, 0, 1, 1, 1, 1, 1, 1
13.218620000000001, 1, 0, 0, 1, 1, 1, 1, 1
13.218720000000001, 1, 0, 1, 1, 1, 1, 1, 1
13.218780000000001, 1, 0, 0, 1, 1, 1, 1, 1
13.218840000000002, 1, 0, 1, 1, 1, 1, 1, 1
13.218890000000002, 1, 0, 0, 1, 1, 1, 1, 1
13.219040000000001, 1, 0, 1, 1, 1, 1, 1, 1
13.219150000000001, 1, 0, 0, 1, 1, 1, 1, 1
13.219250000000001, 1, 0, 1, 1, 1, 1, 1, 1
13.220290000000000, 1, 0, 0, 1, 1, 1, 1, 1
13.220600000000001, 1, 0, 1, 1, 1, 1, 1, 1
13.220650000000001, 1, 0, 0, 1, 1, 1, 1, 1
13.220750000000001, 1, 0, 1, 1, 1, 1, 1, 1
13.222240000000001, 1, 0, 0, 1, 1, 1, 1, 1
13.222290000000001, 1, 0, 1, 1, 1, 1, 1, 1
13.222500000000002, 1, 0, 0, 1, 1, 1, 1, 1
13.222600000000002, 1, 0, 1, 1, 1, 1, 1, 1
13.226820000000002, 1, 1, 1, 1, 1, 1, 1, 1
13.226840000000001, 0, 1, 0, 1, 1, 1, 1, 1
13.227770000000001, 1, 1, 1, 1, 1, 1, 1, 1
13.227840000000000, 0, 1, 0, 1, 1, 1, 1, 1
13.228250000000001, 1, 1, 1, 1, 1, 1, 1, 1
13.228410000000000, 0, 1, 0, 1, 1, 1, 1, 1
13.228460000000002, 1, 1, 1, 1, 1, 1, 1, 1
13.228560000000002, 0, 1, 0, 1, 1, 1, 1, 1
13.228770000000001, 1, 1, 1, 1, 1, 1, 1, 1
13.228820000000001, 0, 1, 0, 1, 1, 1, 1, 1
13.228870000000001, 1, 1, 1, 1, 1, 1, 1, 1
13.228990000000001, 1, 0, 1, 1, 1, 1, 1, 1
13.229170000000002, 1, 1, 1, 1, 1, 1, 1, 1
13.229190000000001, 0, 1, 0, 1, 1, 1, 1, 1
13.229240000000001, 1, 1, 1, 1, 1, 1, 1, 1
13.229290000000001, 0, 1, 0, 1, 1, 1, 1, 1
13.229390000000000, 1, 1, 1, 1, 1, 1, 1, 1
13.229450000000002, 0, 1, 0, 1, 1, 1, 1, 1
13.229500000000002, 1, 1, 1, 1, 1, 1, 1, 1
13.229550000000001, 0, 1, 0, 1, 1, 1, 1, 1
13.229650000000001, 1, 1, 1, 1, 1, 1, 1, 1
13.229720000000000, 0, 1, 0, 1, 1, 1, 1, 1
13.230180000000001, 1, 1, 1, 1, 1, 1, 1, 1
13.230250000000002, 0, 1, 0, 1, 1, 1, 1, 1
13.230510000000001, 1, 1, 1, 1, 1, 1, 1, 1
13.230560000000001, 0, 1, 0, 1, 1, 1, 1, 1
13.230720000000002, 1, 1, 1, 1, 1, 1, 1, 1
13.230790000000001, 1, 0, 1, 1, 1, 1, 1, 1
13.230970000000001, 1, 1, 1, 1, 1, 1, 1, 1
13.230990000000000, 0, 1, 0, 1, 1, 1, 1, 1
13.231250000000001, 1, 1, 1, 1, 1, 1, 1, 1
13.231300000000001, 0, 1, 0, 1, 1, 1, 1, 1
13.231400000000001, 1, 1, 1, 1, 1, 1, 1, 1
13.231580000000001, 1, 0, 1, 1, 1, 1, 1, 1
13.249730000000001, 1, 0, 0, 1, 1, 1, 1, 1
13.250660000000002, 1, 0, 1, 1, 1, 1, 1, 1
13.251730000000000, 1, 0, 0, 1, 1, 1, 1, 1
13.251780000000002, 1, 0, 1, 1, 1, 1, 1, 1
13.251830000000002, 1, 0, 0, 1, 1, 1, 1, 1
13.251890000000001, 1, 0, 1, 1, 1, 1, 1, 1
13.252150000000000, 1, 0, 0, 1, 1, 1, 1, 1
13.252200000000000, 1, 0, 1, 1, 1, 1, 1, 1
13.252260000000001, 1, 0, 0, 1, 1, 1, 1, 1
13.252360000000001, 1, 0, 1, 1, 1, 1, 1, 1
13.252420000000001, 1, 0, 0, 1, 1, 1, 1, 1
13.252620000000000, 1, 0, 1, 1, 1, 1, 1, 1
13.252680000000002, 1, 0, 0, 1, 1, 1, 1, 1
13.252730000000001, 1, 0, 1, 1, 1, 1, 1, 1
13.253730000000001, 1, 0, 0, 1, 1, 1, 1, 1
13.253790000000000, 1, 0, 1, 1, 1, 1, 1, 1
13.253840000000000, 1, 0, 0, 1, 1, 1, 1, 1
13.254200000000001, 1, 0, 1, 1, 1, 1, 1, 1
13.254260000000000, 1, 0, 0, 1, 1, 1, 1, 1
13.254680000000000, 1, 0, 1, 1, 1, 1, 1, 1
13.255730000000002, 1, 0, 0, 1, 1, 1, 1, 1
13.255780000000001, 1, 0, 1, 1, 1, 1, 1, 1
13.255840000000001, 1, 0, 0, 1, 1, 1, 1, 1
13.255940000000001, 1, 0, 1, 1, 1, 1, 1, 1
13.256100000000002, 1, 0, 0, 1, 1, 1, 1, 1
13.256200000000002, 1, 0, 1, 1, 1, 1, 1, 1
13.295760000000001, 1, 0, 0, 1, 1, 1, 1, 1
13.296690000000002, 1, 0, 1, 1, 1, 1, 1, 1
13.297790000000001, 1, 0, 0, 1, 1, 1, 1, 1
13.298260000000001, 1, 0, 1, 1, 1, 1, 1, 1
13.298340000000001, 1, 0, 0, 1, 1, 1, 1, 1
13.298440000000001, 1, 0, 1, 1, 1, 1, 1, 1
13.298490000000001, 1, 0, 0, 1, 1, 1, 1, 1
13.298600000000000, 1, 0, 1, 1, 1, 1, 1, 1
13.298650000000000, 1, 0, 0, 1, 1, 1, 1, 1
13.298700000000002, 1, 0, 1, 1, 1, 1, 1, 1
13.298750000000002, 1, 0, 0, 1, 1, 1, 1, 1
13.298810000000001, 1, 0, 1, 1, 1, 1, 1, 1
13.299750000000001, 1, 0, 0, 1, 1, 1, 1, 1
13.299810000000001, 1, 0, 1, 1, 1, 1, 1, 1
13.299860000000001, 1, 0, 0, 1, 1, 1, 1, 1
13.300220000000001, 1, 0, 1, 1, 1, 1, 1, 1
13.300280000000001, 1, 0, 0, 1, 1, 1, 1, 1
13.300390000000002, 1, 0, 1, 1, 1, 1, 1, 1
13.300440000000002, 1, 0, 0, 1, 1, 1, 1, 1
13.300750000000001, 1, 0, 1, 1, 1, 1, 1, 1
13.301650000000000, 1, 0, 0, 1, 1, 1, 1, 1
13.301920000000001, 1, 0, 1, 1, 1, 1, 1, 1
13.301970000000001, 1, 0, 0, 1, 1, 1, 1, 1
13.302020000000001, 1, 0, 1, 1, 1, 1, 1, 1
13.316010000000000, 1, 0, 0, 1, 1, 1, 1, 1
13.316940000000001, 1, 0, 1, 1, 1, 1, 1, 1
13.318020000000001, 1, 0, 0, 1, 1, 1, 1, 1
13.318230000000002, 1, 0, 1, 1, 1, 1, 1, 1
13.318280000000001, 1, 0, 0, 1, 1, 1, 1, 1
13.318330000000001, 1, 0, 1, 1, 1, 1, 1, 1
13.318390000000001, 1, 0, 0, 1, 1, 1, 1, 1
13.318490000000001, 1, 0, 1, 1, 1, 1, 1, 1
13.318550000000002, 1, 0, 0, 1, 1, 1, 1, 1
13.318600000000002, 1, 0, 1, 1, 1, 1, 1, 1
13.318660000000001, 1, 0, 0, 1, 1, 1, 1, 1
13.318860000000001, 1, 0, 1, 1, 1, 1, 1, 1
13.318970000000002, 1, 0, 0, 1, 1, 1, 1, 1
13.319020000000002, 1, 0, 1, 1, 1, 1, 1, 1
13.319970000000001, 1, 0, 0, 1, 1, 1, 1, 1
13.320290000000002, 1, 0, 1, 1, 1, 1, 1, 1
13.320340000000002, 1, 0, 0, 1, 1, 1, 1, 1
13.320440000000001, 1, 0, 1, 1, 1, 1, 1, 1
13.321950000000001, 1, 0, 0, 1, 1, 1, 1, 1
13.322000000000001, 1, 0, 1, 1, 1, 1, 1, 1
13.322110000000000, 1, 0, 0, 1, 1, 1, 1, 1
13.322320000000001, 1, 0, 1, 1, 1, 1, 1, 1
13.326310000000001, 1, 1, 1, 1, 1, 1, 1, 1
13.326340000000002, 0, 1, 0, 1, 1, 1, 1, 1
13.327270000000000, 1, 1, 1, 1, 1, 1, 1, 1
13.327470000000002, 0, 1, 0, 1, 1, 1, 1, 1
13.327880000000000, 1, 1, 1, 1, 1, 1, 1, 1
13.328060000000001, 0, 1, 0, 1, 1, 1, 1, 1
13.328110000000001, 1, 1, 1, 1, 1, 1, 1, 1
13.328210000000000, 0, 1, 0, 1, 1, 1, 1, 1
13.328320000000001, 1, 1, 1, 1, 1, 1, 1, 1
13.328470000000001, 0, 1, 0, 1, 1, 1, 1, 1
13.328520000000001, 1, 1, 1, 1, 1, 1, 1, 1
13.328640000000002, 1, 0, 1, 1, 1, 1, 1, 1
13.328820000000000, 1, 1, 1, 1, 1, 1, 1, 1
13.328840000000001, 0, 1, 0, 1, 1, 1, 1, 1
13.328890000000001, 1, 1, 1, 1, 1, 1, 1, 1
13.328940000000001, 0, 1, 0, 1, 1, 1, 1, 1
13.329040000000001, 1, 1, 1, 1, 1, 1, 1, 1
13.329090000000001, 0, 1, 0, 1, 1, 1, 1, 1
13.329150000000000, 1, 1, 1, 1, 1, 1, 1, 1
13.329200000000002, 0, 1, 0, 1, 1, 1, 1, 1
13.329300000000002, 1, 1, 1, 1, 1, 1, 1, 1
13.329360000000001, 0, 1, 0, 1, 1, 1, 1, 1
13.329830000000001, 1, 1, 1, 1, 1, 1, 1, 1
13.329900000000000, 0, 1, 0, 1, 1, 1, 1, 1
13.330160000000001, 1, 1, 1, 1, 1, 1, 1, 1
13.330210000000001, 0, 1, 0, 1, 1, 1, 1, 1
13.330370000000000, 1, 1, 1, 1, 1, 1, 1, 1
13.330430000000002, 1, 0, 1, 1, 1, 1, 1, 1
13.330620000000001, 1, 1, 1, 1, 1, 1, 1, 1
13.330640000000001, 0, 1, 0, 1, 1, 1, 1, 1
13.330690000000001, 1, 1, 1, 1, 1, 1, 1, 1
13.330740000000000, 0, 1, 0, 1, 1, 1, 1, 1
13.330840000000000, 1, 1, 1, 1, 1, 1, 1, 1
13.331000000000001, 0, 1, 0, 1, 1, 1, 1, 1
13.331100000000001, 1, 1, 1, 1, 1, 1, 1, 1
13.331230000000001, 1, 0, 1, 1, 1, 1, 1, 1
13.348550000000001, 1, 0, 0, 1, 1, 1, 1, 1
13.349480000000002, 1, 0, 1, 1, 1, 1, 1, 1
13.350540000000001, 1, 0, 0, 1, 1, 1, 1, 1
13.350700000000002, 1, 0, 1, 1, 1, 1, 1, 1
13.350960000000001, 1, 0, 0, 1, 1, 1, 1, 1
13.351010000000000, 1, 0, 1, 1, 1, 1, 1, 1
13.351070000000002, 1, 0, 0, 1, 1, 1, 1, 1
13.351180000000001, 1, 0, 1, 1, 1, 1, 1, 1
13.351230000000001, 1, 0, 0, 1, 1, 1, 1, 1
13.351330000000001, 1, 0, 1, 1, 1, 1, 1, 1
13.351490000000002, 1, 0, 0, 1, 1, 1, 1, 1
13.351540000000002, 1, 0, 1, 1, 1, 1, 1, 1
13.352520000000002, 1, 0, 0, 1, 1, 1, 1, 1
13.352570000000002, 1, 0, 1, 1, 1, 1, 1, 1
13.352630000000001, 1, 0, 0, 1, 1, 1, 1, 1
13.352990000000002, 1, 0, 1, 1, 1, 1, 1, 1
13.353050000000001, 1, 0, 0, 1, 1, 1, 1, 1
13.353470000000002, 1, 0, 1, 1, 1, 1, 1, 1
13.354680000000002, 1, 0, 0, 1, 1, 1, 1, 1
13.354790000000001, 1, 0, 1, 1, 1, 1, 1, 1
13.354940000000001, 1, 0, 0, 1, 1, 1, 1, 1
13.355050000000000, 1, 0, 1, 1, 1, 1, 1, 1
13.396550000000001, 1, 0, 0, 1, 1, 1, 1, 1
13.397480000000002, 1, 0, 1, 1, 1, 1, 1, 1
13.398570000000001, 1, 0, 0, 1, 1, 1, 1, 1
13.399030000000002, 1, 0, 1, 1, 1, 1, 1, 1
13.399110000000000, 1, 0, 0, 1, 1, 1, 1, 1
13.399210000000002, 1, 0, 1, 1, 1, 1, 1, 1
13.399260000000002, 1, 0, 0, 1, 1, 1, 1, 1
13.399520000000001, 1, 0, 1, 1, 1, 1, 1, 1
13.400560000000000, 1, 0, 0, 1, 1, 1, 1, 1
13.400620000000002, 1, 0, 1, 1, 1, 1, 1, 1
13.400670000000002, 1, 0, 0, 1, 1, 1, 1, 1
13.401030000000000, 1, 0, 1, 1, 1, 1, 1, 1
13.401090000000002, 1, 0, 0, 1, 1, 1, 1, 1
13.401200000000001, 1, 0, 1, 1, 1, 1, 1, 1
13.401250000000001, 1, 0, 0, 1, 1, 1, 1, 1
13.401560000000002, 1, 0, 1, 1, 1, 1, 1, 1
13.402540000000002, 1, 0, 0, 1, 1, 1, 1, 1
13.402590000000002, 1, 0, 1, 1, 1, 1, 1, 1
13.416780000000001, 1, 0, 0, 1, 1, 1, 1, 1
13.417710000000001, 1, 0, 1, 1, 1, 1, 1, 1
13.418860000000000, 1, 0, 0, 1, 1, 1, 1, 1
13.419060000000002, 1, 0, 1, 1, 1, 1, 1, 1
13.419120000000001, 1, 0, 0, 1, 1, 1, 1, 1
13.419170000000001, 1, 0, 1, 1, 1, 1, 1, 1
13.419220000000001, 1, 0, 0, 1, 1, 1, 1, 1
13.419320000000001, 1, 0, 1, 1, 1, 1, 1, 1
13.419380000000000, 1, 0, 0, 1, 1, 1, 1, 1
13.419440000000002, 1, 0, 1, 1, 1, 1, 1, 1
13.419490000000001, 1, 0, 0, 1, 1, 1, 1, 1
13.419650000000001, 1, 0, 1, 1, 1, 1, 1, 1
13.419700000000001, 1, 0, 0, 1, 1, 1, 1, 1
13.419800000000000, 1, 0, 1, 1, 1, 1, 1, 1
13.420820000000001, 1, 0, 0, 1, 1, 1, 1, 1
13.421140000000001, 1, 0, 1, 1, 1, 1, 1, 1
13.421190000000001, 1, 0, 0, 1, 1, 1, 1, 1
13.421290000000001, 1, 0, 1, 1, 1, 1, 1, 1
13.422780000000001, 1, 0, 0, 1, 1, 1, 1, 1
13.422830000000001, 1, 0, 1, 1, 1, 1, 1, 1
13.422990000000000, 1, 0, 0, 1, 1, 1, 1, 1
13.423040000000000, 1, 0, 1, 1, 1, 1, 1, 1
13.423100000000002, 1, 0, 0, 1, 1, 1, 1, 1
13.423150000000001, 1, 0, 1, 1, 1, 1, 1, 1
13.427110000000001, 1, 1, 1, 1, 1, 1, 1, 1
13.427140000000001, 0, 1, 0, 1, 1, 1, 1, 1
13.428060000000000, 1, 1, 1, 1, 1, 1, 1, 1
13.428110000000000, 0, 1, 0, 1, 1, 1, 1, 1
13.428520000000001, 1, 1, 1, 1, 1, 1, 1, 1
13.428670000000000, 0, 1, 0, 1, 1, 1, 1, 1
13.428730000000002, 1, 1, 1, 1, 1, 1, 1, 1
13.428830000000001, 0, 1, 0, 1, 1, 1, 1, 1
13.428980000000001, 1, 1, 1, 1, 1, 1, 1, 1
13.429030000000001, 0, 1, 0, 1, 1, 1, 1, 1
13.429090000000000, 1, 1, 1, 1, 1, 1, 1, 1
13.429250000000001, 1, 0, 1, 1, 1, 1, 1, 1
13.429440000000001, 1, 1, 1, 1, 1, 1, 1, 1
13.429460000000001, 0, 1, 0, 1, 1, 1, 1, 1
13.429510000000001, 1, 1, 1, 1, 1, 1, 1, 1
13.429560000000000, 0, 1, 0, 1, 1, 1, 1, 1
13.429660000000002, 1, 1, 1, 1, 1, 1, 1, 1
13.429710000000002, 0, 1, 0, 1, 1, 1, 1, 1
13.429760000000002, 1, 1, 1, 1, 1, 1, 1, 1
13.429820000000001, 0, 1, 0, 1, 1, 1, 1, 1
13.429920000000001, 1, 1, 1, 1, 1, 1, 1, 1
13.429980000000000, 0, 1, 0, 1, 1, 1, 1, 1
13.430450000000000, 1, 1, 1, 1, 1, 1, 1, 1
13.430520000000001, 0, 1, 0, 1, 1, 1, 1, 1
13.430780000000000, 1, 1, 1, 1, 1, 1, 1, 1
13.430830000000000, 0, 1, 0, 1, 1, 1, 1, 1
13.430980000000002, 1, 1, 0, 1, 1, 1, 1, 1
13.430990000000001, 1, 1, 1, 1, 1, 1, 1, 1
13.431050000000001, 1, 0, 1, 1, 1, 1, 1, 1
13.431240000000001, 1, 1, 1, 1, 1, 1, 1, 1
13.431260000000002, 0, 1, 0, 1, 1, 1, 1, 1
13.431410000000001, 1, 1, 1, 1, 1, 1, 1, 1
13.431460000000001, 0, 1, 0, 1, 1, 1, 1, 1
13.431510000000001, 1, 1, 1, 1, 1, 1, 1, 1
13.431850000000001, 1, 0, 1, 1, 1, 1, 1, 1
13.449490000000001, 1, 0, 0, 1, 1, 1, 1, 1
13.450420000000001, 1, 0, 1, 1, 1, 1, 1, 1
13.451490000000002, 1, 0, 0, 1, 1, 1, 1, 1
13.451540000000001, 1, 0, 1, 1, 1, 1, 1, 1
13.451650000000001, 1, 0, 0, 1, 1, 1, 1, 1
13.451700000000001, 1, 0, 1, 1, 1, 1, 1, 1
13.451910000000002, 1, 0, 0, 1, 1, 1, 1, 1
13.451960000000001, 1, 0, 1, 1, 1, 1, 1, 1
13.452030000000001, 1, 0, 0, 1, 1, 1, 1, 1
13.452130000000000, 1, 0, 1, 1, 1, 1, 1, 1
13.452190000000002, 1, 0, 0, 1, 1, 1, 1, 1
13.452340000000001, 1, 0, 1, 1, 1, 1, 1, 1
13.452390000000001, 1, 0, 0, 1, 1, 1, 1, 1
13.452450000000001, 1, 0, 1, 1, 1, 1, 1, 1
13.453480000000001, 1, 0, 0, 1, 1, 1, 1, 1
13.453530000000001, 1, 0, 1, 1, 1, 1, 1, 1
13.453580000000001, 1, 0, 0, 1, 1, 1, 1, 1
13.453950000000001, 1, 0, 1, 1, 1, 1, 1, 1
13.454010000000000, 1, 0, 0, 1, 1, 1, 1, 1
13.454420000000001, 1, 0, 1, 1, 1, 1, 1, 1
13.455610000000002, 1, 0, 0, 1, 1, 1, 1, 1
13.455660000000002, 1, 0, 1, 1, 1, 1, 1, 1
13.455770000000001, 1, 0, 0, 1, 1, 1, 1, 1
13.456030000000002, 1, 0, 1, 1, 1, 1, 1, 1
13.495580000000000, 1, 0, 0, 1, 1, 1, 1, 1
13.496510000000001, 1, 0, 1, 1, 1, 1, 1, 1
13.497540000000001, 1, 0, 0, 1, 1, 1, 1, 1
13.498010000000001, 1, 0, 1, 1, 1, 1, 1, 1
13.498080000000002, 1, 0, 0, 1, 1, 1, 1, 1
13.498180000000001, 1, 0, 1, 1, 1, 1, 1, 1
13.498230000000001, 1, 0, 0, 1, 1, 1, 1, 1
13.498340000000001, 1, 0, 1, 1, 1, 1, 1, 1
13.498440000000000, 1, 0, 0, 1, 1, 1, 1, 1
13.498490000000000, 1, 0, 1, 1, 1, 1, 1, 1
13.499580000000002, 1, 0, 0, 1, 1, 1, 1, 1
13.499640000000001, 1, 0, 1, 1, 1, 1, 1, 1
13.499690000000001, 1, 0, 0, 1, 1, 1, 1, 1
13.500050000000002, 1, 0, 1, 1, 1, 1, 1, 1
13.500110000000001, 1, 0, 0, 1, 1, 1, 1, 1
13.500220000000001, 1, 0, 1, 1, 1, 1, 1, 1
13.500270000000000, 1, 0, 0, 1, 1, 1, 1, 1
13.500580000000001, 1, 0, 1, 1, 1, 1, 1, 1
13.501550000000002, 1, 0, 0, 1, 1, 1, 1, 1
13.501650000000001, 1, 0, 1, 1, 1, 1, 1, 1
13.501860000000001, 1, 0, 0, 1, 1, 1, 1, 1
13.502020000000002, 1, 0, 1, 1, 1, 1, 1, 1
13.515800000000000, 1, 0, 0, 1, 1, 1, 1, 1
13.516730000000001, 1, 0, 1, 1, 1, 1, 1, 1
13.517780000000002, 1, 0, 0, 1, 1, 1, 1, 1
13.517990000000001, 1, 0, 1, 1, 1, 1, 1, 1
13.518040000000001, 1, 0, 0, 1, 1, 1, 1, 1
13.518090000000001, 1, 0, 1, 1, 1, 1, 1, 1
13.518150000000000, 1, 0, 0, 1, 1, 1, 1, 1
13.518250000000002, 1, 0, 1, 1, 1, 1, 1, 1
13.518310000000001, 1, 0, 0, 1, 1, 1, 1, 1
13.518360000000001, 1, 0, 1, 1, 1, 1, 1, 1
13.518410000000001, 1, 0, 0, 1, 1, 1, 1, 1
13.518670000000002, 1, 0, 1, 1, 1, 1, 1, 1
13.519840000000000, 1, 0, 0, 1, 1, 1, 1, 1
13.520150000000001, 1, 0, 1, 1, 1, 1, 1, 1
13.520200000000001, 1, 0, 0, 1, 1, 1, 1, 1
13.520310000000000, 1, 0, 1, 1, 1, 1, 1, 1
13.521790000000001, 1, 0, 0, 1, 1, 1, 1, 1
13.521840000000001, 1, 0, 1, 1, 1, 1, 1, 1
13.521950000000000, 1, 0, 0, 1, 1, 1, 1, 1
13.522000000000000, 1, 0, 1, 1, 1, 1, 1, 1
13.522100000000002, 1, 0, 0, 1, 1, 1, 1, 1
13.522160000000001, 1, 0, 1, 1, 1, 1, 1, 1
13.526030000000000, 1, 1, 1, 1, 1, 1, 1, 1
13.526060000000001, 0, 1, 0, 1, 1, 1, 1, 1
13.526980000000002, 1, 1, 1, 1, 1, 1, 1, 1
13.527050000000001, 0, 1, 0, 1, 1, 1, 1, 1
13.527460000000001, 1, 1, 1, 1, 1, 1, 1, 1
13.527620000000001, 0, 1, 0, 1, 1, 1, 1, 1
13.527670000000001, 1, 1, 1, 1, 1, 1, 1, 1
13.527770000000000, 0, 1, 0, 1, 1, 1, 1, 1
13.527880000000001, 1, 1, 1, 1, 1, 1, 1, 1
13.527930000000001, 0, 1, 0, 1, 1, 1, 1, 1
13.527980000000001, 1, 1, 1, 1, 1, 1, 1, 1
13.528200000000002, 1, 0, 1, 1, 1, 1, 1, 1
13.528380000000000, 1, 1, 1, 1, 1, 1, 1, 1
13.528400000000001, 0, 1, 0, 1, 1, 1, 1, 1
13.528450000000001, 1, 1, 1, 1, 1, 1, 1, 1
13.528500000000001, 0, 1, 0, 1, 1, 1, 1, 1
13.528610000000000, 1, 1, 1, 1, 1, 1, 1, 1
13.528660000000000, 0, 1, 0, 1, 1, 1, 1, 1
13.528710000000000, 1, 1, 1, 1, 1, 1, 1, 1
13.528760000000002, 0, 1, 0, 1, 1, 1, 1, 1
13.528860000000002, 1, 1, 1, 1, 1, 1, 1, 1
13.528930000000001, 0, 1, 0, 1, 1, 1, 1, 1
13.529390000000001, 1, 1, 1, 1, 1, 1, 1, 1
13.529470000000002, 0, 1, 0, 1, 1, 1, 1, 1
13.529720000000001, 1, 1, 1, 1, 1, 1, 1, 1
13.529770000000001, 0, 1, 0, 1, 1, 1, 1, 1
13.529930000000000, 1, 1, 1, 1, 1, 1, 1, 1
13.530020000000000, 1, 0, 1, 1, 1, 1, 1, 1
13.530250000000001, 1, 1, 1, 1, 1, 1, 1, 1
13.530260000000002, 0, 1, 0, 1, 1, 1, 1, 1
13.530370000000001, 1, 1, 1, 1, 1, 1, 1, 1
13.530470000000001, 0, 1, 0, 1, 1, 1, 1, 1
13.530620000000001, 1, 1, 1, 1, 1, 1, 1, 1
13.530790000000001, 1, 0, 1, 1, 1, 1, 1, 1
13.548430000000002, 1, 0, 0, 1, 1, 1, 1, 1
13.549360000000002, 1, 0, 1, 1, 1, 1, 1, 1
13.550560000000001, 1, 0, 0, 1, 1, 1, 1, 1
13.550660000000001, 1, 0, 1, 1, 1, 1, 1, 1
13.550720000000002, 1, 0, 0, 1, 1, 1, 1, 1
13.550770000000002, 1, 0, 1, 1, 1, 1, 1, 1
13.550980000000001, 1, 0, 0, 1, 1, 1, 1, 1
13.551030000000001, 1, 0, 1, 1, 1, 1, 1, 1
13.551090000000000, 1, 0, 0, 1, 1, 1, 1, 1
13.551190000000002, 1, 0, 1, 1, 1, 1, 1, 1
13.551250000000001, 1, 0, 0, 1, 1, 1, 1, 1
13.551350000000001, 1, 0, 1, 1, 1, 1, 1, 1
13.551400000000001, 1, 0, 0, 1, 1, 1, 1, 1
13.551450000000001, 1, 0, 1, 1, 1, 1, 1, 1
13.552460000000002, 1, 0, 0, 1, 1, 1, 1, 1
13.552510000000002, 1, 0, 1, 1, 1, 1, 1, 1
13.552560000000001, 1, 0, 0, 1, 1, 1, 1, 1
13.552930000000002, 1, 0, 1, 1, 1, 1, 1, 1
13.552990000000001, 1, 0, 0, 1, 1, 1, 1, 1
13.553410000000001, 1, 0, 1, 1, 1, 1, 1, 1
13.554460000000001, 1, 0, 0, 1, 1, 1, 1, 1
13.554570000000002, 1, 0, 1, 1, 1, 1, 1, 1
13.554620000000002, 1, 0, 0, 1, 1, 1, 1, 1
13.554720000000001, 1, 0, 1, 1, 1, 1, 1, 1
13.596330000000002, 1, 0, 0, 1, 1, 1, 1, 1
13.597260000000000, 1, 0, 1, 1, 1, 1, 1, 1
13.598310000000001, 1, 0, 0, 1, 1, 1, 1, 1
13.598780000000001, 1, 0, 1, 1, 1, 1, 1, 1
13.598840000000001, 1, 0, 0, 1, 1, 1, 1, 1
13.598940000000001, 1, 0, 1, 1, 1, 1, 1, 1
13.599000000000002, 1, 0, 0, 1, 1, 1, 1, 1
13.599150000000002, 1, 0, 1, 1, 1, 1, 1, 1
13.600490000000001, 1, 0, 0, 1, 1, 1, 1, 1
13.600540000000001, 1, 0, 1, 1, 1, 1, 1, 1
13.600600000000002, 1, 0, 0, 1, 1, 1, 1, 1
13.600960000000001, 1, 0, 1, 1, 1, 1, 1, 1
13.601020000000002, 1, 0, 0, 1, 1, 1, 1, 1
13.601130000000001, 1, 0, 1, 1, 1, 1, 1, 1
13.601180000000001, 1, 0, 0, 1, 1, 1, 1, 1
13.601490000000002, 1, 0, 1, 1, 1, 1, 1, 1
13.602500000000001, 1, 0, 0, 1, 1, 1, 1, 1
13.602610000000000, 1, 0, 1, 1, 1, 1, 1, 1
13.602660000000002, 1, 0, 0, 1, 1, 1, 1, 1
13.602710000000002, 1, 0, 1, 1, 1, 1, 1, 1
13.602870000000001, 1, 0, 0, 1, 1, 1, 1, 1
13.602970000000001, 1, 0, 1, 1, 1, 1, 1, 1
13.616450000000000, 1, 0, 0, 1, 1, 1, 1, 1
13.617380000000001, 1, 0, 1, 1, 1, 1, 1, 1
13.618420000000000, 1, 0, 0, 1, 1, 1, 1, 1
13.618630000000001, 1, 0, 1, 1, 1, 1, 1, 1
13.618680000000001, 1, 0, 0, 1, 1, 1, 1, 1
13.618730000000001, 1, 0, 1, 1, 1, 1, 1, 1
13.618780000000001, 1, 0, 0, 1, 1, 1, 1, 1
13.618890000000000, 1, 0, 1, 1, 1, 1, 1, 1
13.618950000000002, 1, 0, 0, 1, 1, 1, 1, 1
13.619000000000002, 1, 0, 1, 1, 1, 1, 1, 1
13.619060000000001, 1, 0, 0, 1, 1, 1, 1, 1
13.619210000000001, 1, 0, 1, 1, 1, 1, 1, 1
13.620790000000001, 1, 0, 0, 1, 1, 1, 1, 1
13.621100000000002, 1, 0, 1, 1, 1, 1, 1, 1
13.621160000000001, 1, 0, 0, 1, 1, 1, 1, 1
13.621260000000001, 1, 0, 1, 1, 1, 1, 1, 1
13.622800000000002, 1, 0, 0, 1, 1, 1, 1, 1
13.622910000000001, 1, 0, 1, 1, 1, 1, 1, 1
13.622960000000001, 1, 0, 0, 1, 1, 1, 1, 1
13.623110000000000, 1, 0, 1, 1, 1, 1, 1, 1
13.623170000000002, 1, 0, 0, 1, 1, 1, 1, 1
13.623270000000002, 1, 0, 1, 1, 1, 1, 1, 1
13.627120000000001, 1, 1, 1, 1, 1, 1, 1, 1
13.627140000000001, 0, 1, 0, 1, 1, 1, 1, 1
13.628070000000001, 1, 1, 1, 1, 1, 1, 1, 1
13.628140000000002, 0, 1, 0, 1, 1, 1, 1, 1
13.628550000000001, 1, 1, 1, 1, 1, 1, 1, 1
13.628710000000002, 0, 1, 0, 1, 1, 1, 1, 1
13.628760000000002, 1, 1, 1, 1, 1, 1, 1, 1
13.628860000000001, 0, 1, 0, 1, 1, 1, 1, 1
13.629170000000000, 1, 1, 1, 1, 1, 1, 1, 1
13.629290000000001, 1, 0, 1, 1, 1, 1, 1, 1
13.629470000000001, 1, 1, 1, 1, 1, 1, 1, 1
13.629490000000001, 0, 1, 0, 1, 1, 1, 1, 1
13.629540000000000, 1, 1, 1, 1, 1, 1, 1, 1
13.629590000000000, 0, 1, 0, 1, 1, 1, 1, 1
13.629690000000002, 1, 1, 1, 1, 1, 1, 1, 1
13.629740000000002, 0, 1, 0, 1, 1, 1, 1, 1
13.629800000000001, 1, 1, 1, 1, 1, 1, 1, 1
13.629850000000001, 0, 1, 0, 1, 1, 1, 1, 1
13.629950000000001, 1, 1, 1, 1, 1, 1, 1, 1
13.630010000000000, 0, 1, 0, 1, 1, 1, 1, 1
13.630480000000000, 1, 1, 1, 1, 1, 1, 1, 1
13.630550000000001, 0, 1, 0, 1, 1, 1, 1, 1
13.630810000000000, 1, 1, 1, 1, 1, 1, 1, 1
13.630860000000002, 0, 1, 0, 1, 1, 1, 1, 1
13.631020000000001, 1, 1, 1, 1, 1, 1, 1, 1
13.631080000000001, 1, 0, 1, 1, 1, 1, 1, 1
13.631270000000001, 1, 1, 1, 1, 1, 1, 1, 1
13.631290000000002, 0, 1, 0, 1, 1, 1, 1, 1
13.631340000000002, 1, 1, 1, 1, 1, 1, 1, 1
13.631440000000001, 0, 1, 0, 1, 1, 1, 1, 1
13.631490000000001, 1, 1, 1, 1, 1, 1, 1, 1
13.631540000000001, 0, 1, 0, 1, 1, 1, 1, 1
13.631750000000000, 1, 1, 1, 1, 1, 1, 1, 1
13.631880000000001, 1, 0, 1, 1, 1, 1, 1, 1
13.649210000000002, 1, 0, 0, 1, 1, 1, 1, 1
13.650140000000000, 1, 0, 1, 1, 1, 1, 1, 1
13.651200000000001, 1, 0, 0, 1, 1, 1, 1, 1
13.651250000000001, 1, 0, 1, 1, 1, 1, 1, 1
13.651300000000001, 1, 0, 0, 1, 1, 1, 1, 1
13.651410000000000, 1, 0, 1, 1, 1, 1, 1, 1
13.651620000000001, 1, 0, 0, 1, 1, 1, 1, 1
13.651670000000001, 1, 0, 1, 1, 1, 1, 1, 1
13.651730000000001, 1, 0, 0, 1, 1, 1, 1, 1
13.651830000000000, 1, 0, 1, 1, 1, 1, 1, 1
13.651890000000002, 1, 0, 0, 1, 1, 1, 1, 1
13.652200000000001, 1, 0, 1, 1, 1, 1, 1, 1
13.653390000000002, 1, 0, 0, 1, 1, 1, 1, 1
13.653440000000002, 1, 0, 1, 1, 1, 1, 1, 1
13.653500000000001, 1, 0, 0, 1, 1, 1, 1, 1
13.653860000000002, 1, 0, 1, 1, 1, 1, 1, 1
13.653920000000001, 1, 0, 0, 1, 1, 1, 1, 1
13.654340000000001, 1, 0, 1, 1, 1, 1, 1, 1
13.655390000000001, 1, 0, 0, 1, 1, 1, 1, 1
13.655450000000002, 1, 0, 1, 1, 1, 1, 1, 1
13.655600000000002, 1, 0, 0, 1, 1, 1, 1, 1
13.655710000000001, 1, 0, 1, 1, 1, 1, 1, 1
13.697250000000000, 1, 0, 0, 1, 1, 1, 1, 1
13.698180000000001, 1, 0, 1, 1, 1, 1, 1, 1
13.699240000000001, 1, 0, 0, 1, 1, 1, 1, 1
13.699710000000001, 1, 0, 1, 1, 1, 1, 1, 1
13.699770000000001, 1, 0, 0, 1, 1, 1, 1, 1
13.699870000000001, 1, 0, 1, 1, 1, 1, 1, 1
13.699920000000001, 1, 0, 0, 1, 1, 1, 1, 1
13.700030000000002, 1, 0, 1, 1, 1, 1, 1, 1
13.700080000000002, 1, 0, 0, 1, 1, 1, 1, 1
13.700240000000001, 1, 0, 1, 1, 1, 1, 1, 1
13.701230000000001, 1, 0, 0, 1, 1, 1, 1, 1
13.701290000000002, 1, 0, 1, 1, 1, 1, 1, 1
13.701340000000002, 1, 0, 0, 1, 1, 1, 1, 1
13.701700000000001, 1, 0, 1, 1, 1, 1, 1, 1
13.701760000000002, 1, 0, 0, 1, 1, 1, 1, 1
13.701870000000001, 1, 0, 1, 1, 1, 1, 1, 1
13.701920000000001, 1, 0, 0, 1, 1, 1, 1, 1
13.702230000000002, 1, 0, 1, 1, 1, 1, 1, 1
13.703440000000001, 1, 0, 0, 1, 1, 1, 1, 1
13.703540000000000, 1, 0, 1, 1, 1, 1, 1, 1
13.703650000000001, 1, 0, 0, 1, 1, 1, 1, 1
13.703700000000001, 1, 0, 1, 1, 1, 1, 1, 1
13.703750000000001, 1, 0, 0, 1, 1, 1, 1, 1
13.703800000000001, 1, 0, 1, 1, 1, 1, 1, 1
13.703860000000001, 1, 0, 0, 1, 1, 1, 1, 1
13.703910000000000, 1, 0, 1, 1, 1, 1, 1, 1
13.717380000000000, 1, 0, 0, 1, 1, 1, 1, 1
13.718310000000001, 1, 0, 1, 1, 1, 1, 1, 1
13.719410000000002, 1, 0, 0, 1, 1, 1, 1, 1
13.719620000000001, 1, 0, 1, 1, 1, 1, 1, 1
13.719670000000001, 1, 0, 0, 1, 1, 1, 1, 1
13.719720000000001, 1, 0, 1, 1, 1, 1, 1, 1
13.719770000000000, 1, 0, 0, 1, 1, 1, 1, 1
13.719880000000002, 1, 0, 1, 1, 1, 1, 1, 1
13.719940000000001, 1, 0, 0, 1, 1, 1, 1, 1
13.719990000000001, 1, 0, 1, 1, 1, 1, 1, 1
13.720040000000001, 1, 0, 0, 1, 1, 1, 1, 1
13.720250000000002, 1, 0, 1, 1, 1, 1, 1, 1
13.720300000000002, 1, 0, 0, 1, 1, 1, 1, 1
13.720410000000001, 1, 0, 1, 1, 1, 1, 1, 1
13.721370000000000, 1, 0, 0, 1, 1, 1, 1, 1
13.721690000000001, 1, 0, 1, 1, 1, 1, 1, 1
13.721740000000000, 1, 0, 0, 1, 1, 1, 1, 1
13.721840000000000, 1, 0, 1, 1, 1, 1, 1, 1
13.723680000000002, 1, 0, 0, 1, 1, 1, 1, 1
13.723890000000001, 1, 0, 1, 1, 1, 1, 1, 1
13.723990000000001, 1, 0, 0, 1, 1, 1, 1, 1
13.724100000000002, 1, 0, 1, 1, 1, 1, 1, 1
13.728070000000001, 1, 1, 1, 1, 1, 1, 1, 1
13.728100000000001, 0, 1, 0, 1, 1, 1, 1, 1
13.729020000000002, 1, 1, 1, 1, 1, 1, 1, 1
13.729090000000001, 0, 1, 0, 1, 1, 1, 1, 1
13.729500000000002, 1, 1, 1, 1, 1, 1, 1, 1
13.729660000000001, 0, 1, 0, 1, 1, 1, 1, 1
13.729710000000001, 1, 1, 1, 1, 1, 1, 1, 1
13.729810000000001, 0, 1, 0, 1, 1, 1, 1, 1
13.729920000000002, 1, 1, 1, 1, 1, 1, 1, 1
13.730020000000001, 0, 1, 0, 1, 1, 1, 1, 1
13.730120000000001, 1, 1, 1, 1, 1, 1, 1, 1
13.730240000000002, 1, 0, 1, 1, 1, 1, 1, 1
13.730420000000001, 1, 1, 1, 1, 1, 1, 1, 1
13.730440000000002, 0, 1, 0, 1, 1, 1, 1, 1
13.730490000000001, 1, 1, 1, 1, 1, 1, 1, 1
13.730540000000001, 0, 1, 0, 1, 1, 1, 1, 1
13.730650000000001, 1, 1, 1, 1, 1, 1, 1, 1
13.730700000000001, 0, 1, 0, 1, 1, 1, 1, 1
13.730750000000000, 1, 1, 1, 1, 1, 1, 1, 1
13.730800000000000, 0, 1, 0, 1, 1, 1, 1, 1
13.730900000000002, 1, 1, 1, 1, 1, 1, 1, 1
13.730970000000001, 0, 1, 0, 1, 1, 1, 1, 1
13.731430000000001, 1, 1, 1, 1, 1, 1, 1, 1
13.731510000000002, 0, 1, 0, 1, 1, 1, 1, 1
13.731760000000001, 1, 1, 1, 1, 1, 1, 1, 1
13.731810000000001, 0, 1, 0, 1, 1, 1, 1, 1
13.731970000000000, 1, 1, 1, 1, 1, 1, 1, 1
13.732040000000001, 1, 0, 1, 1, 1, 1, 1, 1
13.732220000000002, 1, 1, 1, 1, 1, 1, 1, 1
13.732240000000001, 0, 1, 0, 1, 1, 1, 1, 1
13.732340000000001, 1, 1, 1, 1, 1, 1, 1, 1
13.732390000000001, 0, 1, 0, 1, 1, 1, 1, 1
13.732550000000002, 1, 1, 1, 1, 1, 1, 1, 1
13.732600000000001, 0, 1, 0, 1, 1, 1, 1, 1
13.732650000000001, 1, 1, 1, 1, 1, 1, 1, 1
13.732830000000002, 1, 0, 1, 1, 1, 1, 1, 1
13.750870000000001, 1, 0, 0, 1, 1, 1, 1, 1
13.751800000000001, 1, 0, 1, 1, 1, 1, 1, 1
13.752870000000001, 1, 0, 0, 1, 1, 1, 1, 1
13.753080000000001, 1, 0, 1, 1, 1, 1, 1, 1
13.753290000000002, 1, 0, 0, 1, 1, 1, 1, 1
13.753340000000001, 1, 0, 1, 1, 1, 1, 1, 1
13.753400000000001, 1, 0, 0, 1, 1, 1, 1, 1
13.753510000000000, 1, 0, 1, 1, 1, 1, 1, 1
13.753560000000002, 1, 0, 0, 1, 1, 1, 1, 1
13.753660000000002, 1, 0, 1, 1, 1, 1, 1, 1
13.753770000000001, 1, 0, 0, 1, 1, 1, 1, 1
13.753870000000001, 1, 0, 1, 1, 1, 1, 1, 1
13.755070000000002, 1, 0, 0, 1, 1, 1, 1, 1
13.755130000000001, 1, 0, 1, 1, 1, 1, 1, 1
13.755180000000001, 1, 0, 0, 1, 1, 1, 1, 1
13.755540000000002, 1, 0, 1, 1, 1, 1, 1, 1
13.755600000000001, 1, 0, 0, 1, 1, 1, 1, 1
13.756020000000001, 1, 0, 1, 1, 1, 1, 1, 1
13.757030000000000, 1, 0, 0, 1, 1, 1, 1, 1
13.757290000000001, 1, 0, 1, 1, 1, 1, 1, 1
13.757340000000001, 1, 0, 0, 1, 1, 1, 1, 1
13.757500000000000, 1, 0, 1, 1, 1, 1, 1, 1
13.796930000000001, 1, 0, 0, 1, 1, 1, 1, 1
13.797860000000002, 1, 0, 1, 1, 1, 1, 1, 1
13.798950000000001, 1, 0, 0, 1, 1, 1, 1, 1
13.799420000000001, 1, 0, 1, 1, 1, 1, 1, 1
13.799480000000001, 1, 0, 0, 1, 1, 1, 1, 1
13.799580000000001, 1, 0, 1, 1, 1, 1, 1, 1
13.799630000000001, 1, 0, 0, 1, 1, 1, 1, 1
13.799840000000001, 1, 0, 1, 1, 1, 1, 1, 1
13.799890000000001, 1, 0, 0, 1, 1, 1, 1, 1
13.799940000000001, 1, 0, 1, 1, 1, 1, 1, 1
13.801050000000002, 1, 0, 0, 1, 1, 1, 1, 1
13.801100000000002, 1, 0, 1, 1, 1, 1, 1, 1
13.801160000000001, 1, 0, 0, 1, 1, 1, 1, 1
13.801520000000002, 1, 0, 1, 1, 1, 1, 1, 1
13.801580000000001, 1, 0, 0, 1, 1, 1, 1, 1
13.801690000000001, 1, 0, 1, 1, 1, 1, 1, 1
13.801740000000001, 1, 0, 0, 1, 1, 1, 1, 1
13.802050000000001, 1, 0, 1, 1, 1, 1, 1, 1
13.803040000000001, 1, 0, 0, 1, 1, 1, 1, 1
13.803140000000001, 1, 0, 1, 1, 1, 1, 1, 1
13.803190000000001, 1, 0, 0, 1, 1, 1, 1, 1
13.803300000000002, 1, 0, 1, 1, 1, 1, 1, 1
13.803450000000002, 1, 0, 0, 1, 1, 1, 1, 1
13.803500000000001, 1, 0, 1, 1, 1, 1, 1, 1
13.817170000000001, 1, 0, 0, 1, 1, 1, 1, 1
13.818100000000001, 1, 0, 1, 1, 1, 1, 1, 1
13.819190000000001, 1, 0, 0, 1, 1, 1, 1, 1
13.819390000000000, 1, 0, 1, 1, 1, 1, 1, 1
13.819450000000002, 1, 0, 0, 1, 1, 1, 1, 1
13.819500000000001, 1, 0, 1, 1, 1, 1, 1, 1
13.819550000000001, 1, 0, 0, 1, 1, 1, 1, 1
13.819650000000001, 1, 0, 1, 1, 1, 1, 1, 1
13.819720000000002, 1, 0, 0, 1, 1, 1, 1, 1
13.819770000000002, 1, 0, 1, 1, 1, 1, 1, 1
13.819820000000002, 1, 0, 0, 1, 1, 1, 1, 1
13.819980000000001, 1, 0, 1, 1, 1, 1, 1, 1
13.820030000000001, 1, 0, 0, 1, 1, 1, 1, 1
13.820080000000001, 1, 0, 1, 1, 1, 1, 1, 1
13.820130000000001, 1, 0, 0, 1, 1, 1, 1, 1
13.820180000000001, 1, 0, 1, 1, 1, 1, 1, 1
13.821190000000001, 1, 0, 0, 1, 1, 1, 1, 1
13.821500000000000, 1, 0, 1, 1, 1, 1, 1, 1
13.821550000000002, 1, 0, 0, 1, 1, 1, 1, 1
13.821660000000001, 1, 0, 1, 1, 1, 1, 1, 1
13.823140000000000, 1, 0, 0, 1, 1, 1, 1, 1
13.823240000000002, 1, 0, 1, 1, 1, 1, 1, 1
13.823290000000002, 1, 0, 0, 1, 1, 1, 1, 1
13.823350000000001, 1, 0, 1, 1, 1, 1, 1, 1
13.823500000000001, 1, 0, 0, 1, 1, 1, 1, 1
13.823610000000000, 1, 0, 1, 1, 1, 1, 1, 1
13.827550000000000, 1, 1, 1, 1, 1, 1, 1, 1
13.827580000000001, 0, 1, 0, 1, 1, 1, 1, 1
13.828500000000002, 1, 1, 1, 1, 1, 1, 1, 1
13.828570000000001, 0, 1, 0, 1, 1, 1, 1, 1
13.828980000000001, 1, 1, 1, 1, 1, 1, 1, 1
13.829140000000001, 0, 1, 0, 1, 1, 1, 1, 1
13.829190000000001, 1, 1, 1, 1, 1, 1, 1, 1
13.829290000000000, 0, 1, 0, 1, 1, 1, 1, 1
13.829450000000001, 1, 1, 1, 1, 1, 1, 1, 1
13.829550000000001, 0, 1, 0, 1, 1, 1, 1, 1
13.829600000000001, 1, 1, 1, 1, 1, 1, 1, 1
13.829720000000002, 1, 0, 1, 1, 1, 1, 1, 1
13.829900000000000, 1, 1, 1, 1, 1, 1, 1, 1
13.829920000000001, 0, 1, 0, 1, 1, 1, 1, 1
13.829970000000001, 1, 1, 1, 1, 1, 1, 1, 1
13.830020000000001, 0, 1, 0, 1, 1, 1, 1, 1
13.830130000000000, 1, 1, 1, 1, 1, 1, 1, 1
13.830180000000000, 0, 1, 0, 1, 1, 1, 1, 1
13.830230000000000, 1, 1, 1, 1, 1, 1, 1, 1
13.830280000000002, 0, 1, 0, 1, 1, 1, 1, 1
13.830380000000002, 1, 1, 1, 1, 1, 1, 1, 1
13.830450000000001, 0, 1, 0, 1, 1, 1, 1, 1
13.830910000000001, 1, 1, 1, 1, 1, 1, 1, 1
13.830990000000002, 0, 1, 0, 1, 1, 1, 1, 1
13.831240000000001, 1, 1, 1, 1, 1, 1, 1, 1
13.831300000000001, 0, 1, 0, 1, 1, 1, 1, 1
13.831450000000000, 1, 1, 1, 1, 1, 1, 1, 1
13.831520000000001, 1, 0, 1, 1, 1, 1, 1, 1
13.831700000000001, 1, 1, 1, 1, 1, 1, 1, 1
13.831720000000001, 0, 1, 0, 1, 1, 1, 1, 1
13.831820000000000, 1, 1, 1, 1, 1, 1, 1, 1
13.832030000000001, 0, 1, 0, 1, 1, 1, 1, 1
13.832080000000001, 1, 1, 1, 1, 1, 1, 1, 1
13.832130000000001, 0, 1, 0, 1, 1, 1, 1, 1
13.832180000000001, 1, 1, 1, 1, 1, 1, 1, 1
13.832310000000001, 1, 0, 1, 1, 1, 1, 1, 1
13.849820000000001, 1, 0, 0, 1, 1, 1, 1, 1
13.850750000000001, 1, 0, 1, 1, 1, 1, 1, 1
13.851950000000000, 1, 0, 0, 1, 1, 1, 1, 1
13.852010000000002, 1, 0, 1, 1, 1, 1, 1, 1
13.852160000000001, 1, 0, 0, 1, 1, 1, 1, 1
13.852210000000001, 1, 0, 1, 1, 1, 1, 1, 1
13.852370000000001, 1, 0, 0, 1, 1, 1, 1, 1
13.852420000000000, 1, 0, 1, 1, 1, 1, 1, 1
13.852500000000001, 1, 0, 0, 1, 1, 1, 1, 1
13.852600000000001, 1, 0, 1, 1, 1, 1, 1, 1
13.852650000000001, 1, 0, 0, 1, 1, 1, 1, 1
13.852810000000002, 1, 0, 1, 1, 1, 1, 1, 1
13.852910000000001, 1, 0, 0, 1, 1, 1, 1, 1
13.852960000000001, 1, 0, 1, 1, 1, 1, 1, 1
13.853940000000001, 1, 0, 0, 1, 1, 1, 1, 1
13.853990000000001, 1, 0, 1, 1, 1, 1, 1, 1
13.854040000000001, 1, 0, 0, 1, 1, 1, 1, 1
13.854410000000001, 1, 0, 1, 1, 1, 1, 1, 1
13.854490000000002, 1, 0, 0, 1, 1, 1, 1, 1
13.854910000000000, 1, 0, 1, 1, 1, 1, 1, 1
13.855940000000000, 1, 0, 0, 1, 1, 1, 1, 1
13.856050000000002, 1, 0, 1, 1, 1, 1, 1, 1
13.856150000000001, 1, 0, 0, 1, 1, 1, 1, 1
13.856260000000001, 1, 0, 1, 1, 1, 1, 1, 1
13.897670000000002, 1, 0, 0, 1, 1, 1, 1, 1
13.898600000000002, 1, 0, 1, 1, 1, 1, 1, 1
13.899930000000001, 1, 0, 0, 1, 1, 1, 1, 1
13.900400000000001, 1, 0, 1, 1, 1, 1, 1, 1
13.900460000000001, 1, 0, 0, 1, 1, 1, 1, 1
13.900560000000000, 1, 0, 1, 1, 1, 1, 1, 1
13.900610000000000, 1, 0, 0, 1, 1, 1, 1, 1
13.900720000000002, 1, 0, 1, 1, 1, 1, 1, 1
13.900870000000001, 1, 0, 0, 1, 1, 1, 1, 1
13.900930000000001, 1, 0, 1, 1, 1, 1, 1, 1
13.901870000000001, 1, 0, 0, 1, 1, 1, 1, 1
13.901920000000000, 1, 0, 1, 1, 1, 1, 1, 1
13.901980000000002, 1, 0, 0, 1, 1, 1, 1, 1
13.902340000000001, 1, 0, 1, 1, 1, 1, 1, 1
13.902400000000002, 1, 0, 0, 1, 1, 1, 1, 1
13.902510000000001, 1, 0, 1, 1, 1, 1, 1, 1
13.902560000000001, 1, 0, 0, 1, 1, 1, 1, 1
13.902870000000002, 1, 0, 1, 1, 1, 1, 1, 1
13.903970000000001, 1, 0, 0, 1, 1, 1, 1, 1
13.904020000000001, 1, 0, 1, 1, 1, 1, 1, 1
13.904130000000000, 1, 0, 0, 1, 1, 1, 1, 1
13.904230000000002, 1, 0, 1, 1, 1, 1, 1, 1
13.904280000000002, 1, 0, 0, 1, 1, 1, 1, 1
13.904390000000001, 1, 0, 1, 1, 1, 1, 1, 1
13.917920000000001, 1, 0, 0, 1, 1, 1, 1, 1
13.918840000000001, 1, 0, 1, 1, 1, 1, 1, 1
13.920140000000002, 1, 0, 0, 1, 1, 1, 1, 1
13.920350000000001, 1, 0, 1, 1, 1, 1, 1, 1
13.920400000000001, 1, 0, 0, 1, 1, 1, 1, 1
13.920450000000001, 1, 0, 1, 1, 1, 1, 1, 1
13.920500000000001, 1, 0, 0, 1, 1, 1, 1, 1
13.920610000000002, 1, 0, 1, 1, 1, 1, 1, 1
13.920670000000001, 1, 0, 0, 1, 1, 1, 1, 1
13.920720000000001, 1, 0, 1, 1, 1, 1, 1, 1
13.920770000000001, 1, 0, 0, 1, 1, 1, 1, 1
13.921090000000001, 1, 0, 1, 1, 1, 1, 1, 1
13.922110000000002, 1, 0, 0, 1, 1, 1, 1, 1
13.922420000000001, 1, 0, 1, 1, 1, 1, 1, 1
13.922470000000001, 1, 0, 0, 1, 1, 1, 1, 1
13.922580000000002, 1, 0, 1, 1, 1, 1, 1, 1
13.924060000000001, 1, 0, 0, 1, 1, 1, 1, 1
13.924480000000001, 1, 0, 1, 1, 1, 1, 1, 1
13.928370000000001, 1, 1, 1, 1, 1, 1, 1, 1
13.928400000000002, 0, 1, 0, 1, 1, 1, 1, 1
13.929330000000002, 1, 1, 1, 1, 1, 1, 1, 1
13.929490000000001, 0, 1, 0, 1, 1, 1, 1, 1
13.929900000000002, 1, 1, 1, 1, 1, 1, 1, 1
13.930080000000002, 0, 1, 0, 1, 1, 1, 1, 1
13.930130000000002, 1, 1, 1, 1, 1, 1, 1, 1
13.930240000000001, 0, 1, 0, 1, 1, 1, 1, 1
13.930340000000001, 1, 1, 1, 1, 1, 1, 1, 1
13.930390000000001, 0, 1, 0, 1, 1, 1, 1, 1
13.930490000000001, 1, 1, 1, 1, 1, 1, 1, 1
13.930660000000001, 1, 0, 1, 1, 1, 1, 1, 1
13.930840000000002, 1, 1, 1, 1, 1, 1, 1, 1
13.930860000000001, 0, 1, 0, 1, 1, 1, 1, 1
13.930910000000001, 1, 1, 1, 1, 1, 1, 1, 1
13.930960000000001, 0, 1, 0, 1, 1, 1, 1, 1
13.931070000000002, 1, 1, 1, 1, 1, 1, 1, 1
13.931120000000002, 0, 1, 0, 1, 1, 1, 1, 1
13.931170000000002, 1, 1, 1, 1, 1, 1, 1, 1
13.931220000000001, 0, 1, 0, 1, 1, 1, 1, 1
13.931320000000001, 1, 1, 1, 1, 1, 1, 1, 1
13.931390000000000, 0, 1, 0, 1, 1, 1, 1, 1
13.931850000000001, 1, 1, 1, 1, 1, 1, 1, 1
13.931930000000001, 0, 1, 0, 1, 1, 1, 1, 1
13.932180000000001, 1, 1, 1, 1, 1, 1, 1, 1
13.932230000000001, 0, 1, 0, 1, 1, 1, 1, 1
13.932390000000002, 1, 1, 1, 1, 1, 1, 1, 1
13.932460000000001, 1, 0, 1, 1, 1, 1, 1, 1
13.932640000000001, 1, 1, 1, 1, 1, 1, 1, 1
13.932660000000000, 0, 1, 0, 1, 1, 1, 1, 1
13.932710000000002, 1, 1, 1, 1, 1, 1, 1, 1
13.932760000000002, 0, 1, 0, 1, 1, 1, 1, 1
13.932810000000002, 1, 1, 1, 1, 1, 1, 1, 1
13.932970000000001, 0, 1, 0, 1, 1, 1, 1, 1
13.933020000000001, 1, 1, 1, 1, 1, 1, 1, 1
13.933070000000001, 0, 1, 0, 1, 1, 1, 1, 1
13.933120000000001, 1, 1, 1, 1, 1, 1, 1, 1
13.933250000000001, 1, 0, 1, 1, 1, 1, 1, 1
13.950460000000001, 1, 0, 0, 1, 1, 1, 1, 1
13.951390000000002, 1, 0, 1, 1, 1, 1, 1, 1
13.952690000000000, 1, 0, 0, 1, 1, 1, 1, 1
13.952800000000002, 1, 0, 1, 1, 1, 1, 1, 1
13.952900000000001, 1, 0, 0, 1, 1, 1, 1, 1
13.952950000000001, 1, 0, 1, 1, 1, 1, 1, 1
13.953110000000001, 1, 0, 0, 1, 1, 1, 1, 1
13.953160000000000, 1, 0, 1, 1, 1, 1, 1, 1
13.953220000000002, 1, 0, 0, 1, 1, 1, 1, 1
13.953330000000001, 1, 0, 1, 1, 1, 1, 1, 1
13.953380000000001, 1, 0, 0, 1, 1, 1, 1, 1
13.953480000000001, 1, 0, 1, 1, 1, 1, 1, 1
13.953530000000001, 1, 0, 0, 1, 1, 1, 1, 1
13.953640000000002, 1, 0, 1, 1, 1, 1, 1, 1
13.954640000000001, 1, 0, 0, 1, 1, 1, 1, 1
13.954690000000001, 1, 0, 1, 1, 1, 1, 1, 1
13.954740000000001, 1, 0, 0, 1, 1, 1, 1, 1
13.955110000000001, 1, 0, 1, 1, 1, 1, 1, 1
13.955170000000001, 1, 0, 0, 1, 1, 1, 1, 1
13.955590000000001, 1, 0, 1, 1, 1, 1, 1, 1
13.956840000000001, 1, 0, 0, 1, 1, 1, 1, 1
13.957000000000001, 1, 0, 1, 1, 1, 1, 1, 1
13.957150000000000, 1, 0, 0, 1, 1, 1, 1, 1
13.957260000000002, 1, 0, 1, 1, 1, 1, 1, 1
13.998500000000002, 1, 0, 0, 1, 1, 1, 1, 1
13.999430000000000, 1, 0, 1, 1, 1, 1, 1, 1
14.000490000000001, 1, 0, 0, 1, 1, 1, 1, 1
14.000960000000001, 1, 0, 1, 1, 1, 1, 1, 1
14.001020000000000, 1, 0, 0, 1, 1, 1, 1, 1
14.001120000000002, 1, 0, 1, 1, 1, 1, 1, 1
14.001170000000002, 1, 0, 0, 1, 1, 1, 1, 1
14.001330000000001, 1, 0, 1, 1, 1, 1, 1, 1
14.001380000000001, 1, 0, 0, 1, 1, 1, 1, 1
14.001430000000001, 1, 0, 1, 1, 1, 1, 1, 1
14.002490000000002, 1, 0, 0, 1, 1, 1, 1, 1
14.002540000000002, 1, 0, 1, 1, 1, 1, 1, 1
14.002590000000001, 1, 0, 0, 1, 1, 1, 1, 1
14.002960000000002, 1, 0, 1, 1, 1, 1, 1, 1
14.003020000000001, 1, 0, 0, 1, 1, 1, 1, 1
14.003120000000001, 1, 0, 1, 1, 1, 1, 1, 1
14.003170000000001, 1, 0, 0, 1, 1, 1, 1, 1
14.003490000000001, 1, 0, 1, 1, 1, 1, 1, 1
14.004510000000002, 1, 0, 0, 1, 1, 1, 1, 1
14.004670000000001, 1, 0, 1, 1, 1, 1, 1, 1
14.004880000000002, 1, 0, 0, 1, 1, 1, 1, 1
14.004930000000002, 1, 0, 1, 1, 1, 1, 1, 1
14.018750000000001, 1, 0, 0, 1, 1, 1, 1, 1
14.019680000000001, 1, 0, 1, 1, 1, 1, 1, 1
14.020780000000002, 1, 0, 0, 1, 1, 1, 1, 1
14.020990000000001, 1, 0, 1, 1, 1, 1, 1, 1
14.021040000000001, 1, 0, 0, 1, 1, 1, 1, 1
14.021090000000001, 1, 0, 1, 1, 1, 1, 1, 1
14.021140000000001, 1, 0, 0, 1, 1, 1, 1, 1
14.021250000000002, 1, 0, 1, 1, 1, 1, 1, 1
14.021310000000001, 1, 0, 0, 1, 1, 1, 1, 1
14.021370000000001, 1, 0, 1, 1, 1, 1, 1, 1
14.021420000000001, 1, 0, 0, 1, 1, 1, 1, 1
14.021570000000001, 1, 0, 1, 1, 1, 1, 1, 1
14.021680000000002, 1, 0, 0, 1, 1, 1, 1, 1
14.021730000000002, 1, 0, 1, 1, 1, 1, 1, 1
14.022760000000002, 1, 0, 0, 1, 1, 1, 1, 1
14.023070000000001, 1, 0, 1, 1, 1, 1, 1, 1
14.023120000000000, 1, 0, 0, 1, 1, 1, 1, 1
14.023230000000002, 1, 0, 1, 1, 1, 1, 1, 1
14.024750000000001, 1, 0, 0, 1, 1, 1, 1, 1
14.024810000000000, 1, 0, 1, 1, 1, 1, 1, 1
14.024860000000000, 1, 0, 0, 1, 1, 1, 1, 1
14.024960000000002, 1, 0, 1, 1, 1, 1, 1, 1
14.025170000000001, 1, 0, 0, 1, 1, 1, 1, 1
14.025220000000001, 1, 0, 1, 1, 1, 1, 1, 1
14.029010000000001, 1, 1, 1, 1, 1, 1, 1, 1
14.029030000000001, 0, 1, 0, 1, 1, 1, 1, 1
14.029960000000001, 1, 1, 1, 1, 1, 1, 1, 1
14.030030000000002, 0, 1, 0, 1, 1, 1, 1, 1
14.030440000000000, 1, 1, 1, 1, 1, 1, 1, 1
14.030690000000002, 0, 1, 0, 1, 1, 1, 1, 1
14.030740000000002, 1, 1, 1, 1, 1, 1, 1, 1
14.030850000000001, 0, 1, 0, 1, 1, 1, 1, 1
14.031050000000000, 1, 1, 1, 1, 1, 1, 1, 1
14.031310000000001, 1, 0, 1, 1, 1, 1, 1, 1
14.031490000000002, 1, 1, 1, 1, 1, 1, 1, 1
14.031510000000001, 0, 1, 0, 1, 1, 1, 1, 1
14.031560000000001, 1, 1, 1, 1, 1, 1, 1, 1
14.031610000000001, 0, 1, 0, 1, 1, 1, 1, 1
14.031720000000002, 1, 1, 1, 1, 1, 1, 1, 1
14.031770000000002, 0, 1, 0, 1, 1, 1, 1, 1
14.031820000000002, 1, 1, 1, 1, 1, 1, 1, 1
14.031870000000001, 0, 1, 0, 1, 1, 1, 1, 1
14.031970000000001, 1, 1, 1, 1, 1, 1, 1, 1
14.032040000000000, 0, 1, 0, 1, 1, 1, 1, 1
14.032500000000001, 1, 1, 1, 1, 1, 1, 1, 1
14.032580000000001, 0, 1, 0, 1, 1, 1, 1, 1
14.032830000000001, 1, 1, 1, 1, 1, 1, 1, 1
14.032890000000002, 0, 1, 0, 1, 1, 1, 1, 1
14.033040000000002, 1, 1, 1, 1, 1, 1, 1, 1
14.033110000000001, 1, 0, 1, 1, 1, 1, 1, 1
14.033290000000001, 1, 1, 1, 1, 1, 1, 1, 1
14.033310000000002, 0, 1, 0, 1, 1, 1, 1, 1
14.033360000000002, 1, 1, 1, 1, 1, 1, 1, 1
14.033410000000002, 0, 1, 0, 1, 1, 1, 1, 1
14.033620000000001, 1, 1, 1, 1, 1, 1, 1, 1
14.033670000000001, 0, 1, 0, 1, 1, 1, 1, 1
14.033720000000001, 1, 1, 1, 1, 1, 1, 1, 1
14.033900000000001, 1, 0, 1, 1, 1, 1, 1, 1
14.051480000000002, 1, 0, 0, 1, 1, 1, 1, 1
14.052410000000002, 1, 0, 1, 1, 1, 1, 1, 1
14.053480000000000, 1, 0, 0, 1, 1, 1, 1, 1
14.053540000000002, 1, 0, 1, 1, 1, 1, 1, 1
14.053590000000002, 1, 0, 0, 1, 1, 1, 1, 1
14.053640000000001, 1, 0, 1, 1, 1, 1, 1, 1
14.053690000000001, 1, 0, 0, 1, 1, 1, 1, 1
14.053750000000001, 1, 0, 1, 1, 1, 1, 1, 1
14.053900000000001, 1, 0, 0, 1, 1, 1, 1, 1
14.053950000000000, 1, 0, 1, 1, 1, 1, 1, 1
14.054020000000001, 1, 0, 0, 1, 1, 1, 1, 1
14.054120000000001, 1, 0, 1, 1, 1, 1, 1, 1
14.054170000000001, 1, 0, 0, 1, 1, 1, 1, 1
14.054380000000002, 1, 0, 1, 1, 1, 1, 1, 1
14.055470000000001, 1, 0, 0, 1, 1, 1, 1, 1
14.055520000000001, 1, 0, 1, 1, 1, 1, 1, 1
14.055580000000001, 1, 0, 0, 1, 1, 1, 1, 1
14.055940000000001, 1, 0, 1, 1, 1, 1, 1, 1
14.056020000000002, 1, 0, 0, 1, 1, 1, 1, 1
14.056440000000000, 1, 0, 1, 1, 1, 1, 1, 1
14.057660000000000, 1, 0, 0, 1, 1, 1, 1, 1
14.057760000000002, 1, 0, 1, 1, 1, 1, 1, 1
14.057820000000001, 1, 0, 0, 1, 1, 1, 1, 1
14.058080000000000, 1, 0, 1, 1, 1, 1, 1, 1
14.097610000000001, 1, 0, 0, 1, 1, 1, 1, 1
14.098540000000002, 1, 0, 1, 1, 1, 1, 1, 1
14.099590000000001, 1, 0, 0, 1, 1, 1, 1, 1
14.100060000000001, 1, 0, 1, 1, 1, 1, 1, 1
14.100120000000000, 1, 0, 0, 1, 1, 1, 1, 1
14.100220000000002, 1, 0, 1, 1, 1, 1, 1, 1
14.100270000000002, 1, 0, 0, 1, 1, 1, 1, 1
14.100380000000001, 1, 0, 1, 1, 1, 1, 1, 1
14.100430000000001, 1, 0, 0, 1, 1, 1, 1, 1
14.100480000000001, 1, 0, 1, 1, 1, 1, 1, 1
14.101580000000002, 1, 0, 0, 1, 1, 1, 1, 1
14.101630000000002, 1, 0, 1, 1, 1, 1, 1, 1
14.101680000000002, 1, 0, 0, 1, 1, 1, 1, 1
14.102050000000002, 1, 0, 1, 1, 1, 1, 1, 1
14.102110000000001, 1, 0, 0, 1, 1, 1, 1, 1
14.102210000000001, 1, 0, 1, 1, 1, 1, 1, 1
14.102270000000001, 1, 0, 0, 1, 1, 1, 1, 1
14.102580000000001, 1, 0, 1, 1, 1, 1, 1, 1
14.103550000000002, 1, 0, 0, 1, 1, 1, 1, 1
14.103600000000002, 1, 0, 1, 1, 1, 1, 1, 1
14.103700000000002, 1, 0, 0, 1, 1, 1, 1, 1
14.103750000000002, 1, 0, 1, 1, 1, 1, 1, 1
14.103860000000001, 1, 0, 0, 1, 1, 1, 1, 1
14.103910000000001, 1, 0, 1, 1, 1, 1, 1, 1
14.117850000000001, 1, 0, 0, 1, 1, 1, 1, 1
14.118780000000001, 1, 0, 1, 1, 1, 1, 1, 1
14.119830000000000, 1, 0, 0, 1, 1, 1, 1, 1
14.120040000000001, 1, 0, 1, 1, 1, 1, 1, 1
14.120090000000001, 1, 0, 0, 1, 1, 1, 1, 1
14.120140000000001, 1, 0, 1, 1, 1, 1, 1, 1
14.120190000000001, 1, 0, 0, 1, 1, 1, 1, 1
14.120300000000000, 1, 0, 1, 1, 1, 1, 1, 1
14.120360000000002, 1, 0, 0, 1, 1, 1, 1, 1
14.120410000000001, 1, 0, 1, 1, 1, 1, 1, 1
14.120460000000001, 1, 0, 0, 1, 1, 1, 1, 1
14.120670000000000, 1, 0, 1, 1, 1, 1, 1, 1
14.121830000000001, 1, 0, 0, 1, 1, 1, 1, 1
14.122140000000002, 1, 0, 1, 1, 1, 1, 1, 1
14.122200000000001, 1, 0, 0, 1, 1, 1, 1, 1
14.122300000000001, 1, 0, 1, 1, 1, 1, 1, 1
14.123780000000002, 1, 0, 0, 1, 1, 1, 1, 1
14.123840000000001, 1, 0, 1, 1, 1, 1, 1, 1
14.123890000000001, 1, 0, 0, 1, 1, 1, 1, 1
14.123940000000001, 1, 0, 1, 1, 1, 1, 1, 1
14.123990000000001, 1, 0, 0, 1, 1, 1, 1, 1
14.124040000000001, 1, 0, 1, 1, 1, 1, 1, 1
14.124200000000002, 1, 0, 0, 1, 1, 1, 1, 1
14.124250000000002, 1, 0, 1, 1, 1, 1, 1, 1
14.128120000000001, 1, 1, 1, 1, 1, 1, 1, 1
14.128150000000002, 0, 1, 0, 1, 1, 1, 1, 1
14.129080000000002, 1, 1, 1, 1, 1, 1, 1, 1
14.129150000000001, 0, 1, 0, 1, 1, 1, 1, 1
14.129560000000001, 1, 1, 1, 1, 1, 1, 1, 1
14.129710000000001, 0, 1, 0, 1, 1, 1, 1, 1
14.129770000000001, 1, 1, 1, 1, 1, 1, 1, 1
14.129870000000000, 0, 1, 0, 1, 1, 1, 1, 1
14.129970000000002, 1, 1, 1, 1, 1, 1, 1, 1
14.130290000000000, 1, 0, 1, 1, 1, 1, 1, 1
14.130480000000000, 1, 1, 1, 1, 1, 1, 1, 1
14.130500000000001, 0, 1, 0, 1, 1, 1, 1, 1
14.130550000000001, 1, 1, 1, 1, 1, 1, 1, 1
14.130600000000001, 0, 1, 0, 1, 1, 1, 1, 1
14.130700000000001, 1, 1, 1, 1, 1, 1, 1, 1
14.130750000000001, 0, 1, 0, 1, 1, 1, 1, 1
14.130800000000001, 1, 1, 1, 1, 1, 1, 1, 1
14.130860000000002, 0, 1, 0, 1, 1, 1, 1, 1
14.130960000000002, 1, 1, 1, 1, 1, 1, 1, 1
14.131020000000001, 0, 1, 0, 1, 1, 1, 1, 1
14.131490000000001, 1, 1, 1, 1, 1, 1, 1, 1
14.131560000000000, 0, 1, 0, 1, 1, 1, 1, 1
14.131820000000001, 1, 1, 1, 1, 1, 1, 1, 1
14.131870000000001, 0, 1, 0, 1, 1, 1, 1, 1
14.132020000000001, 1, 1, 1, 1, 1, 1, 1, 1
14.132090000000002, 1, 0, 1, 1, 1, 1, 1, 1
14.132280000000002, 1, 1, 1, 1, 1, 1, 1, 1
14.132320000000002, 0, 1, 0, 1, 1, 1, 1, 1
14.132530000000001, 1, 1, 1, 1, 1, 1, 1, 1
14.132580000000001, 0, 1, 0, 1, 1, 1, 1, 1
14.132790000000002, 1, 1, 1, 1, 1, 1, 1, 1
14.132880000000002, 1, 0, 1, 1, 1, 1, 1, 1
14.150440000000001, 1, 0, 0, 1, 1, 1, 1, 1
14.151370000000002, 1, 0, 1, 1, 1, 1, 1, 1
14.152450000000002, 1, 0, 0, 1, 1, 1, 1, 1
14.152610000000001, 1, 0, 1, 1, 1, 1, 1, 1
14.152660000000001, 1, 0, 0, 1, 1, 1, 1, 1
14.152710000000001, 1, 0, 1, 1, 1, 1, 1, 1
14.152870000000002, 1, 0, 0, 1, 1, 1, 1, 1
14.152920000000002, 1, 0, 1, 1, 1, 1, 1, 1
14.152980000000001, 1, 0, 0, 1, 1, 1, 1, 1
14.153090000000001, 1, 0, 1, 1, 1, 1, 1, 1
14.153140000000000, 1, 0, 0, 1, 1, 1, 1, 1
14.153240000000002, 1, 0, 1, 1, 1, 1, 1, 1
14.154410000000000, 1, 0, 0, 1, 1, 1, 1, 1
14.154460000000002, 1, 0, 1, 1, 1, 1, 1, 1
14.154510000000002, 1, 0, 0, 1, 1, 1, 1, 1
14.154880000000000, 1, 0, 1, 1, 1, 1, 1, 1
14.154940000000002, 1, 0, 0, 1, 1, 1, 1, 1
14.155360000000002, 1, 0, 1, 1, 1, 1, 1, 1
14.156360000000001, 1, 0, 0, 1, 1, 1, 1, 1
14.156410000000001, 1, 0, 1, 1, 1, 1, 1, 1
14.156460000000001, 1, 0, 0, 1, 1, 1, 1, 1
14.156510000000001, 1, 0, 1, 1, 1, 1, 1, 1
14.156570000000000, 1, 0, 0, 1, 1, 1, 1, 1
14.156620000000002, 1, 0, 1, 1, 1, 1, 1, 1
14.156770000000002, 1, 0, 0, 1, 1, 1, 1, 1
14.156830000000001, 1, 0, 1, 1, 1, 1, 1, 1
14.198220000000001, 1, 0, 0, 1, 1, 1, 1, 1
14.199150000000001, 1, 0, 1, 1, 1, 1, 1, 1
14.200380000000001, 1, 0, 0, 1, 1, 1, 1, 1
14.200850000000001, 1, 0, 1, 1, 1, 1, 1, 1
14.200910000000000, 1, 0, 0, 1, 1, 1, 1, 1
14.201010000000002, 1, 0, 1, 1, 1, 1, 1, 1
14.201070000000001, 1, 0, 0, 1, 1, 1, 1, 1
14.201380000000000, 1, 0, 1, 1, 1, 1, 1, 1
14.202420000000002, 1, 0, 0, 1, 1, 1, 1, 1
14.202470000000002, 1, 0, 1, 1, 1, 1, 1, 1
14.202520000000002, 1, 0, 0, 1, 1, 1, 1, 1
14.202890000000002, 1, 0, 1, 1, 1, 1, 1, 1
14.202950000000001, 1, 0, 0, 1, 1, 1, 1, 1
14.203050000000001, 1, 0, 1, 1, 1, 1, 1, 1
14.203100000000001, 1, 0, 0, 1, 1, 1, 1, 1
14.203420000000001, 1, 0, 1, 1, 1, 1, 1, 1
14.204400000000001, 1, 0, 0, 1, 1, 1, 1, 1
14.204550000000001, 1, 0, 1, 1, 1, 1, 1, 1
14.204610000000001, 1, 0, 0, 1, 1, 1, 1, 1
14.204660000000001, 1, 0, 1, 1, 1, 1, 1, 1
14.218470000000002, 1, 0, 0, 1, 1, 1, 1, 1
14.219400000000002, 1, 0, 1, 1, 1, 1, 1, 1
14.220450000000001, 1, 0, 0, 1, 1, 1, 1, 1
14.220660000000001, 1, 0, 1, 1, 1, 1, 1, 1
14.220710000000000, 1, 0, 0, 1, 1, 1, 1, 1
14.220770000000002, 1, 0, 1, 1, 1, 1, 1, 1
14.220820000000002, 1, 0, 0, 1, 1, 1, 1, 1
14.220920000000001, 1, 0, 1, 1, 1, 1, 1, 1
14.220980000000001, 1, 0, 0, 1, 1, 1, 1, 1
14.221040000000000, 1, 0, 1, 1, 1, 1, 1, 1
14.221090000000002, 1, 0, 0, 1, 1, 1, 1, 1
14.221240000000002, 1, 0, 1, 1, 1, 1, 1, 1
14.221300000000001, 1, 0, 0, 1, 1, 1, 1, 1
14.221450000000001, 1, 0, 1, 1, 1, 1, 1, 1
14.222730000000000, 1, 0, 0, 1, 1, 1, 1, 1
14.223040000000001, 1, 0, 1, 1, 1, 1, 1, 1
14.223090000000001, 1, 0, 0, 1, 1, 1, 1, 1
14.223200000000000, 1, 0, 1, 1, 1, 1, 1, 1
14.224700000000000, 1, 0, 0, 1, 1, 1, 1, 1
14.224750000000002, 1, 0, 1, 1, 1, 1, 1, 1
14.224810000000002, 1, 0, 0, 1, 1, 1, 1, 1
14.225010000000001, 1, 0, 1, 1, 1, 1, 1, 1
14.225120000000000, 1, 0, 0, 1, 1, 1, 1, 1
14.225170000000000, 1, 0, 1, 1, 1, 1, 1, 1
14.229030000000002, 1, 1, 1, 1, 1, 1, 1, 1
14.229060000000000, 0, 1, 0, 1, 1, 1, 1, 1
14.229990000000001, 1, 1, 1, 1, 1, 1, 1, 1
14.230060000000002, 0, 1, 0, 1, 1, 1, 1, 1
14.230470000000000, 1, 1, 1, 1, 1, 1, 1, 1
14.230630000000001, 0, 1, 0, 1, 1, 1, 1, 1
14.230680000000001, 1, 1, 1, 1, 1, 1, 1, 1
14.230780000000001, 0, 1, 0, 1, 1, 1, 1, 1
14.230930000000001, 1, 1, 1, 1, 1, 1, 1, 1
14.230990000000002, 0, 1, 0, 1, 1, 1, 1, 1
14.231090000000002, 1, 1, 1, 1, 1, 1, 1, 1
14.231210000000001, 1, 0, 1, 1, 1, 1, 1, 1
14.231390000000001, 1, 1, 1, 1, 1, 1, 1, 1
14.231410000000000, 0, 1, 0, 1, 1, 1, 1, 1
14.231460000000002, 1, 1, 1, 1, 1, 1, 1, 1
14.231510000000002, 0, 1, 0, 1, 1, 1, 1, 1
14.231610000000002, 1, 1, 1, 1, 1, 1, 1, 1
14.231660000000002, 0, 1, 0, 1, 1, 1, 1, 1
14.231720000000001, 1, 1, 1, 1, 1, 1, 1, 1
14.231770000000001, 0, 1, 0, 1, 1, 1, 1, 1
14.231870000000001, 1, 1, 1, 1, 1, 1, 1, 1
14.231930000000002, 0, 1, 0, 1, 1, 1, 1, 1
14.232400000000002, 1, 1, 1, 1, 1, 1, 1, 1
14.232470000000001, 0, 1, 0, 1, 1, 1, 1, 1
14.232730000000002, 1, 1, 1, 1, 1, 1, 1, 1
14.232780000000002, 0, 1, 0, 1, 1, 1, 1, 1
14.232940000000001, 1, 1, 1, 1, 1, 1, 1, 1
14.233000000000001, 1, 0, 1, 1, 1, 1, 1, 1
14.233190000000000, 1, 1, 1, 1, 1, 1, 1, 1
14.233210000000001, 0, 1, 0, 1, 1, 1, 1, 1
14.233260000000001, 1, 1, 1, 1, 1, 1, 1, 1
14.233310000000001, 0, 1, 0, 1, 1, 1, 1, 1
14.233360000000001, 1, 1, 1, 1, 1, 1, 1, 1
14.233410000000001, 0, 1, 0, 1, 1, 1, 1, 1
14.233570000000000, 1, 1, 1, 1, 1, 1, 1, 1
14.233800000000000, 1, 0, 1, 1, 1, 1, 1, 1
14.252390000000002, 1, 0, 0, 1, 1, 1, 1, 1
14.253320000000000, 1, 0, 1, 1, 1, 1, 1, 1
14.254770000000001, 1, 0, 0, 1, 1, 1, 1, 1
14.254820000000000, 1, 0, 1, 1, 1, 1, 1, 1
14.254920000000002, 1, 0, 0, 1, 1, 1, 1, 1
14.255030000000001, 1, 0, 1, 1, 1, 1, 1, 1
14.255180000000001, 1, 0, 0, 1, 1, 1, 1, 1
14.255240000000001, 1, 0, 1, 1, 1, 1, 1, 1
14.255300000000002, 1, 0, 0, 1, 1, 1, 1, 1
14.255400000000002, 1, 0, 1, 1, 1, 1, 1, 1
14.255450000000002, 1, 0, 0, 1, 1, 1, 1, 1
14.255610000000001, 1, 0, 1, 1, 1, 1, 1, 1
14.255660000000001, 1, 0, 0, 1, 1, 1, 1, 1
14.255770000000002, 1, 0, 1, 1, 1, 1, 1, 1
14.256830000000001, 1, 0, 0, 1, 1, 1, 1, 1
14.256880000000001, 1, 0, 1, 1, 1, 1, 1, 1
14.256930000000001, 1, 0, 0, 1, 1, 1, 1, 1
14.257300000000001, 1, 0, 1, 1, 1, 1, 1, 1
14.257360000000002, 1, 0, 0, 1, 1, 1, 1, 1
14.257780000000000, 1, 0, 1, 1, 1, 1, 1, 1
14.258870000000002, 1, 0, 0, 1, 1, 1, 1, 1
14.259070000000001, 1, 0, 1, 1, 1, 1, 1, 1
14.259230000000001, 1, 0, 0, 1, 1, 1, 1, 1
14.259340000000002, 1, 0, 1, 1, 1, 1, 1, 1
14.300340000000002, 1, 0, 0, 1, 1, 1, 1, 1
14.301270000000001, 1, 0, 1, 1, 1, 1, 1, 1
14.302350000000001, 1, 0, 0, 1, 1, 1, 1, 1
14.302820000000001, 1, 0, 1, 1, 1, 1, 1, 1
14.302880000000002, 1, 0, 0, 1, 1, 1, 1, 1
14.302990000000001, 1, 0, 1, 1, 1, 1, 1, 1
14.303040000000001, 1, 0, 0, 1, 1, 1, 1, 1
14.303140000000001, 1, 0, 1, 1, 1, 1, 1, 1
14.303250000000002, 1, 0, 0, 1, 1, 1, 1, 1
14.303350000000002, 1, 0, 1, 1, 1, 1, 1, 1
14.304330000000002, 1, 0, 0, 1, 1, 1, 1, 1
14.304380000000002, 1, 0, 1, 1, 1, 1, 1, 1
14.304440000000001, 1, 0, 0, 1, 1, 1, 1, 1
14.304800000000002, 1, 0, 1, 1, 1, 1, 1, 1
14.304870000000001, 1, 0, 0, 1, 1, 1, 1, 1
14.304980000000000, 1, 0, 1, 1, 1, 1, 1, 1
14.305030000000000, 1, 0, 0, 1, 1, 1, 1, 1
14.305340000000001, 1, 0, 1, 1, 1, 1, 1, 1
14.306560000000001, 1, 0, 0, 1, 1, 1, 1, 1
14.306610000000001, 1, 0, 1, 1, 1, 1, 1, 1
14.306660000000001, 1, 0, 0, 1, 1, 1, 1, 1
14.306710000000001, 1, 0, 1, 1, 1, 1, 1, 1
14.306770000000002, 1, 0, 0, 1, 1, 1, 1, 1
14.306820000000002, 1, 0, 1, 1, 1, 1, 1, 1
14.306870000000002, 1, 0, 0, 1, 1, 1, 1, 1
14.307030000000001, 1, 0, 1, 1, 1, 1, 1, 1
14.320590000000001, 1, 0, 0, 1, 1, 1, 1, 1
14.321520000000001, 1, 0, 1, 1, 1, 1, 1, 1
14.322610000000001, 1, 0, 0, 1, 1, 1, 1, 1
14.322820000000002, 1, 0, 1, 1, 1, 1, 1, 1
14.322870000000002, 1, 0, 0, 1, 1, 1, 1, 1
14.322930000000001, 1, 0, 1, 1, 1, 1, 1, 1
14.322980000000001, 1, 0, 0, 1, 1, 1, 1, 1
14.323080000000001, 1, 0, 1, 1, 1, 1, 1, 1
14.323140000000000, 1, 0, 0, 1, 1, 1, 1, 1
14.323190000000000, 1, 0, 1, 1, 1, 1, 1, 1
14.323250000000002, 1, 0, 0, 1, 1, 1, 1, 1
14.323510000000001, 1, 0, 1, 1, 1, 1, 1, 1
14.323560000000001, 1, 0, 0, 1, 1, 1, 1, 1
14.323610000000000, 1, 0, 1, 1, 1, 1, 1, 1
14.324600000000002, 1, 0, 0, 1, 1, 1, 1, 1
14.324910000000001, 1, 0, 1, 1, 1, 1, 1, 1
14.324960000000001, 1, 0, 0, 1, 1, 1, 1, 1
14.325070000000002, 1, 0, 1, 1, 1, 1, 1, 1
14.326790000000001, 1, 0, 0, 1, 1, 1, 1, 1
14.326850000000000, 1, 0, 1, 1, 1, 1, 1, 1
14.326900000000002, 1, 0, 0, 1, 1, 1, 1, 1
14.326950000000002, 1, 0, 1, 1, 1, 1, 1, 1
14.327060000000001, 1, 0, 0, 1, 1, 1, 1, 1
14.327110000000001, 1, 0, 1, 1, 1, 1, 1, 1
14.327210000000001, 1, 0, 0, 1, 1, 1, 1, 1
14.327260000000001, 1, 0, 1, 1, 1, 1, 1, 1
14.331210000000000, 1, 1, 1, 1, 1, 1, 1, 1
14.331240000000001, 0, 1, 0, 1, 1, 1, 1, 1
14.332160000000002, 1, 1, 1, 1, 1, 1, 1, 1
14.332230000000001, 0, 1, 0, 1, 1, 1, 1, 1
14.332640000000001, 1, 1, 1, 1, 1, 1, 1, 1
14.332800000000001, 0, 1, 0, 1, 1, 1, 1, 1
14.332850000000001, 1, 1, 1, 1, 1, 1, 1, 1
14.332950000000000, 0, 1, 0, 1, 1, 1, 1, 1
14.333060000000001, 1, 1, 1, 1, 1, 1, 1, 1
14.333110000000001, 0, 1, 0, 1, 1, 1, 1, 1
14.333160000000001, 1, 1, 1, 1, 1, 1, 1, 1
14.333210000000001, 0, 1, 0, 1, 1, 1, 1, 1
14.333260000000001, 1, 1, 1, 1, 1, 1, 1, 1
14.333380000000002, 1, 0, 1, 1, 1, 1, 1, 1
14.333560000000000, 1, 1, 1, 1, 1, 1, 1, 1
14.333580000000001, 0, 1, 0, 1, 1, 1, 1, 1
14.333630000000001, 1, 1, 1, 1, 1, 1, 1, 1
14.333680000000001, 0, 1, 0, 1, 1, 1, 1, 1
14.333790000000000, 1, 1, 1, 1, 1, 1, 1, 1
14.333840000000000, 0, 1, 0, 1, 1, 1, 1, 1
14.333890000000002, 1, 1, 1, 1, 1, 1, 1, 1
14.333940000000002, 0, 1, 0, 1, 1, 1, 1, 1
14.334040000000002, 1, 1, 1, 1, 1, 1, 1, 1
14.334110000000001, 0, 1, 0, 1, 1, 1, 1, 1
14.334570000000001, 1, 1, 1, 1, 1, 1, 1, 1
14.334650000000002, 0, 1, 0, 1, 1, 1, 1, 1
14.334900000000001, 1, 1, 1, 1, 1, 1, 1, 1
14.334950000000001, 0, 1, 0, 1, 1, 1, 1, 1
14.335110000000002, 1, 1, 1, 1, 1, 1, 1, 1
14.335180000000001, 1, 0, 1, 1, 1, 1, 1, 1
14.335360000000001, 1, 1, 1, 1, 1, 1, 1, 1
14.335380000000001, 0, 1, 0, 1, 1, 1, 1, 1
14.335430000000001, 1, 1, 1, 1, 1, 1, 1, 1
14.335580000000002, 0, 1, 0, 1, 1, 1, 1, 1
14.335640000000001, 1, 1, 1, 1, 1, 1, 1, 1
14.335970000000001, 1, 0, 1, 1, 1, 1, 1, 1
14.353270000000002, 1, 0, 0, 1, 1, 1, 1, 1
14.354200000000001, 1, 0, 1, 1, 1, 1, 1, 1
14.355240000000002, 1, 0, 0, 1, 1, 1, 1, 1
14.355350000000001, 1, 0, 1, 1, 1, 1, 1, 1
14.355400000000001, 1, 0, 0, 1, 1, 1, 1, 1
14.355510000000001, 1, 0, 1, 1, 1, 1, 1, 1
14.355660000000000, 1, 0, 0, 1, 1, 1, 1, 1
14.355710000000002, 1, 0, 1, 1, 1, 1, 1, 1
14.355780000000001, 1, 0, 0, 1, 1, 1, 1, 1
14.355880000000001, 1, 0, 1, 1, 1, 1, 1, 1
14.355940000000000, 1, 0, 0, 1, 1, 1, 1, 1
14.356040000000002, 1, 0, 1, 1, 1, 1, 1, 1
14.356090000000002, 1, 0, 0, 1, 1, 1, 1, 1
14.356140000000002, 1, 0, 1, 1, 1, 1, 1, 1
14.356200000000001, 1, 0, 0, 1, 1, 1, 1, 1
14.356250000000001, 1, 0, 1, 1, 1, 1, 1, 1
14.357450000000002, 1, 0, 0, 1, 1, 1, 1, 1
14.357500000000002, 1, 0, 1, 1, 1, 1, 1, 1
14.357550000000002, 1, 0, 0, 1, 1, 1, 1, 1
14.357920000000002, 1, 0, 1, 1, 1, 1, 1, 1
14.357990000000001, 1, 0, 0, 1, 1, 1, 1, 1
14.358400000000001, 1, 0, 1, 1, 1, 1, 1, 1
14.359420000000002, 1, 0, 0, 1, 1, 1, 1, 1
14.359470000000002, 1, 0, 1, 1, 1, 1, 1, 1
14.359520000000002, 1, 0, 0, 1, 1, 1, 1, 1
14.359630000000001, 1, 0, 1, 1, 1, 1, 1, 1
14.359680000000001, 1, 0, 0, 1, 1, 1, 1, 1
14.359780000000001, 1, 0, 1, 1, 1, 1, 1, 1
14.359840000000002, 1, 0, 0, 1, 1, 1, 1, 1
14.359890000000002, 1, 0, 1, 1, 1, 1, 1, 1
14.399370000000001, 1, 0, 0, 1, 1, 1, 1, 1
14.400300000000001, 1, 0, 1, 1, 1, 1, 1, 1
14.401380000000001, 1, 0, 0, 1, 1, 1, 1, 1
14.401850000000001, 1, 0, 1, 1, 1, 1, 1, 1
14.401930000000002, 1, 0, 0, 1, 1, 1, 1, 1
14.402030000000002, 1, 0, 1, 1, 1, 1, 1, 1
14.402080000000002, 1, 0, 0, 1, 1, 1, 1, 1
14.402240000000001, 1, 0, 1, 1, 1, 1, 1, 1
14.402340000000001, 1, 0, 0, 1, 1, 1, 1, 1
14.402400000000002, 1, 0, 1, 1, 1, 1, 1, 1
14.403350000000001, 1, 0, 0, 1, 1, 1, 1, 1
14.403400000000001, 1, 0, 1, 1, 1, 1, 1, 1
14.403450000000001, 1, 0, 0, 1, 1, 1, 1, 1
14.403820000000001, 1, 0, 1, 1, 1, 1, 1, 1
14.403880000000001, 1, 0, 0, 1, 1, 1, 1, 1
14.403980000000001, 1, 0, 1, 1, 1, 1, 1, 1
14.404030000000001, 1, 0, 0, 1, 1, 1, 1, 1
14.404350000000001, 1, 0, 1, 1, 1, 1, 1, 1
14.405330000000001, 1, 0, 0, 1, 1, 1, 1, 1
14.405390000000001, 1, 0, 1, 1, 1, 1, 1, 1
14.405440000000000, 1, 0, 0, 1, 1, 1, 1, 1
14.405590000000002, 1, 0, 1, 1, 1, 1, 1, 1
14.405700000000001, 1, 0, 0, 1, 1, 1, 1, 1
14.405800000000001, 1, 0, 1, 1, 1, 1, 1, 1
14.419510000000001, 1, 0, 0, 1, 1, 1, 1, 1
14.420440000000001, 1, 0, 1, 1, 1, 1, 1, 1
14.421610000000001, 1, 0, 0, 1, 1, 1, 1, 1
14.421820000000000, 1, 0, 1, 1, 1, 1, 1, 1
14.421870000000002, 1, 0, 0, 1, 1, 1, 1, 1
14.421920000000002, 1, 0, 1, 1, 1, 1, 1, 1
14.421970000000002, 1, 0, 0, 1, 1, 1, 1, 1
14.422080000000001, 1, 0, 1, 1, 1, 1, 1, 1
14.422140000000001, 1, 0, 0, 1, 1, 1, 1, 1
14.422190000000001, 1, 0, 1, 1, 1, 1, 1, 1
14.422240000000000, 1, 0, 0, 1, 1, 1, 1, 1
14.422400000000001, 1, 0, 1, 1, 1, 1, 1, 1
14.422550000000001, 1, 0, 0, 1, 1, 1, 1, 1
14.422610000000001, 1, 0, 1, 1, 1, 1, 1, 1
14.423610000000002, 1, 0, 0, 1, 1, 1, 1, 1
14.423920000000001, 1, 0, 1, 1, 1, 1, 1, 1
14.423970000000001, 1, 0, 0, 1, 1, 1, 1, 1
14.424080000000002, 1, 0, 1, 1, 1, 1, 1, 1
14.425570000000000, 1, 0, 0, 1, 1, 1, 1, 1
14.425730000000001, 1, 0, 1, 1, 1, 1, 1, 1
14.425780000000001, 1, 0, 0, 1, 1, 1, 1, 1
14.425830000000001, 1, 0, 1, 1, 1, 1, 1, 1
14.425890000000001, 1, 0, 0, 1, 1, 1, 1, 1
14.425990000000001, 1, 0, 1, 1, 1, 1, 1, 1
14.430050000000001, 1, 1, 1, 1, 1, 1, 1, 1
14.430070000000001, 0, 1, 0, 1, 1, 1, 1, 1
14.431000000000001, 1, 1, 1, 1, 1, 1, 1, 1
14.431050000000001, 0, 1, 0, 1, 1, 1, 1, 1
14.431460000000001, 1, 1, 1, 1, 1, 1, 1, 1
14.431610000000001, 0, 1, 0, 1, 1, 1, 1, 1
14.431660000000001, 1, 1, 1, 1, 1, 1, 1, 1
14.431760000000001, 0, 1, 0, 1, 1, 1, 1, 1
14.432020000000001, 1, 1, 1, 1, 1, 1, 1, 1
14.432190000000000, 1, 0, 1, 1, 1, 1, 1, 1
14.432370000000001, 1, 1, 1, 1, 1, 1, 1, 1
14.432390000000002, 0, 1, 0, 1, 1, 1, 1, 1
14.432440000000001, 1, 1, 1, 1, 1, 1, 1, 1
14.432490000000001, 0, 1, 0, 1, 1, 1, 1, 1
14.432590000000001, 1, 1, 1, 1, 1, 1, 1, 1
14.432640000000001, 0, 1, 0, 1, 1, 1, 1, 1
14.432700000000001, 1, 1, 1, 1, 1, 1, 1, 1
14.432750000000000, 0, 1, 0, 1, 1, 1, 1, 1
14.432850000000002, 1, 1, 1, 1, 1, 1, 1, 1
14.432910000000001, 0, 1, 0, 1, 1, 1, 1, 1
14.433380000000001, 1, 1, 1, 1, 1, 1, 1, 1
14.433450000000001, 0, 1, 0, 1, 1, 1, 1, 1
14.433710000000001, 1, 1, 1, 1, 1, 1, 1, 1
14.433760000000001, 0, 1, 0, 1, 1, 1, 1, 1
14.433920000000001, 1, 1, 1, 1, 1, 1, 1, 1
14.433980000000002, 1, 0, 1, 1, 1, 1, 1, 1
14.434170000000002, 1, 1, 1, 1, 1, 1, 1, 1
14.434190000000001, 0, 1, 0, 1, 1, 1, 1, 1
14.434290000000001, 1, 1, 1, 1, 1, 1, 1, 1
14.434340000000001, 0, 1, 0, 1, 1, 1, 1, 1
14.434390000000000, 1, 1, 1, 1, 1, 1, 1, 1
14.434550000000002, 0, 1, 0, 1, 1, 1, 1, 1
14.434650000000001, 1, 1, 1, 1, 1, 1, 1, 1
14.434780000000002, 1, 0, 1, 1, 1, 1, 1, 1
14.452180000000002, 1, 0, 0, 1, 1, 1, 1, 1
14.453110000000001, 1, 0, 1, 1, 1, 1, 1, 1
14.454210000000002, 1, 0, 0, 1, 1, 1, 1, 1
14.454270000000001, 1, 0, 1, 1, 1, 1, 1, 1
14.454320000000001, 1, 0, 0, 1, 1, 1, 1, 1
14.454480000000002, 1, 0, 1, 1, 1, 1, 1, 1
14.454630000000002, 1, 0, 0, 1, 1, 1, 1, 1
14.454680000000002, 1, 0, 1, 1, 1, 1, 1, 1
14.454740000000001, 1, 0, 0, 1, 1, 1, 1, 1
14.454850000000000, 1, 0, 1, 1, 1, 1, 1, 1
14.454900000000000, 1, 0, 0, 1, 1, 1, 1, 1
14.455160000000001, 1, 0, 1, 1, 1, 1, 1, 1
14.456170000000002, 1, 0, 0, 1, 1, 1, 1, 1
14.456220000000002, 1, 0, 1, 1, 1, 1, 1, 1
14.456270000000002, 1, 0, 0, 1, 1, 1, 1, 1
14.456640000000002, 1, 0, 1, 1, 1, 1, 1, 1
14.456700000000001, 1, 0, 0, 1, 1, 1, 1, 1
14.457120000000002, 1, 0, 1, 1, 1, 1, 1, 1
14.458220000000001, 1, 0, 0, 1, 1, 1, 1, 1
14.458380000000002, 1, 0, 1, 1, 1, 1, 1, 1
14.458530000000001, 1, 0, 0, 1, 1, 1, 1, 1
14.458580000000001, 1, 0, 1, 1, 1, 1, 1, 1
14.458640000000001, 1, 0, 0, 1, 1, 1, 1, 1
14.458690000000001, 1, 0, 1, 1, 1, 1, 1, 1
14.500070000000001, 1, 0, 0, 1, 1, 1, 1, 1
14.501000000000001, 1, 0, 1, 1, 1, 1, 1, 1
14.502100000000000, 1, 0, 0, 1, 1, 1, 1, 1
14.502570000000000, 1, 0, 1, 1, 1, 1, 1, 1
14.502630000000002, 1, 0, 0, 1, 1, 1, 1, 1
14.502730000000001, 1, 0, 1, 1, 1, 1, 1, 1
14.502780000000001, 1, 0, 0, 1, 1, 1, 1, 1
14.502890000000001, 1, 0, 1, 1, 1, 1, 1, 1
14.502940000000001, 1, 0, 0, 1, 1, 1, 1, 1
14.503040000000000, 1, 0, 1, 1, 1, 1, 1, 1
14.504220000000002, 1, 0, 0, 1, 1, 1, 1, 1
14.504270000000002, 1, 0, 1, 1, 1, 1, 1, 1
14.504330000000001, 1, 0, 0, 1, 1, 1, 1, 1
14.504690000000002, 1, 0, 1, 1, 1, 1, 1, 1
14.504760000000001, 1, 0, 0, 1, 1, 1, 1, 1
14.504860000000001, 1, 0, 1, 1, 1, 1, 1, 1
14.504910000000001, 1, 0, 0, 1, 1, 1, 1, 1
14.505230000000001, 1, 0, 1, 1, 1, 1, 1, 1
14.506210000000001, 1, 0, 0, 1, 1, 1, 1, 1
14.506260000000001, 1, 0, 1, 1, 1, 1, 1, 1
14.506310000000001, 1, 0, 0, 1, 1, 1, 1, 1
14.506360000000001, 1, 0, 1, 1, 1, 1, 1, 1
14.506520000000002, 1, 0, 0, 1, 1, 1, 1, 1
14.506570000000002, 1, 0, 1, 1, 1, 1, 1, 1
14.506630000000001, 1, 0, 0, 1, 1, 1, 1, 1
14.506680000000001, 1, 0, 1, 1, 1, 1, 1, 1
14.520220000000002, 1, 0, 0, 1, 1, 1, 1, 1
14.521150000000000, 1, 0, 1, 1, 1, 1, 1, 1
14.522230000000000, 1, 0, 0, 1, 1, 1, 1, 1
14.522440000000001, 1, 0, 1, 1, 1, 1, 1, 1
14.522490000000001, 1, 0, 0, 1, 1, 1, 1, 1
14.522540000000001, 1, 0, 1, 1, 1, 1, 1, 1
14.522590000000001, 1, 0, 0, 1, 1, 1, 1, 1
14.522700000000000, 1, 0, 1, 1, 1, 1, 1, 1
14.522760000000002, 1, 0, 0, 1, 1, 1, 1, 1
14.522810000000002, 1, 0, 1, 1, 1, 1, 1, 1
14.522860000000001, 1, 0, 0, 1, 1, 1, 1, 1
14.523070000000001, 1, 0, 1, 1, 1, 1, 1, 1
14.523120000000000, 1, 0, 0, 1, 1, 1, 1, 1
14.523180000000002, 1, 0, 1, 1, 1, 1, 1, 1
14.524380000000001, 1, 0, 0, 1, 1, 1, 1, 1
14.524690000000001, 1, 0, 1, 1, 1, 1, 1, 1
14.524740000000001, 1, 0, 0, 1, 1, 1, 1, 1
14.524850000000001, 1, 0, 1, 1, 1, 1, 1, 1
14.526450000000001, 1, 0, 0, 1, 1, 1, 1, 1
14.526560000000002, 1, 0, 1, 1, 1, 1, 1, 1
14.526710000000001, 1, 0, 0, 1, 1, 1, 1, 1
14.526760000000001, 1, 0, 1, 1, 1, 1, 1, 1
14.526820000000001, 1, 0, 0, 1, 1, 1, 1, 1
14.526920000000000, 1, 0, 1, 1, 1, 1, 1, 1
14.530800000000001, 1, 1, 1, 1, 1, 1, 1, 1
14.530830000000002, 0, 1, 0, 1, 1, 1, 1, 1
14.531760000000002, 1, 1, 1, 1, 1, 1, 1, 1
14.531910000000002, 0, 1, 0, 1, 1, 1, 1, 1
14.532320000000000, 1, 1, 1, 1, 1, 1, 1, 1
14.532580000000001, 0, 1, 0, 1, 1, 1, 1, 1
14.532630000000001, 1, 1, 1, 1, 1, 1, 1, 1
14.532730000000001, 0, 1, 0, 1, 1, 1, 1, 1
14.532830000000001, 1, 1, 1, 1, 1, 1, 1, 1
14.532940000000002, 0, 1, 0, 1, 1, 1, 1, 1
14.532990000000002, 1, 1, 1, 1, 1, 1, 1, 1
14.533150000000001, 1, 0, 1, 1, 1, 1, 1, 1
14.533340000000001, 1, 1, 1, 1, 1, 1, 1, 1
14.533360000000002, 0, 1, 0, 1, 1, 1, 1, 1
14.533410000000002, 1, 1, 1, 1, 1, 1, 1, 1
14.533460000000002, 0, 1, 0, 1, 1, 1, 1, 1
14.533560000000001, 1, 1, 1, 1, 1, 1, 1, 1
14.533610000000001, 0, 1, 0, 1, 1, 1, 1, 1
14.533660000000001, 1, 1, 1, 1, 1, 1, 1, 1
14.533720000000001, 0, 1, 0, 1, 1, 1, 1, 1
14.533820000000000, 1, 1, 1, 1, 1, 1, 1, 1
14.533880000000002, 0, 1, 0, 1, 1, 1, 1, 1
14.534340000000002, 1, 1, 0, 1, 1, 1, 1, 1
14.534350000000002, 1, 1, 1, 1, 1, 1, 1, 1
14.534420000000001, 0, 1, 0, 1, 1, 1, 1, 1
14.534680000000002, 1, 1, 1, 1, 1, 1, 1, 1
14.534730000000001, 0, 1, 0, 1, 1, 1, 1, 1
14.534880000000001, 1, 1, 1, 1, 1, 1, 1, 1
14.534950000000002, 1, 0, 1, 1, 1, 1, 1, 1
14.535140000000002, 1, 1, 1, 1, 1, 1, 1, 1
14.535150000000002, 0, 1, 0, 1, 1, 1, 1, 1
14.535210000000001, 1, 1, 1, 1, 1, 1, 1, 1
14.535310000000001, 0, 1, 0, 1, 1, 1, 1, 1
14.535410000000001, 1, 1, 1, 1, 1, 1, 1, 1
14.535460000000000, 0, 1, 0, 1, 1, 1, 1, 1
14.535570000000002, 1, 1, 1, 1, 1, 1, 1, 1
14.535750000000002, 1, 0, 1, 1, 1, 1, 1, 1
14.553080000000001, 1, 0, 0, 1, 1, 1, 1, 1
14.554010000000002, 1, 0, 1, 1, 1, 1, 1, 1
14.555270000000002, 1, 0, 0, 1, 1, 1, 1, 1
14.555530000000001, 1, 0, 1, 1, 1, 1, 1, 1
14.555680000000001, 1, 0, 0, 1, 1, 1, 1, 1
14.555740000000002, 1, 0, 1, 1, 1, 1, 1, 1
14.555800000000001, 1, 0, 0, 1, 1, 1, 1, 1
14.555900000000001, 1, 0, 1, 1, 1, 1, 1, 1
14.555950000000001, 1, 0, 0, 1, 1, 1, 1, 1
14.556060000000000, 1, 0, 1, 1, 1, 1, 1, 1
14.556160000000002, 1, 0, 0, 1, 1, 1, 1, 1
14.556210000000002, 1, 0, 1, 1, 1, 1, 1, 1
14.557230000000001, 1, 0, 0, 1, 1, 1, 1, 1
14.557280000000000, 1, 0, 1, 1, 1, 1, 1, 1
14.557330000000000, 1, 0, 0, 1, 1, 1, 1, 1
14.557700000000001, 1, 0, 1, 1, 1, 1, 1, 1
14.557760000000002, 1, 0, 0, 1, 1, 1, 1, 1
14.558180000000002, 1, 0, 1, 1, 1, 1, 1, 1
14.559230000000001, 1, 0, 0, 1, 1, 1, 1, 1
14.559290000000001, 1, 0, 1, 1, 1, 1, 1, 1
14.559390000000000, 1, 0, 0, 1, 1, 1, 1, 1
14.559440000000000, 1, 0, 1, 1, 1, 1, 1, 1
14.559490000000002, 1, 0, 0, 1, 1, 1, 1, 1
14.559550000000002, 1, 0, 1, 1, 1, 1, 1, 1
14.559600000000001, 1, 0, 0, 1, 1, 1, 1, 1
14.559650000000001, 1, 0, 1, 1, 1, 1, 1, 1
14.599080000000001, 1, 0, 0, 1, 1, 1, 1, 1
14.600010000000001, 1, 0, 1, 1, 1, 1, 1, 1
14.601090000000001, 1, 0, 0, 1, 1, 1, 1, 1
14.601560000000001, 1, 0, 1, 1, 1, 1, 1, 1
14.601620000000000, 1, 0, 0, 1, 1, 1, 1, 1
14.601730000000002, 1, 0, 1, 1, 1, 1, 1, 1
14.601780000000002, 1, 0, 0, 1, 1, 1, 1, 1
14.601990000000001, 1, 0, 1, 1, 1, 1, 1, 1
14.603210000000001, 1, 0, 0, 1, 1, 1, 1, 1
14.603270000000002, 1, 0, 1, 1, 1, 1, 1, 1
14.603320000000002, 1, 0, 0, 1, 1, 1, 1, 1
14.603680000000001, 1, 0, 1, 1, 1, 1, 1, 1
14.603740000000002, 1, 0, 0, 1, 1, 1, 1, 1
14.603850000000001, 1, 0, 1, 1, 1, 1, 1, 1
14.603900000000001, 1, 0, 0, 1, 1, 1, 1, 1
14.604210000000002, 1, 0, 1, 1, 1, 1, 1, 1
14.605350000000001, 1, 0, 0, 1, 1, 1, 1, 1
14.605410000000001, 1, 0, 1, 1, 1, 1, 1, 1
14.605460000000001, 1, 0, 0, 1, 1, 1, 1, 1
14.605560000000001, 1, 0, 1, 1, 1, 1, 1, 1
14.605770000000001, 1, 0, 0, 1, 1, 1, 1, 1
14.605820000000001, 1, 0, 1, 1, 1, 1, 1, 1
14.619330000000001, 1, 0, 0, 1, 1, 1, 1, 1
14.620260000000002, 1, 0, 1, 1, 1, 1, 1, 1
14.621350000000001, 1, 0, 0, 1, 1, 1, 1, 1
14.621560000000001, 1, 0, 1, 1, 1, 1, 1, 1
14.621610000000000, 1, 0, 0, 1, 1, 1, 1, 1
14.621660000000000, 1, 0, 1, 1, 1, 1, 1, 1
14.621710000000002, 1, 0, 0, 1, 1, 1, 1, 1
14.621820000000001, 1, 0, 1, 1, 1, 1, 1, 1
14.621900000000002, 1, 0, 0, 1, 1, 1, 1, 1
14.621950000000002, 1, 0, 1, 1, 1, 1, 1, 1
14.622000000000002, 1, 0, 0, 1, 1, 1, 1, 1
14.622160000000001, 1, 0, 1, 1, 1, 1, 1, 1
14.622210000000001, 1, 0, 0, 1, 1, 1, 1, 1
14.622260000000001, 1, 0, 1, 1, 1, 1, 1, 1
14.623360000000002, 1, 0, 0, 1, 1, 1, 1, 1
14.623670000000001, 1, 0, 1, 1, 1, 1, 1, 1
14.623720000000000, 1, 0, 0, 1, 1, 1, 1, 1
14.623830000000002, 1, 0, 1, 1, 1, 1, 1, 1
14.625490000000001, 1, 0, 0, 1, 1, 1, 1, 1
14.625650000000002, 1, 0, 1, 1, 1, 1, 1, 1
14.625750000000002, 1, 0, 0, 1, 1, 1, 1, 1
14.625910000000001, 1, 0, 1, 1, 1, 1, 1, 1
14.629710000000001, 1, 1, 1, 1, 1, 1, 1, 1
14.629740000000002, 0, 1, 0, 1, 1, 1, 1, 1
14.630660000000001, 1, 1, 1, 1, 1, 1, 1, 1
14.630730000000002, 0, 1, 0, 1, 1, 1, 1, 1
14.631150000000002, 1, 1, 1, 1, 1, 1, 1, 1
14.631300000000001, 0, 1, 0, 1, 1, 1, 1, 1
14.631350000000001, 1, 1, 1, 1, 1, 1, 1, 1
14.631460000000001, 0, 1, 0, 1, 1, 1, 1, 1
14.631610000000002, 1, 1, 1, 1, 1, 1, 1, 1
14.631880000000001, 1, 0, 1, 1, 1, 1, 1, 1
14.632070000000001, 1, 1, 1, 1, 1, 1, 1, 1
14.632080000000002, 0, 1, 0, 1, 1, 1, 1, 1
14.632130000000002, 1, 1, 1, 1, 1, 1, 1, 1
14.632180000000002, 0, 1, 1, 1, 1, 1, 1, 1
14.632190000000001, 0, 1, 0, 1, 1, 1, 1, 1
14.632290000000001, 1, 1, 1, 1, 1, 1, 1, 1
14.632340000000001, 0, 1, 0, 1, 1, 1, 1, 1
14.632390000000001, 1, 1, 1, 1, 1, 1, 1, 1
14.632440000000001, 0, 1, 0, 1, 1, 1, 1, 1
14.632550000000002, 1, 1, 1, 1, 1, 1, 1, 1
14.632720000000001, 0, 1, 0, 1, 1, 1, 1, 1
14.633190000000001, 1, 1, 1, 1, 1, 1, 1, 1
14.633380000000001, 0, 1, 0, 1, 1, 1, 1, 1
14.633640000000002, 1, 1, 1, 1, 1, 1, 1, 1
14.633690000000001, 0, 1, 0, 1, 1, 1, 1, 1
14.633840000000001, 1, 1, 1, 1, 1, 1, 1, 1
14.633900000000001, 1, 0, 1, 1, 1, 1, 1, 1
14.634130000000001, 1, 1, 1, 1, 1, 1, 1, 1
14.634150000000002, 0, 1, 0, 1, 1, 1, 1, 1
14.634200000000002, 1, 1, 1, 1, 1, 1, 1, 1
14.634410000000001, 0, 1, 0, 1, 1, 1, 1, 1
14.634460000000001, 1, 1, 1, 1, 1, 1, 1, 1
14.634560000000000, 0, 1, 0, 1, 1, 1, 1, 1
14.634610000000000, 1, 1, 1, 1, 1, 1, 1, 1
14.634740000000001, 1, 0, 1, 1, 1, 1, 1, 1
14.651930000000002, 1, 0, 0, 1, 1, 1, 1, 1
14.652860000000000, 1, 0, 1, 1, 1, 1, 1, 1
14.653940000000000, 1, 0, 0, 1, 1, 1, 1, 1
14.653990000000002, 1, 0, 1, 1, 1, 1, 1, 1
14.654200000000001, 1, 0, 0, 1, 1, 1, 1, 1
14.654250000000001, 1, 0, 1, 1, 1, 1, 1, 1
14.654360000000000, 1, 0, 0, 1, 1, 1, 1, 1
14.654410000000000, 1, 0, 1, 1, 1, 1, 1, 1
14.654470000000002, 1, 0, 0, 1, 1, 1, 1, 1
14.654580000000001, 1, 0, 1, 1, 1, 1, 1, 1
14.654630000000001, 1, 0, 0, 1, 1, 1, 1, 1
14.654780000000001, 1, 0, 1, 1, 1, 1, 1, 1
14.656280000000001, 1, 0, 0, 1, 1, 1, 1, 1
14.656330000000001, 1, 0, 1, 1, 1, 1, 1, 1
14.656390000000002, 1, 0, 0, 1, 1, 1, 1, 1
14.656750000000001, 1, 0, 1, 1, 1, 1, 1, 1
14.656810000000002, 1, 0, 0, 1, 1, 1, 1, 1
14.657230000000002, 1, 0, 1, 1, 1, 1, 1, 1
14.658270000000002, 1, 0, 0, 1, 1, 1, 1, 1
14.658380000000001, 1, 0, 1, 1, 1, 1, 1, 1
14.658430000000001, 1, 0, 0, 1, 1, 1, 1, 1
14.658480000000001, 1, 0, 1, 1, 1, 1, 1, 1
14.658640000000002, 1, 0, 0, 1, 1, 1, 1, 1
14.658740000000002, 1, 0, 1, 1, 1, 1, 1, 1
14.699940000000002, 1, 0, 0, 1, 1, 1, 1, 1
14.700870000000002, 1, 0, 1, 1, 1, 1, 1, 1
14.701920000000001, 1, 0, 0, 1, 1, 1, 1, 1
14.702390000000001, 1, 0, 1, 1, 1, 1, 1, 1
14.702450000000001, 1, 0, 0, 1, 1, 1, 1, 1
14.702550000000000, 1, 0, 1, 1, 1, 1, 1, 1
14.702600000000000, 1, 0, 0, 1, 1, 1, 1, 1
14.702710000000002, 1, 0, 1, 1, 1, 1, 1, 1
14.703910000000000, 1, 0, 0, 1, 1, 1, 1, 1
14.703960000000000, 1, 0, 1, 1, 1, 1, 1, 1
14.704010000000002, 1, 0, 0, 1, 1, 1, 1, 1
14.704380000000000, 1, 0, 1, 1, 1, 1, 1, 1
14.704440000000002, 1, 0, 0, 1, 1, 1, 1, 1
14.704540000000001, 1, 0, 1, 1, 1, 1, 1, 1
14.704590000000001, 1, 0, 0, 1, 1, 1, 1, 1
14.704910000000002, 1, 0, 1, 1, 1, 1, 1, 1
14.705920000000001, 1, 0, 0, 1, 1, 1, 1, 1
14.706130000000002, 1, 0, 1, 1, 1, 1, 1, 1
14.706240000000001, 1, 0, 0, 1, 1, 1, 1, 1
14.706340000000001, 1, 0, 1, 1, 1, 1, 1, 1
14.719990000000001, 1, 0, 0, 1, 1, 1, 1, 1
14.720920000000001, 1, 0, 1, 1, 1, 1, 1, 1
14.722160000000001, 1, 0, 0, 1, 1, 1, 1, 1
14.722360000000002, 1, 0, 1, 1, 1, 1, 1, 1
14.722420000000001, 1, 0, 0, 1, 1, 1, 1, 1
14.722470000000001, 1, 0, 1, 1, 1, 1, 1, 1
14.722520000000001, 1, 0, 0, 1, 1, 1, 1, 1
14.722620000000001, 1, 0, 1, 1, 1, 1, 1, 1
14.722680000000000, 1, 0, 0, 1, 1, 1, 1, 1
14.722740000000002, 1, 0, 1, 1, 1, 1, 1, 1
14.722790000000002, 1, 0, 0, 1, 1, 1, 1, 1
14.723150000000000, 1, 0, 1, 1, 1, 1, 1, 1
14.724160000000001, 1, 0, 0, 1, 1, 1, 1, 1
14.724470000000002, 1, 0, 1, 1, 1, 1, 1, 1
14.724530000000001, 1, 0, 0, 1, 1, 1, 1, 1
14.724630000000001, 1, 0, 1, 1, 1, 1, 1, 1
14.726170000000002, 1, 0, 0, 1, 1, 1, 1, 1
14.726270000000001, 1, 0, 1, 1, 1, 1, 1, 1
14.726370000000001, 1, 0, 0, 1, 1, 1, 1, 1
14.726430000000001, 1, 0, 1, 1, 1, 1, 1, 1
14.726530000000000, 1, 0, 0, 1, 1, 1, 1, 1
14.726640000000002, 1, 0, 1, 1, 1, 1, 1, 1
14.730370000000001, 1, 1, 1, 1, 1, 1, 1, 1
14.730390000000002, 0, 1, 0, 1, 1, 1, 1, 1
14.731320000000002, 1, 1, 1, 1, 1, 1, 1, 1
14.731390000000001, 0, 1, 0, 1, 1, 1, 1, 1
14.731800000000002, 1, 1, 1, 1, 1, 1, 1, 1
14.731960000000001, 0, 1, 0, 1, 1, 1, 1, 1
14.732010000000001, 1, 1, 1, 1, 1, 1, 1, 1
14.732110000000000, 0, 1, 0, 1, 1, 1, 1, 1
14.732210000000002, 1, 1, 1, 1, 1, 1, 1, 1
14.732270000000002, 0, 1, 0, 1, 1, 1, 1, 1
14.732420000000001, 1, 1, 1, 1, 1, 1, 1, 1
14.732540000000002, 1, 0, 1, 1, 1, 1, 1, 1
14.732720000000000, 1, 1, 1, 1, 1, 1, 1, 1
14.732740000000002, 0, 1, 0, 1, 1, 1, 1, 1
14.732790000000001, 1, 1, 1, 1, 1, 1, 1, 1
14.732840000000001, 0, 1, 0, 1, 1, 1, 1, 1
14.732940000000001, 1, 1, 0, 1, 1, 1, 1, 1
14.732950000000001, 1, 1, 1, 1, 1, 1, 1, 1
14.733000000000001, 0, 1, 0, 1, 1, 1, 1, 1
14.733050000000000, 1, 1, 1, 1, 1, 1, 1, 1
14.733100000000002, 0, 1, 0, 1, 1, 1, 1, 1
14.733200000000002, 1, 1, 1, 1, 1, 1, 1, 1
14.733270000000001, 0, 1, 0, 1, 1, 1, 1, 1
14.733730000000001, 1, 1, 1, 1, 1, 1, 1, 1
14.733810000000002, 0, 1, 0, 1, 1, 1, 1, 1
14.734060000000001, 1, 1, 1, 1, 1, 1, 1, 1
14.734110000000001, 0, 1, 0, 1, 1, 1, 1, 1
14.734270000000000, 1, 1, 1, 1, 1, 1, 1, 1
14.734340000000001, 1, 0, 1, 1, 1, 1, 1, 1
14.734550000000000, 1, 1, 1, 1, 1, 1, 1, 1
14.734570000000001, 0, 1, 0, 1, 1, 1, 1, 1
14.734720000000001, 1, 1, 1, 1, 1, 1, 1, 1
14.734820000000001, 0, 1, 0, 1, 1, 1, 1, 1
14.734880000000000, 1, 1, 1, 1, 1, 1, 1, 1
14.734980000000002, 0, 1, 0, 1, 1, 1, 1, 1
14.735030000000002, 1, 1, 1, 1, 1, 1, 1, 1
14.735150000000001, 1, 0, 1, 1, 1, 1, 1, 1
14.751470000000001, 1, 0, 0, 1, 1, 1, 1, 1
14.752400000000002, 1, 0, 1, 1, 1, 1, 1, 1
14.753660000000002, 1, 0, 0, 1, 1, 1, 1, 1
14.753760000000002, 1, 0, 1, 1, 1, 1, 1, 1
14.753920000000001, 1, 0, 0, 1, 1, 1, 1, 1
14.753970000000001, 1, 0, 1, 1, 1, 1, 1, 1
14.754080000000002, 1, 0, 0, 1, 1, 1, 1, 1
14.754130000000002, 1, 0, 1, 1, 1, 1, 1, 1
14.754190000000001, 1, 0, 0, 1, 1, 1, 1, 1
14.754290000000001, 1, 0, 1, 1, 1, 1, 1, 1
14.754340000000001, 1, 0, 0, 1, 1, 1, 1, 1
14.754450000000002, 1, 0, 1, 1, 1, 1, 1, 1
14.754500000000002, 1, 0, 0, 1, 1, 1, 1, 1
14.754660000000001, 1, 0, 1, 1, 1, 1, 1, 1
14.755630000000002, 1, 0, 0, 1, 1, 1, 1, 1
14.755680000000002, 1, 0, 1, 1, 1, 1, 1, 1
14.755730000000002, 1, 0, 0, 1, 1, 1, 1, 1
14.756100000000002, 1, 0, 1, 1, 1, 1, 1, 1
14.756160000000001, 1, 0, 0, 1, 1, 1, 1, 1
14.756570000000002, 1, 0, 1, 1, 1, 1, 1, 1
14.757800000000001, 1, 0, 0, 1, 1, 1, 1, 1
14.758160000000002, 1, 0, 1, 1, 1, 1, 1, 1
14.758220000000001, 1, 0, 0, 1, 1, 1, 1, 1
14.758270000000001, 1, 0, 1, 1, 1, 1, 1, 1
14.799650000000002, 1, 0, 0, 1, 1, 1, 1, 1
14.800580000000002, 1, 0, 1, 1, 1, 1, 1, 1
14.801630000000001, 1, 0, 0, 1, 1, 1, 1, 1
14.802100000000001, 1, 0, 1, 1, 1, 1, 1, 1
14.802160000000001, 1, 0, 0, 1, 1, 1, 1, 1
14.802270000000002, 1, 0, 1, 1, 1, 1, 1, 1
14.802320000000002, 1, 0, 0, 1, 1, 1, 1, 1
14.802480000000001, 1, 0, 1, 1, 1, 1, 1, 1
14.802530000000001, 1, 0, 0, 1, 1, 1, 1, 1
14.802630000000001, 1, 0, 1, 1, 1, 1, 1, 1
14.803820000000002, 1, 0, 0, 1, 1, 1, 1, 1
14.803870000000002, 1, 0, 1, 1, 1, 1, 1, 1
14.803920000000002, 1, 0, 0, 1, 1, 1, 1, 1
14.804290000000002, 1, 0, 1, 1, 1, 1, 1, 1
14.804350000000001, 1, 0, 0, 1, 1, 1, 1, 1
14.804450000000001, 1, 0, 1, 1, 1, 1, 1, 1
14.804500000000001, 1, 0, 0, 1, 1, 1, 1, 1
14.804820000000001, 1, 0, 1, 1, 1, 1, 1, 1
14.805780000000000, 1, 0, 0, 1, 1, 1, 1, 1
14.805830000000002, 1, 0, 1, 1, 1, 1, 1, 1
14.805990000000001, 1, 0, 0, 1, 1, 1, 1, 1
14.806040000000001, 1, 0, 1, 1, 1, 1, 1, 1
14.806150000000001, 1, 0, 0, 1, 1, 1, 1, 1
14.806200000000000, 1, 0, 1, 1, 1, 1, 1, 1
14.819900000000001, 1, 0, 0, 1, 1, 1, 1, 1
14.820830000000001, 1, 0, 1, 1, 1, 1, 1, 1
14.821890000000002, 1, 0, 0, 1, 1, 1, 1, 1
14.822100000000001, 1, 0, 1, 1, 1, 1, 1, 1
14.822150000000001, 1, 0, 0, 1, 1, 1, 1, 1
14.822200000000000, 1, 0, 1, 1, 1, 1, 1, 1
14.822250000000000, 1, 0, 0, 1, 1, 1, 1, 1
14.822360000000002, 1, 0, 1, 1, 1, 1, 1, 1
14.822420000000001, 1, 0, 0, 1, 1, 1, 1, 1
14.822470000000001, 1, 0, 1, 1, 1, 1, 1, 1
14.822520000000001, 1, 0, 0, 1, 1, 1, 1, 1
14.822680000000002, 1, 0, 1, 1, 1, 1, 1, 1
14.822780000000002, 1, 0, 0, 1, 1, 1, 1, 1
14.822890000000001, 1, 0, 1, 1, 1, 1, 1, 1
14.824040000000002, 1, 0, 0, 1, 1, 1, 1, 1
14.824360000000000, 1, 0, 1, 1, 1, 1, 1, 1
14.824410000000002, 1, 0, 0, 1, 1, 1, 1, 1
14.824510000000002, 1, 0, 1, 1, 1, 1, 1, 1
14.826020000000002, 1, 0, 0, 1, 1, 1, 1, 1
14.826070000000001, 1, 0, 1, 1, 1, 1, 1, 1
14.826280000000001, 1, 0, 0, 1, 1, 1, 1, 1
14.826380000000000, 1, 0, 1, 1, 1, 1, 1, 1
14.830360000000001, 1, 1, 1, 1, 1, 1, 1, 1
14.830390000000001, 0, 1, 0, 1, 1, 1, 1, 1
14.831320000000002, 1, 1, 1, 1, 1, 1, 1, 1
14.831390000000001, 0, 1, 0, 1, 1, 1, 1, 1
14.831800000000001, 1, 1, 1, 1, 1, 1, 1, 1
14.831950000000001, 0, 1, 0, 1, 1, 1, 1, 1
14.832000000000001, 1, 1, 0, 1, 1, 1, 1, 1
14.832010000000000, 1, 1, 1, 1, 1, 1, 1, 1
14.832110000000002, 0, 1, 0, 1, 1, 1, 1, 1
14.832310000000001, 1, 1, 1, 1, 1, 1, 1, 1
14.832370000000001, 0, 1, 0, 1, 1, 1, 1, 1
14.832420000000001, 1, 1, 1, 1, 1, 1, 1, 1
14.832530000000002, 1, 0, 1, 1, 1, 1, 1, 1
14.832720000000002, 1, 1, 1, 1, 1, 1, 1, 1
14.832740000000001, 0, 1, 0, 1, 1, 1, 1, 1
14.832790000000001, 1, 1, 1, 1, 1, 1, 1, 1
14.832840000000001, 0, 1, 0, 1, 1, 1, 1, 1
14.832940000000001, 1, 1, 1, 1, 1, 1, 1, 1
14.832990000000001, 0, 1, 0, 1, 1, 1, 1, 1
14.833040000000000, 1, 1, 1, 1, 1, 1, 1, 1
14.833100000000002, 0, 1, 0, 1, 1, 1, 1, 1
14.833200000000001, 1, 1, 1, 1, 1, 1, 1, 1
14.833260000000001, 0, 1, 0, 1, 1, 1, 1, 1
14.833730000000001, 1, 1, 1, 1, 1, 1, 1, 1
14.833800000000002, 0, 1, 0, 1, 1, 1, 1, 1
14.834060000000001, 1, 1, 1, 1, 1, 1, 1, 1
14.834110000000001, 0, 1, 0, 1, 1, 1, 1, 1
14.834260000000000, 1, 1, 1, 1, 1, 1, 1, 1
14.834330000000001, 1, 0, 1, 1, 1, 1, 1, 1
14.834520000000001, 1, 1, 1, 1, 1, 1, 1, 1
14.834530000000001, 0, 1, 0, 1, 1, 1, 1, 1
14.834790000000002, 1, 1, 1, 1, 1, 1, 1, 1
14.834840000000002, 0, 1, 0, 1, 1, 1, 1, 1
14.834950000000001, 1, 1, 1, 1, 1, 1, 1, 1
14.835130000000001, 1, 0, 1, 1, 1, 1, 1, 1
14.852420000000000, 1, 0, 0, 1, 1, 1, 1, 1
14.853350000000001, 1, 0, 1, 1, 1, 1, 1, 1
14.854420000000001, 1, 0, 0, 1, 1, 1, 1, 1
14.854470000000001, 1, 0, 1, 1, 1, 1, 1, 1
14.854520000000001, 1, 0, 0, 1, 1, 1, 1, 1
14.854580000000000, 1, 0, 1, 1, 1, 1, 1, 1
14.854680000000002, 1, 0, 0, 1, 1, 1, 1, 1
14.854730000000002, 1, 0, 1, 1, 1, 1, 1, 1
14.854840000000001, 1, 0, 0, 1, 1, 1, 1, 1
14.854890000000001, 1, 0, 1, 1, 1, 1, 1, 1
14.854960000000002, 1, 0, 0, 1, 1, 1, 1, 1
14.855070000000001, 1, 0, 1, 1, 1, 1, 1, 1
14.855120000000001, 1, 0, 0, 1, 1, 1, 1, 1
14.855330000000000, 1, 0, 1, 1, 1, 1, 1, 1
14.855380000000002, 1, 0, 0, 1, 1, 1, 1, 1
14.855430000000002, 1, 0, 1, 1, 1, 1, 1, 1
14.856640000000001, 1, 0, 0, 1, 1, 1, 1, 1
14.856690000000000, 1, 0, 1, 1, 1, 1, 1, 1
14.856740000000002, 1, 0, 0, 1, 1, 1, 1, 1
14.857110000000000, 1, 0, 1, 1, 1, 1, 1, 1
14.857170000000002, 1, 0, 0, 1, 1, 1, 1, 1
14.857590000000002, 1, 0, 1, 1, 1, 1, 1, 1
14.858590000000001, 1, 0, 0, 1, 1, 1, 1, 1
14.858690000000001, 1, 0, 1, 1, 1, 1, 1, 1
14.858900000000002, 1, 0, 0, 1, 1, 1, 1, 1
14.858950000000002, 1, 0, 1, 1, 1, 1, 1, 1
14.859010000000001, 1, 0, 0, 1, 1, 1, 1, 1
14.859060000000001, 1, 0, 1, 1, 1, 1, 1, 1
14.900510000000001, 1, 0, 0, 1, 1, 1, 1, 1
14.901440000000001, 1, 0, 1, 1, 1, 1, 1, 1
14.902470000000001, 1, 0, 0, 1, 1, 1, 1, 1
14.902940000000001, 1, 0, 1, 1, 1, 1, 1, 1
14.903010000000002, 1, 0, 0, 1, 1, 1, 1, 1
14.903120000000001, 1, 0, 1, 1, 1, 1, 1, 1
14.903170000000001, 1, 0, 0, 1, 1, 1, 1, 1
14.903280000000001, 1, 0, 1, 1, 1, 1, 1, 1
14.903330000000000, 1, 0, 0, 1, 1, 1, 1, 1
14.903380000000002, 1, 0, 1, 1, 1, 1, 1, 1
14.903430000000002, 1, 0, 0, 1, 1, 1, 1, 1
14.903480000000002, 1, 0, 1, 1, 1, 1, 1, 1
14.904480000000001, 1, 0, 0, 1, 1, 1, 1, 1
14.904530000000001, 1, 0, 1, 1, 1, 1, 1, 1
14.904580000000001, 1, 0, 0, 1, 1, 1, 1, 1
14.904950000000001, 1, 0, 1, 1, 1, 1, 1, 1
14.905020000000000, 1, 0, 0, 1, 1, 1, 1, 1
14.905130000000002, 1, 0, 1, 1, 1, 1, 1, 1
14.905180000000001, 1, 0, 0, 1, 1, 1, 1, 1
14.905490000000000, 1, 0, 1, 1, 1, 1, 1, 1
14.906450000000001, 1, 0, 0, 1, 1, 1, 1, 1
14.906710000000000, 1, 0, 1, 1, 1, 1, 1, 1
14.906770000000002, 1, 0, 0, 1, 1, 1, 1, 1
14.906820000000002, 1, 0, 1, 1, 1, 1, 1, 1
14.920740000000000, 1, 0, 0, 1, 1, 1, 1, 1
14.921670000000001, 1, 0, 1, 1, 1, 1, 1, 1
14.922730000000001, 1, 0, 0, 1, 1, 1, 1, 1
14.922940000000001, 1, 0, 1, 1, 1, 1, 1, 1
14.922990000000000, 1, 0, 0, 1, 1, 1, 1, 1
14.923040000000002, 1, 0, 1, 1, 1, 1, 1, 1
14.923100000000002, 1, 0, 0, 1, 1, 1, 1, 1
14.923200000000001, 1, 0, 1, 1, 1, 1, 1, 1
14.923280000000002, 1, 0, 0, 1, 1, 1, 1, 1
14.923330000000002, 1, 0, 1, 1, 1, 1, 1, 1
14.923380000000002, 1, 0, 0, 1, 1, 1, 1, 1
14.923590000000001, 1, 0, 1, 1, 1, 1, 1, 1
14.923690000000001, 1, 0, 0, 1, 1, 1, 1, 1
14.923750000000002, 1, 0, 1, 1, 1, 1, 1, 1
14.924730000000002, 1, 0, 0, 1, 1, 1, 1, 1
14.925050000000001, 1, 0, 1, 1, 1, 1, 1, 1
14.925100000000000, 1, 0, 0, 1, 1, 1, 1, 1
14.925200000000002, 1, 0, 1, 1, 1, 1, 1, 1
14.926710000000002, 1, 0, 0, 1, 1, 1, 1, 1
14.926760000000002, 1, 0, 1, 1, 1, 1, 1, 1
14.926860000000001, 1, 0, 0, 1, 1, 1, 1, 1
14.927070000000001, 1, 0, 1, 1, 1, 1, 1, 1
14.931130000000001, 1, 1, 1, 1, 1, 1, 1, 1
14.931160000000002, 0, 1, 0, 1, 1, 1, 1, 1
14.932090000000001, 1, 1, 1, 1, 1, 1, 1, 1
14.932160000000001, 0, 1, 0, 1, 1, 1, 1, 1
14.932570000000002, 1, 1, 1, 1, 1, 1, 1, 1
14.932730000000001, 0, 1, 0, 1, 1, 1, 1, 1
14.932780000000001, 1, 1, 1, 1, 1, 1, 1, 1
14.932880000000001, 0, 1, 0, 1, 1, 1, 1, 1
14.932980000000001, 1, 1, 1, 1, 1, 1, 1, 1
14.933140000000002, 0, 1, 0, 1, 1, 1, 1, 1
14.933190000000002, 1, 1, 1, 1, 1, 1, 1, 1
14.933310000000001, 1, 0, 1, 1, 1, 1, 1, 1
14.933490000000001, 1, 1, 1, 1, 1, 1, 1, 1
14.933510000000002, 0, 1, 0, 1, 1, 1, 1, 1
14.933560000000002, 1, 1, 1, 1, 1, 1, 1, 1
14.933610000000002, 0, 1, 0, 1, 1, 1, 1, 1
14.933710000000001, 1, 1, 1, 1, 1, 1, 1, 1
14.933760000000001, 0, 1, 0, 1, 1, 1, 1, 1
14.933820000000001, 1, 1, 1, 1, 1, 1, 1, 1
14.933870000000001, 0, 1, 0, 1, 1, 1, 1, 1
14.933970000000000, 1, 1, 1, 1, 1, 1, 1, 1
14.934030000000002, 0, 1, 0, 1, 1, 1, 1, 1
14.934500000000002, 1, 1, 1, 1, 1, 1, 1, 1
14.934570000000001, 0, 1, 0, 1, 1, 1, 1, 1
14.934830000000002, 1, 1, 1, 1, 1, 1, 1, 1
14.934880000000001, 0, 1, 0, 1, 1, 1, 1, 1
14.935040000000001, 1, 1, 1, 1, 1, 1, 1, 1
14.935100000000002, 1, 0, 1, 1, 1, 1, 1, 1
14.935290000000002, 1, 1, 1, 1, 1, 1, 1, 1
14.935310000000001, 0, 1, 0, 1, 1, 1, 1, 1
14.935360000000001, 1, 1, 1, 1, 1, 1, 1, 1
14.935410000000001, 0, 1, 0, 1, 1, 1, 1, 1
14.935510000000001, 1, 1, 1, 1, 1, 1, 1, 1
14.935670000000002, 0, 1, 0, 1, 1, 1, 1, 1
14.935770000000002, 1, 1, 1, 1, 1, 1, 1, 1
14.935900000000002, 1, 0, 1, 1, 1, 1, 1, 1
14.953420000000001, 1, 0, 0, 1, 1, 1, 1, 1
14.954350000000002, 1, 0, 1, 1, 1, 1, 1, 1
14.955400000000001, 1, 0, 0, 1, 1, 1, 1, 1
14.955550000000001, 1, 0, 1, 1, 1, 1, 1, 1
14.955660000000002, 1, 0, 0, 1, 1, 1, 1, 1
14.955710000000002, 1, 0, 1, 1, 1, 1, 1, 1
14.955820000000001, 1, 0, 0, 1, 1, 1, 1, 1
14.955870000000001, 1, 0, 1, 1, 1, 1, 1, 1
14.955940000000002, 1, 0, 0, 1, 1, 1, 1, 1
14.956040000000002, 1, 0, 1, 1, 1, 1, 1, 1
14.956090000000001, 1, 0, 0, 1, 1, 1, 1, 1
14.956200000000001, 1, 0, 1, 1, 1, 1, 1, 1
14.956350000000000, 1, 0, 0, 1, 1, 1, 1, 1
14.956400000000000, 1, 0, 1, 1, 1, 1, 1, 1
14.957360000000001, 1, 0, 0, 1, 1, 1, 1, 1
14.957410000000001, 1, 0, 1, 1, 1, 1, 1, 1
14.957460000000001, 1, 0, 0, 1, 1, 1, 1, 1
14.957830000000001, 1, 0, 1, 1, 1, 1, 1, 1
14.957890000000001, 1, 0, 0, 1, 1, 1, 1, 1
14.958310000000001, 1, 0, 1, 1, 1, 1, 1, 1
14.959350000000001, 1, 0, 0, 1, 1, 1, 1, 1
14.959400000000000, 1, 0, 1, 1, 1, 1, 1, 1
14.959450000000000, 1, 0, 0, 1, 1, 1, 1, 1
14.959560000000002, 1, 0, 1, 1, 1, 1, 1, 1
14.959610000000001, 1, 0, 0, 1, 1, 1, 1, 1
14.959660000000001, 1, 0, 1, 1, 1, 1, 1, 1
14.959720000000001, 1, 0, 0, 1, 1, 1, 1, 1
14.959770000000001, 1, 0, 1, 1, 1, 1, 1, 1
15.001470000000001, 1, 0, 0, 1, 1, 1, 1, 1
15.002400000000002, 1, 0, 1, 1, 1, 1, 1, 1
15.003480000000001, 1, 0, 0, 1, 1, 1, 1, 1
15.003940000000002, 1, 0, 1, 1, 1, 1, 1, 1
15.004000000000001, 1, 0, 0, 1, 1, 1, 1, 1
15.004110000000001, 1, 0, 1, 1, 1, 1, 1, 1
15.004160000000001, 1, 0, 0, 1, 1, 1, 1, 1
15.004420000000001, 1, 0, 1, 1, 1, 1, 1, 1
15.005450000000002, 1, 0, 0, 1, 1, 1, 1, 1
15.005500000000001, 1, 0, 1, 1, 1, 1, 1, 1
15.005550000000001, 1, 0, 0, 1, 1, 1, 1, 1
15.005910000000002, 1, 0, 1, 1, 1, 1, 1, 1
15.005970000000001, 1, 0, 0, 1, 1, 1, 1, 1
15.006080000000001, 1, 0, 1, 1, 1, 1, 1, 1
15.006130000000001, 1, 0, 0, 1, 1, 1, 1, 1
15.006440000000001, 1, 0, 1, 1, 1, 1, 1, 1
15.007410000000002, 1, 0, 0, 1, 1, 1, 1, 1
15.007460000000002, 1, 0, 1, 1, 1, 1, 1, 1
15.021710000000001, 1, 0, 0, 1, 1, 1, 1, 1
15.022640000000001, 1, 0, 1, 1, 1, 1, 1, 1
15.023700000000002, 1, 0, 0, 1, 1, 1, 1, 1
15.023900000000001, 1, 0, 1, 1, 1, 1, 1, 1
15.023960000000001, 1, 0, 0, 1, 1, 1, 1, 1
15.024010000000001, 1, 0, 1, 1, 1, 1, 1, 1
15.024060000000000, 1, 0, 0, 1, 1, 1, 1, 1
15.024170000000002, 1, 0, 1, 1, 1, 1, 1, 1
15.024230000000001, 1, 0, 0, 1, 1, 1, 1, 1
15.024280000000001, 1, 0, 1, 1, 1, 1, 1, 1
15.024330000000001, 1, 0, 0, 1, 1, 1, 1, 1
15.024490000000002, 1, 0, 1, 1, 1, 1, 1, 1
15.024540000000002, 1, 0, 0, 1, 1, 1, 1, 1
15.024640000000002, 1, 0, 1, 1, 1, 1, 1, 1
15.025700000000001, 1, 0, 0, 1, 1, 1, 1, 1
15.026010000000001, 1, 0, 1, 1, 1, 1, 1, 1
15.026060000000001, 1, 0, 0, 1, 1, 1, 1, 1
15.026170000000000, 1, 0, 1, 1, 1, 1, 1, 1
15.027660000000001, 1, 0, 0, 1, 1, 1, 1, 1
15.027710000000001, 1, 0, 1, 1, 1, 1, 1, 1
15.027870000000002, 1, 0, 0, 1, 1, 1, 1, 1
15.027920000000002, 1, 0, 1, 1, 1, 1, 1, 1
15.027970000000002, 1, 0, 0, 1, 1, 1, 1, 1
15.028030000000001, 1, 0, 1, 1, 1, 1, 1, 1
15.032130000000000, 1, 1, 1, 1, 1, 1, 1, 1
15.032160000000001, 0, 1, 0, 1, 1, 1, 1, 1
15.033080000000002, 1, 1, 1, 1, 1, 1, 1, 1
15.033150000000001, 0, 1, 0, 1, 1, 1, 1, 1
15.033560000000001, 1, 1, 1, 1, 1, 1, 1, 1
15.033720000000001, 0, 1, 0, 1, 1, 1, 1, 1
15.033770000000001, 1, 1, 1, 1, 1, 1, 1, 1
15.033870000000002, 0, 1, 0, 1, 1, 1, 1, 1
15.034030000000001, 1, 1, 1, 1, 1, 1, 1, 1
15.034080000000001, 0, 1, 0, 1, 1, 1, 1, 1
15.034130000000001, 1, 1, 1, 1, 1, 1, 1, 1
15.034300000000002, 1, 0, 1, 1, 1, 1, 1, 1
15.034480000000002, 1, 1, 1, 1, 1, 1, 1, 1
15.034500000000001, 0, 1, 0, 1, 1, 1, 1, 1
15.034550000000001, 1, 1, 1, 1, 1, 1, 1, 1
15.034600000000001, 0, 1, 0, 1, 1, 1, 1, 1
15.034710000000000, 1, 1, 1, 1, 1, 1, 1, 1
15.034760000000000, 0, 1, 0, 1, 1, 1, 1, 1
15.034810000000002, 1, 1, 1, 1, 1, 1, 1, 1
15.034860000000002, 0, 1, 0, 1, 1, 1, 1, 1
15.034960000000002, 1, 1, 1, 1, 1, 1, 1, 1
15.035030000000001, 0, 1, 0, 1, 1, 1, 1, 1
15.035490000000001, 1, 1, 1, 1, 1, 1, 1, 1
15.035570000000002, 0, 1, 0, 1, 1, 1, 1, 1
15.035820000000001, 1, 1, 1, 1, 1, 1, 1, 1
15.035880000000001, 0, 1, 0, 1, 1, 1, 1, 1
15.036030000000002, 1, 1, 1, 1, 1, 1, 1, 1
15.036100000000001, 1, 0, 1, 1, 1, 1, 1, 1
15.036280000000001, 1, 1, 1, 1, 1, 1, 1, 1
15.036300000000001, 0, 1, 0, 1, 1, 1, 1, 1
15.036450000000002, 1, 1, 1, 1, 1, 1, 1, 1
15.036510000000002, 0, 1, 0, 1, 1, 1, 1, 1
15.036560000000001, 1, 1, 1, 1, 1, 1, 1, 1
15.036890000000001, 1, 0, 1, 1, 1, 1, 1, 1
15.054460000000001, 1, 0, 0, 1, 1, 1, 1, 1
15.055390000000001, 1, 0, 1, 1, 1, 1, 1, 1
15.056460000000001, 1, 0, 0, 1, 1, 1, 1, 1
15.056520000000001, 1, 0, 1, 1, 1, 1, 1, 1
15.056620000000001, 1, 0, 0, 1, 1, 1, 1, 1
15.056670000000000, 1, 0, 1, 1, 1, 1, 1, 1
15.056720000000002, 1, 0, 0, 1, 1, 1, 1, 1
15.056780000000002, 1, 0, 1, 1, 1, 1, 1, 1
15.056880000000001, 1, 0, 0, 1, 1, 1, 1, 1
15.056930000000001, 1, 0, 1, 1, 1, 1, 1, 1
15.057000000000000, 1, 0, 0, 1, 1, 1, 1, 1
15.057110000000002, 1, 0, 1, 1, 1, 1, 1, 1
15.057160000000001, 1, 0, 0, 1, 1, 1, 1, 1
15.057320000000001, 1, 0, 1, 1, 1, 1, 1, 1
15.057370000000001, 1, 0, 0, 1, 1, 1, 1, 1
15.057420000000000, 1, 0, 1, 1, 1, 1, 1, 1
15.058470000000002, 1, 0, 0, 1, 1, 1, 1, 1
15.058520000000001, 1, 0, 1, 1, 1, 1, 1, 1
15.058570000000001, 1, 0, 0, 1, 1, 1, 1, 1
15.058940000000002, 1, 0, 1, 1, 1, 1, 1, 1
15.059010000000001, 1, 0, 0, 1, 1, 1, 1, 1
15.059430000000001, 1, 0, 1, 1, 1, 1, 1, 1
15.060440000000002, 1, 0, 0, 1, 1, 1, 1, 1
15.060590000000001, 1, 0, 1, 1, 1, 1, 1, 1
15.060650000000001, 1, 0, 0, 1, 1, 1, 1, 1
15.060750000000001, 1, 0, 1, 1, 1, 1, 1, 1
15.100300000000001, 1, 0, 0, 1, 1, 1, 1, 1
15.101230000000001, 1, 0, 1, 1, 1, 1, 1, 1
15.102320000000001, 1, 0, 0, 1, 1, 1, 1, 1
15.102790000000001, 1, 0, 1, 1, 1, 1, 1, 1
15.102850000000002, 1, 0, 0, 1, 1, 1, 1, 1
15.102950000000002, 1, 0, 1, 1, 1, 1, 1, 1
15.103010000000001, 1, 0, 0, 1, 1, 1, 1, 1
15.103110000000001, 1, 0, 1, 1, 1, 1, 1, 1
15.103210000000001, 1, 0, 0, 1, 1, 1, 1, 1
15.103270000000002, 1, 0, 1, 1, 1, 1, 1, 1
15.104590000000002, 1, 0, 0, 1, 1, 1, 1, 1
15.104640000000002, 1, 0, 1, 1, 1, 1, 1, 1
15.104700000000001, 1, 0, 0, 1, 1, 1, 1, 1
15.105060000000002, 1, 0, 1, 1, 1, 1, 1, 1
15.105120000000001, 1, 0, 0, 1, 1, 1, 1, 1
15.105230000000001, 1, 0, 1, 1, 1, 1, 1, 1
15.105280000000000, 1, 0, 0, 1, 1, 1, 1, 1
15.105590000000001, 1, 0, 1, 1, 1, 1, 1, 1
15.106570000000001, 1, 0, 0, 1, 1, 1, 1, 1
15.106680000000001, 1, 0, 1, 1, 1, 1, 1, 1
15.106890000000002, 1, 0, 0, 1, 1, 1, 1, 1
15.107040000000001, 1, 0, 1, 1, 1, 1, 1, 1
15.120530000000000, 1, 0, 0, 1, 1, 1, 1, 1
15.121460000000001, 1, 0, 1, 1, 1, 1, 1, 1
15.122550000000000, 1, 0, 0, 1, 1, 1, 1, 1
15.122760000000001, 1, 0, 1, 1, 1, 1, 1, 1
15.122810000000001, 1, 0, 0, 1, 1, 1, 1, 1
15.122860000000001, 1, 0, 1, 1, 1, 1, 1, 1
15.122910000000001, 1, 0, 0, 1, 1, 1, 1, 1
15.123020000000000, 1, 0, 1, 1, 1, 1, 1, 1
15.123080000000002, 1, 0, 0, 1, 1, 1, 1, 1
15.123130000000002, 1, 0, 1, 1, 1, 1, 1, 1
15.123180000000001, 1, 0, 0, 1, 1, 1, 1, 1
15.123440000000000, 1, 0, 1, 1, 1, 1, 1, 1
15.124830000000001, 1, 0, 0, 1, 1, 1, 1, 1
15.125150000000001, 1, 0, 1, 1, 1, 1, 1, 1
15.125200000000001, 1, 0, 0, 1, 1, 1, 1, 1
15.125300000000001, 1, 0, 1, 1, 1, 1, 1, 1
15.126790000000002, 1, 0, 0, 1, 1, 1, 1, 1
15.126840000000001, 1, 0, 1, 1, 1, 1, 1, 1
15.126950000000001, 1, 0, 0, 1, 1, 1, 1, 1
15.127000000000001, 1, 0, 1, 1, 1, 1, 1, 1
15.127100000000000, 1, 0, 0, 1, 1, 1, 1, 1
15.127150000000002, 1, 0, 1, 1, 1, 1, 1, 1
15.131080000000001, 1, 1, 1, 1, 1, 1, 1, 1
15.131110000000001, 0, 1, 0, 1, 1, 1, 1, 1
15.132040000000002, 1, 1, 1, 1, 1, 1, 1, 1
15.132110000000001, 0, 1, 0, 1, 1, 1, 1, 1
15.132520000000001, 1, 1, 1, 1, 1, 1, 1, 1
15.132620000000001, 0, 1, 0, 1, 1, 1, 1, 1
15.132670000000001, 1, 1, 1, 1, 1, 1, 1, 1
15.132780000000002, 0, 1, 0, 1, 1, 1, 1, 1
15.132880000000002, 1, 1, 1, 1, 1, 1, 1, 1
15.132930000000002, 0, 1, 0, 1, 1, 1, 1, 1
15.132980000000002, 1, 1, 1, 1, 1, 1, 1, 1
15.133230000000001, 1, 0, 1, 1, 1, 1, 1, 1
15.133410000000001, 1, 1, 1, 1, 1, 1, 1, 1
15.133430000000001, 0, 1, 0, 1, 1, 1, 1, 1
15.133480000000000, 1, 1, 1, 1, 1, 1, 1, 1
15.133530000000000, 0, 1, 0, 1, 1, 1, 1, 1
15.133630000000002, 1, 1, 1, 1, 1, 1, 1, 1
15.133690000000001, 0, 1, 0, 1, 1, 1, 1, 1
15.133740000000001, 1, 1, 1, 1, 1, 1, 1, 1
15.133790000000001, 0, 1, 0, 1, 1, 1, 1, 1
15.133890000000001, 1, 1, 1, 1, 1, 1, 1, 1
15.133960000000002, 0, 1, 0, 1, 1, 1, 1, 1
15.134420000000000, 1, 1, 1, 1, 1, 1, 1, 1
15.134490000000001, 0, 1, 0, 1, 1, 1, 1, 1
15.134750000000000, 1, 1, 1, 1, 1, 1, 1, 1
15.134800000000002, 0, 1, 0, 1, 1, 1, 1, 1
15.134960000000001, 1, 1, 1, 1, 1, 1, 1, 1
15.135030000000000, 1, 0, 1, 1, 1, 1, 1, 1
15.135210000000001, 1, 1, 1, 1, 1, 1, 1, 1
15.135230000000002, 0, 1, 0, 1, 1, 1, 1, 1
15.135330000000002, 1, 1, 1, 1, 1, 1, 1, 1
15.135430000000001, 0, 1, 0, 1, 1, 1, 1, 1
15.135590000000001, 1, 1, 1, 1, 1, 1, 1, 1
15.135820000000001, 1, 0, 1, 1, 1, 1, 1, 1
15.153240000000002, 1, 0, 0, 1, 1, 1, 1, 1
15.154170000000001, 1, 0, 1, 1, 1, 1, 1, 1
15.155420000000001, 1, 0, 0, 1, 1, 1, 1, 1
15.155520000000001, 1, 0, 1, 1, 1, 1, 1, 1
15.155570000000001, 1, 0, 0, 1, 1, 1, 1, 1
15.155630000000000, 1, 0, 1, 1, 1, 1, 1, 1
15.155680000000002, 1, 0, 0, 1, 1, 1, 1, 1
15.155730000000002, 1, 0, 1, 1, 1, 1, 1, 1
15.155840000000001, 1, 0, 0, 1, 1, 1, 1, 1
15.155890000000001, 1, 0, 1, 1, 1, 1, 1, 1
15.155950000000001, 1, 0, 0, 1, 1, 1, 1, 1
15.156050000000000, 1, 0, 1, 1, 1, 1, 1, 1
15.156100000000002, 1, 0, 0, 1, 1, 1, 1, 1
15.156210000000002, 1, 0, 1, 1, 1, 1, 1, 1
15.156260000000001, 1, 0, 0, 1, 1, 1, 1, 1
15.156310000000001, 1, 0, 1, 1, 1, 1, 1, 1
15.157390000000001, 1, 0, 0, 1, 1, 1, 1, 1
15.157440000000001, 1, 0, 1, 1, 1, 1, 1, 1
15.157500000000001, 1, 0, 0, 1, 1, 1, 1, 1
15.157860000000001, 1, 0, 1, 1, 1, 1, 1, 1
15.157920000000001, 1, 0, 0, 1, 1, 1, 1, 1
15.158340000000001, 1, 0, 1, 1, 1, 1, 1, 1
15.159350000000002, 1, 0, 0, 1, 1, 1, 1, 1
15.159410000000001, 1, 0, 1, 1, 1, 1, 1, 1
15.159460000000001, 1, 0, 0, 1, 1, 1, 1, 1
15.159510000000001, 1, 0, 1, 1, 1, 1, 1, 1
15.159560000000001, 1, 0, 0, 1, 1, 1, 1, 1
15.159610000000001, 1, 0, 1, 1, 1, 1, 1, 1
15.159670000000002, 1, 0, 0, 1, 1, 1, 1, 1
15.159770000000002, 1, 0, 1, 1, 1, 1, 1, 1
15.201160000000002, 1, 0, 0, 1, 1, 1, 1, 1
15.202090000000002, 1, 0, 1, 1, 1, 1, 1, 1
15.203290000000001, 1, 0, 0, 1, 1, 1, 1, 1
15.203760000000001, 1, 0, 1, 1, 1, 1, 1, 1
15.203820000000002, 1, 0, 0, 1, 1, 1, 1, 1
15.203920000000002, 1, 0, 1, 1, 1, 1, 1, 1
15.203970000000002, 1, 0, 0, 1, 1, 1, 1, 1
15.204130000000001, 1, 0, 1, 1, 1, 1, 1, 1
15.205470000000002, 1, 0, 0, 1, 1, 1, 1, 1
15.205520000000002, 1, 0, 1, 1, 1, 1, 1, 1
15.205570000000002, 1, 0, 0, 1, 1, 1, 1, 1
15.205940000000002, 1, 0, 1, 1, 1, 1, 1, 1
15.206000000000001, 1, 0, 0, 1, 1, 1, 1, 1
15.206100000000001, 1, 0, 1, 1, 1, 1, 1, 1
15.206160000000001, 1, 0, 0, 1, 1, 1, 1, 1
15.206470000000001, 1, 0, 1, 1, 1, 1, 1, 1
15.207430000000000, 1, 0, 0, 1, 1, 1, 1, 1
15.207530000000002, 1, 0, 1, 1, 1, 1, 1, 1
15.207590000000001, 1, 0, 0, 1, 1, 1, 1, 1
15.207640000000001, 1, 0, 1, 1, 1, 1, 1, 1
15.207800000000001, 1, 0, 0, 1, 1, 1, 1, 1
15.207900000000000, 1, 0, 1, 1, 1, 1, 1, 1
15.221390000000001, 1, 0, 0, 1, 1, 1, 1, 1
15.222320000000002, 1, 0, 1, 1, 1, 1, 1, 1
15.223430000000000, 1, 0, 0, 1, 1, 1, 1, 1
15.223640000000001, 1, 0, 1, 1, 1, 1, 1, 1
15.223690000000001, 1, 0, 0, 1, 1, 1, 1, 1
15.223740000000001, 1, 0, 1, 1, 1, 1, 1, 1
15.223800000000001, 1, 0, 0, 1, 1, 1, 1, 1
15.223900000000000, 1, 0, 1, 1, 1, 1, 1, 1
15.223960000000002, 1, 0, 0, 1, 1, 1, 1, 1
15.224010000000002, 1, 0, 1, 1, 1, 1, 1, 1
15.224060000000001, 1, 0, 0, 1, 1, 1, 1, 1
15.224220000000001, 1, 0, 1, 1, 1, 1, 1, 1
15.225600000000002, 1, 0, 0, 1, 1, 1, 1, 1
15.225910000000001, 1, 0, 1, 1, 1, 1, 1, 1
15.225960000000001, 1, 0, 0, 1, 1, 1, 1, 1
15.226070000000002, 1, 0, 1, 1, 1, 1, 1, 1
15.227570000000002, 1, 0, 0, 1, 1, 1, 1, 1
15.227670000000002, 1, 0, 1, 1, 1, 1, 1, 1
15.227730000000001, 1, 0, 0, 1, 1, 1, 1, 1
15.227880000000001, 1, 0, 1, 1, 1, 1, 1, 1
15.227930000000001, 1, 0, 0, 1, 1, 1, 1, 1
15.228040000000002, 1, 0, 1, 1, 1, 1, 1, 1
15.231910000000001, 1, 1, 1, 1, 1, 1, 1, 1
15.231940000000002, 0, 1, 0, 1, 1, 1, 1, 1
15.232870000000002, 1, 1, 1, 1, 1, 1, 1, 1
15.232940000000001, 0, 1, 0, 1, 1, 1, 1, 1
15.233350000000002, 1, 1, 1, 1, 1, 1, 1, 1
15.233500000000001, 0, 1, 0, 1, 1, 1, 1, 1
15.233550000000001, 1, 1, 1, 1, 1, 1, 1, 1
15.233660000000000, 0, 1, 0, 1, 1, 1, 1, 1
15.233970000000001, 1, 1, 1, 1, 1, 1, 1, 1
15.234080000000001, 1, 0, 1, 1, 1, 1, 1, 1
15.234270000000000, 1, 1, 1, 1, 1, 1, 1, 1
15.234280000000002, 0, 1, 0, 1, 1, 1, 1, 1
15.234340000000001, 1, 1, 1, 1, 1, 1, 1, 1
15.234390000000001, 0, 1, 0, 1, 1, 1, 1, 1
15.234490000000001, 1, 1, 1, 1, 1, 1, 1, 1
15.234540000000001, 0, 1, 0, 1, 1, 1, 1, 1
15.234590000000001, 1, 1, 1, 1, 1, 1, 1, 1
15.234640000000001, 0, 1, 0, 1, 1, 1, 1, 1
15.234750000000002, 1, 1, 1, 1, 1, 1, 1, 1
15.234800000000002, 0, 1, 0, 1, 1, 1, 1, 1
15.235260000000002, 1, 1, 1, 1, 1, 1, 1, 1
15.235320000000002, 0, 1, 0, 1, 1, 1, 1, 1
15.235580000000001, 1, 1, 1, 1, 1, 1, 1, 1
15.235630000000000, 0, 1, 0, 1, 1, 1, 1, 1
15.235790000000001, 1, 1, 1, 1, 1, 1, 1, 1
15.235850000000001, 1, 0, 1, 1, 1, 1, 1, 1
15.236040000000001, 1, 1, 1, 1, 1, 1, 1, 1
15.236060000000002, 0, 1, 0, 1, 1, 1, 1, 1
15.236110000000002, 1, 1, 1, 1, 1, 1, 1, 1
15.236210000000002, 0, 1, 0, 1, 1, 1, 1, 1
15.236260000000001, 1, 1, 1, 1, 1, 1, 1, 1
15.236310000000001, 0, 1, 0, 1, 1, 1, 1, 1
15.236520000000001, 1, 1, 1, 1, 1, 1, 1, 1
15.236650000000001, 1, 0, 1, 1, 1, 1, 1, 1
15.254970000000002, 1, 0, 0, 1, 1, 1, 1, 1
15.255900000000000, 1, 0, 1, 1, 1, 1, 1, 1
15.257150000000001, 1, 0, 0, 1, 1, 1, 1, 1
15.257200000000001, 1, 0, 1, 1, 1, 1, 1, 1
15.257250000000001, 1, 0, 0, 1, 1, 1, 1, 1
15.257360000000002, 1, 0, 1, 1, 1, 1, 1, 1
15.257410000000002, 1, 0, 0, 1, 1, 1, 1, 1
15.257460000000002, 1, 0, 1, 1, 1, 1, 1, 1
15.257560000000002, 1, 0, 0, 1, 1, 1, 1, 1
15.257620000000001, 1, 0, 1, 1, 1, 1, 1, 1
15.257680000000001, 1, 0, 0, 1, 1, 1, 1, 1
15.257780000000002, 1, 0, 1, 1, 1, 1, 1, 1
15.257830000000002, 1, 0, 0, 1, 1, 1, 1, 1
15.258150000000001, 1, 0, 1, 1, 1, 1, 1, 1
15.259120000000001, 1, 0, 0, 1, 1, 1, 1, 1
15.259170000000001, 1, 0, 1, 1, 1, 1, 1, 1
15.259220000000001, 1, 0, 0, 1, 1, 1, 1, 1
15.259590000000001, 1, 0, 1, 1, 1, 1, 1, 1
15.259650000000001, 1, 0, 0, 1, 1, 1, 1, 1
15.260060000000001, 1, 0, 1, 1, 1, 1, 1, 1
15.261090000000001, 1, 0, 0, 1, 1, 1, 1, 1
15.261510000000001, 1, 0, 1, 1, 1, 1, 1, 1
15.300980000000001, 1, 0, 0, 1, 1, 1, 1, 1
15.301910000000001, 1, 0, 1, 1, 1, 1, 1, 1
15.302940000000001, 1, 0, 0, 1, 1, 1, 1, 1
15.303410000000001, 1, 0, 1, 1, 1, 1, 1, 1
15.303480000000000, 1, 0, 0, 1, 1, 1, 1, 1
15.303590000000002, 1, 0, 1, 1, 1, 1, 1, 1
15.303640000000001, 1, 0, 0, 1, 1, 1, 1, 1
15.303740000000001, 1, 0, 1, 1, 1, 1, 1, 1
15.303800000000001, 1, 0, 0, 1, 1, 1, 1, 1
15.303950000000000, 1, 0, 1, 1, 1, 1, 1, 1
15.304930000000001, 1, 0, 0, 1, 1, 1, 1, 1
15.304980000000000, 1, 0, 1, 1, 1, 1, 1, 1
15.305040000000002, 1, 0, 0, 1, 1, 1, 1, 1
15.305400000000001, 1, 0, 1, 1, 1, 1, 1, 1
15.305460000000002, 1, 0, 0, 1, 1, 1, 1, 1
15.305570000000001, 1, 0, 1, 1, 1, 1, 1, 1
15.305620000000001, 1, 0, 0, 1, 1, 1, 1, 1
15.305930000000002, 1, 0, 1, 1, 1, 1, 1, 1
15.307150000000002, 1, 0, 0, 1, 1, 1, 1, 1
15.307250000000002, 1, 0, 1, 1, 1, 1, 1, 1
15.307360000000001, 1, 0, 0, 1, 1, 1, 1, 1
15.307410000000001, 1, 0, 1, 1, 1, 1, 1, 1
15.307460000000001, 1, 0, 0, 1, 1, 1, 1, 1
15.307510000000001, 1, 0, 1, 1, 1, 1, 1, 1
15.307560000000000, 1, 0, 0, 1, 1, 1, 1, 1
15.307620000000002, 1, 0, 1, 1, 1, 1, 1, 1
15.321280000000002, 1, 0, 0, 1, 1, 1, 1, 1
15.322210000000002, 1, 0, 1, 1, 1, 1, 1, 1
15.323260000000001, 1, 0, 0, 1, 1, 1, 1, 1
15.323470000000000, 1, 0, 1, 1, 1, 1, 1, 1
15.323520000000002, 1, 0, 0, 1, 1, 1, 1, 1
15.323570000000002, 1, 0, 1, 1, 1, 1, 1, 1
15.323620000000002, 1, 0, 0, 1, 1, 1, 1, 1
15.323730000000001, 1, 0, 1, 1, 1, 1, 1, 1
15.323790000000001, 1, 0, 0, 1, 1, 1, 1, 1
15.323840000000001, 1, 0, 1, 1, 1, 1, 1, 1
15.323890000000000, 1, 0, 0, 1, 1, 1, 1, 1
15.324100000000001, 1, 0, 1, 1, 1, 1, 1, 1
15.324150000000001, 1, 0, 0, 1, 1, 1, 1, 1
15.324260000000001, 1, 0, 1, 1, 1, 1, 1, 1
15.325270000000002, 1, 0, 0, 1, 1, 1, 1, 1
15.325580000000000, 1, 0, 1, 1, 1, 1, 1, 1
15.325630000000002, 1, 0, 0, 1, 1, 1, 1, 1
15.325730000000002, 1, 0, 1, 1, 1, 1, 1, 1
15.327270000000000, 1, 0, 0, 1, 1, 1, 1, 1
15.327480000000001, 1, 0, 1, 1, 1, 1, 1, 1
15.327580000000001, 1, 0, 0, 1, 1, 1, 1, 1
15.327690000000000, 1, 0, 1, 1, 1, 1, 1, 1
15.331490000000001, 1, 1, 1, 1, 1, 1, 1, 1
15.331520000000001, 0, 1, 0, 1, 1, 1, 1, 1
15.332450000000001, 1, 1, 1, 1, 1, 1, 1, 1
15.332520000000001, 0, 1, 0, 1, 1, 1, 1, 1
15.332930000000001, 1, 1, 1, 1, 1, 1, 1, 1
15.333080000000001, 0, 1, 0, 1, 1, 1, 1, 1
15.333130000000001, 1, 1, 1, 1, 1, 1, 1, 1
15.333240000000002, 0, 1, 0, 1, 1, 1, 1, 1
15.333340000000002, 1, 1, 1, 1, 1, 1, 1, 1
15.333440000000001, 0, 1, 0, 1, 1, 1, 1, 1
15.333550000000001, 1, 1, 1, 1, 1, 1, 1, 1
15.333660000000002, 1, 0, 1, 1, 1, 1, 1, 1
15.333850000000002, 1, 1, 1, 1, 1, 1, 1, 1
15.333860000000001, 0, 1, 0, 1, 1, 1, 1, 1
15.333920000000001, 1, 1, 1, 1, 1, 1, 1, 1
15.333970000000001, 0, 1, 0, 1, 1, 1, 1, 1
15.334070000000001, 1, 1, 1, 1, 1, 1, 1, 1
15.334120000000000, 0, 1, 0, 1, 1, 1, 1, 1
15.334170000000002, 1, 1, 1, 1, 1, 1, 1, 1
15.334220000000002, 0, 1, 0, 1, 1, 1, 1, 1
15.334330000000001, 1, 1, 1, 1, 1, 1, 1, 1
15.334390000000001, 0, 1, 0, 1, 1, 1, 1, 1
15.334850000000001, 1, 1, 1, 1, 1, 1, 1, 1
15.334930000000002, 0, 1, 0, 1, 1, 1, 1, 1
15.335190000000001, 1, 1, 1, 1, 1, 1, 1, 1
15.335240000000001, 0, 1, 0, 1, 1, 1, 1, 1
15.335390000000002, 1, 1, 1, 1, 1, 1, 1, 1
15.335460000000001, 1, 0, 1, 1, 1, 1, 1, 1
15.335650000000001, 1, 1, 1, 1, 1, 1, 1, 1
15.335660000000001, 0, 1, 0, 1, 1, 1, 1, 1
15.335770000000002, 1, 1, 1, 1, 1, 1, 1, 1
15.335820000000002, 0, 1, 0, 1, 1, 1, 1, 1
15.335970000000001, 1, 1, 1, 1, 1, 1, 1, 1
15.336020000000001, 0, 1, 0, 1, 1, 1, 1, 1
15.336070000000001, 1, 1, 1, 1, 1, 1, 1, 1
15.336250000000001, 1, 0, 1, 1, 1, 1, 1, 1
15.353800000000001, 1, 0, 0, 1, 1, 1, 1, 1
15.354730000000002, 1, 0, 1, 1, 1, 1, 1, 1
15.355810000000002, 1, 0, 0, 1, 1, 1, 1, 1
15.356020000000001, 1, 0, 1, 1, 1, 1, 1, 1
15.356070000000001, 1, 0, 0, 1, 1, 1, 1, 1
15.356130000000002, 1, 0, 1, 1, 1, 1, 1, 1
15.356230000000002, 1, 0, 0, 1, 1, 1, 1, 1
15.356280000000002, 1, 0, 1, 1, 1, 1, 1, 1
15.356350000000001, 1, 0, 0, 1, 1, 1, 1, 1
15.356450000000001, 1, 0, 1, 1, 1, 1, 1, 1
15.356500000000000, 1, 0, 0, 1, 1, 1, 1, 1
15.356610000000002, 1, 0, 1, 1, 1, 1, 1, 1
15.356710000000001, 1, 0, 0, 1, 1, 1, 1, 1
15.356820000000001, 1, 0, 1, 1, 1, 1, 1, 1
15.357960000000002, 1, 0, 0, 1, 1, 1, 1, 1
15.358020000000002, 1, 0, 1, 1, 1, 1, 1, 1
15.358070000000001, 1, 0, 0, 1, 1, 1, 1, 1
15.358430000000002, 1, 0, 1, 1, 1, 1, 1, 1
15.358490000000002, 1, 0, 0, 1, 1, 1, 1, 1
15.358910000000002, 1, 0, 1, 1, 1, 1, 1, 1
15.359970000000001, 1, 0, 0, 1, 1, 1, 1, 1
15.360020000000000, 1, 0, 1, 1, 1, 1, 1, 1
15.360180000000001, 1, 0, 0, 1, 1, 1, 1, 1
15.360230000000001, 1, 0, 1, 1, 1, 1, 1, 1
15.360390000000001, 1, 0, 0, 1, 1, 1, 1, 1
15.360440000000001, 1, 0, 1, 1, 1, 1, 1, 1
15.401710000000001, 1, 0, 0, 1, 1, 1, 1, 1
15.402640000000002, 1, 0, 1, 1, 1, 1, 1, 1
15.403860000000002, 1, 0, 0, 1, 1, 1, 1, 1
15.404330000000002, 1, 0, 1, 1, 1, 1, 1, 1
15.404410000000000, 1, 0, 0, 1, 1, 1, 1, 1
15.404510000000002, 1, 0, 1, 1, 1, 1, 1, 1
15.404560000000002, 1, 0, 0, 1, 1, 1, 1, 1
15.404770000000001, 1, 0, 1, 1, 1, 1, 1, 1
15.404820000000001, 1, 0, 0, 1, 1, 1, 1, 1
15.404870000000001, 1, 0, 1, 1, 1, 1, 1, 1
15.405860000000001, 1, 0, 0, 1, 1, 1, 1, 1
15.405920000000002, 1, 0, 1, 1, 1, 1, 1, 1
15.405970000000002, 1, 0, 0, 1, 1, 1, 1, 1
15.406330000000001, 1, 0, 1, 1, 1, 1, 1, 1
15.406420000000001, 1, 0, 0, 1, 1, 1, 1, 1
15.406520000000000, 1, 0, 1, 1, 1, 1, 1, 1
15.406570000000002, 1, 0, 0, 1, 1, 1, 1, 1
15.406890000000001, 1, 0, 1, 1, 1, 1, 1, 1
15.407880000000000, 1, 0, 0, 1, 1, 1, 1, 1
15.407980000000002, 1, 0, 1, 1, 1, 1, 1, 1
15.408030000000002, 1, 0, 0, 1, 1, 1, 1, 1
15.408140000000001, 1, 0, 1, 1, 1, 1, 1, 1
15.408290000000001, 1, 0, 0, 1, 1, 1, 1, 1
15.408340000000001, 1, 0, 1, 1, 1, 1, 1, 1
15.421970000000002, 1, 0, 0, 1, 1, 1, 1, 1
15.422900000000002, 1, 0, 1, 1, 1, 1, 1, 1
15.424110000000001, 1, 0, 0, 1, 1, 1, 1, 1
15.424320000000002, 1, 0, 1, 1, 1, 1, 1, 1
15.424370000000001, 1, 0, 0, 1, 1, 1, 1, 1
15.424430000000001, 1, 0, 1, 1, 1, 1, 1, 1
15.424480000000001, 1, 0, 0, 1, 1, 1, 1, 1
15.424580000000001, 1, 0, 1, 1, 1, 1, 1, 1
15.424660000000001, 1, 0, 0, 1, 1, 1, 1, 1
15.424710000000001, 1, 0, 1, 1, 1, 1, 1, 1
15.424770000000001, 1, 0, 0, 1, 1, 1, 1, 1
15.424920000000002, 1, 0, 1, 1, 1, 1, 1, 1
15.424970000000002, 1, 0, 0, 1, 1, 1, 1, 1
15.425030000000001, 1, 0, 1, 1, 1, 1, 1, 1
15.425080000000001, 1, 0, 0, 1, 1, 1, 1, 1
15.425130000000001, 1, 0, 1, 1, 1, 1, 1, 1
15.426110000000001, 1, 0, 0, 1, 1, 1, 1, 1
15.426420000000002, 1, 0, 1, 1, 1, 1, 1, 1
15.426470000000002, 1, 0, 0, 1, 1, 1, 1, 1
15.426580000000001, 1, 0, 1, 1, 1, 1, 1, 1
15.428120000000002, 1, 0, 0, 1, 1, 1, 1, 1
15.428220000000001, 1, 0, 1, 1, 1, 1, 1, 1
15.428270000000001, 1, 0, 0, 1, 1, 1, 1, 1
15.428330000000001, 1, 0, 1, 1, 1, 1, 1, 1
15.428480000000000, 1, 0, 0, 1, 1, 1, 1, 1
15.428590000000002, 1, 0, 1, 1, 1, 1, 1, 1
15.432740000000001, 1, 1, 1, 1, 1, 1, 1, 1
15.432770000000001, 0, 1, 0, 1, 1, 1, 1, 1
15.433690000000002, 1, 1, 1, 1, 1, 1, 1, 1
15.433760000000001, 0, 1, 0, 1, 1, 1, 1, 1
15.434170000000002, 1, 1, 1, 1, 1, 1, 1, 1
15.434330000000001, 0, 1, 0, 1, 1, 1, 1, 1
15.434380000000001, 1, 1, 1, 1, 1, 1, 1, 1
15.434480000000001, 0, 1, 0, 1, 1, 1, 1, 1
15.434640000000002, 1, 1, 1, 1, 1, 1, 1, 1
15.434740000000001, 0, 1, 0, 1, 1, 1, 1, 1
15.434790000000001, 1, 1, 1, 1, 1, 1, 1, 1
15.434910000000002, 1, 0, 1, 1, 1, 1, 1, 1
15.435090000000001, 1, 1, 1, 1, 1, 1, 1, 1
15.435110000000002, 0, 1, 0, 1, 1, 1, 1, 1
15.435160000000002, 1, 1, 1, 1, 1, 1, 1, 1
15.435210000000001, 0, 1, 0, 1, 1, 1, 1, 1
15.435320000000001, 1, 1, 1, 1, 1, 1, 1, 1
15.435370000000001, 0, 1, 0, 1, 1, 1, 1, 1
15.435420000000001, 1, 1, 1, 1, 1, 1, 1, 1
15.435470000000000, 0, 1, 0, 1, 1, 1, 1, 1
15.435570000000002, 1, 1, 1, 1, 1, 1, 1, 1
15.435640000000001, 0, 1, 0, 1, 1, 1, 1, 1
15.436100000000001, 1, 1, 1, 1, 1, 1, 1, 1
15.436180000000002, 0, 1, 0, 1, 1, 1, 1, 1
15.436430000000001, 1, 1, 1, 1, 1, 1, 1, 1
15.436480000000001, 0, 1, 1, 1, 1, 1, 1, 1
15.436490000000001, 0, 1, 0, 1, 1, 1, 1, 1
15.436640000000001, 1, 1, 1, 1, 1, 1, 1, 1
15.436710000000001, 1, 0, 1, 1, 1, 1, 1, 1
15.436890000000002, 1, 1, 1, 1, 1, 1, 1, 1
15.436910000000001, 0, 1, 0, 1, 1, 1, 1, 1
15.437010000000001, 1, 1, 1, 1, 1, 1, 1, 1
15.437220000000002, 0, 1, 0, 1, 1, 1, 1, 1
15.437270000000002, 1, 1, 1, 1, 1, 1, 1, 1
15.437320000000001, 0, 1, 0, 1, 1, 1, 1, 1
15.437370000000001, 1, 1, 1, 1, 1, 1, 1, 1
15.437500000000002, 1, 0, 1, 1, 1, 1, 1, 1
15.454800000000001, 1, 0, 0, 1, 1, 1, 1, 1
15.455730000000001, 1, 0, 1, 1, 1, 1, 1, 1
15.456790000000002, 1, 0, 0, 1, 1, 1, 1, 1
15.456840000000001, 1, 0, 1, 1, 1, 1, 1, 1
15.457000000000001, 1, 0, 0, 1, 1, 1, 1, 1
15.457100000000001, 1, 0, 1, 1, 1, 1, 1, 1
15.457200000000002, 1, 0, 0, 1, 1, 1, 1, 1
15.457260000000002, 1, 0, 1, 1, 1, 1, 1, 1
15.457320000000001, 1, 0, 0, 1, 1, 1, 1, 1
15.457420000000001, 1, 0, 1, 1, 1, 1, 1, 1
15.457470000000001, 1, 0, 0, 1, 1, 1, 1, 1
15.457630000000002, 1, 0, 1, 1, 1, 1, 1, 1
15.457730000000002, 1, 0, 0, 1, 1, 1, 1, 1
15.457790000000001, 1, 0, 1, 1, 1, 1, 1, 1
15.458800000000002, 1, 0, 0, 1, 1, 1, 1, 1
15.458850000000002, 1, 0, 1, 1, 1, 1, 1, 1
15.458910000000001, 1, 0, 0, 1, 1, 1, 1, 1
15.459270000000002, 1, 0, 1, 1, 1, 1, 1, 1
15.459330000000001, 1, 0, 0, 1, 1, 1, 1, 1
15.459750000000001, 1, 0, 1, 1, 1, 1, 1, 1
15.460920000000002, 1, 0, 0, 1, 1, 1, 1, 1
15.460970000000001, 1, 0, 1, 1, 1, 1, 1, 1
15.461020000000001, 1, 0, 0, 1, 1, 1, 1, 1
15.461330000000002, 1, 0, 1, 1, 1, 1, 1, 1
15.502580000000002, 1, 0, 0, 1, 1, 1, 1, 1
15.503510000000002, 1, 0, 1, 1, 1, 1, 1, 1
15.504830000000002, 1, 0, 0, 1, 1, 1, 1, 1
15.505290000000000, 1, 0, 1, 1, 1, 1, 1, 1
15.505350000000002, 1, 0, 0, 1, 1, 1, 1, 1
15.505460000000001, 1, 0, 1, 1, 1, 1, 1, 1
15.505510000000001, 1, 0, 0, 1, 1, 1, 1, 1
15.505620000000000, 1, 0, 1, 1, 1, 1, 1, 1
15.505770000000002, 1, 0, 0, 1, 1, 1, 1, 1
15.505820000000002, 1, 0, 1, 1, 1, 1, 1, 1
15.506820000000001, 1, 0, 0, 1, 1, 1, 1, 1
15.506880000000001, 1, 0, 1, 1, 1, 1, 1, 1
15.506930000000001, 1, 0, 0, 1, 1, 1, 1, 1
15.507290000000001, 1, 0, 1, 1, 1, 1, 1, 1
15.507350000000001, 1, 0, 0, 1, 1, 1, 1, 1
15.507460000000002, 1, 0, 1, 1, 1, 1, 1, 1
15.507510000000002, 1, 0, 0, 1, 1, 1, 1, 1
15.507820000000001, 1, 0, 1, 1, 1, 1, 1, 1
15.508850000000001, 1, 0, 0, 1, 1, 1, 1, 1
15.508900000000001, 1, 0, 1, 1, 1, 1, 1, 1
15.509010000000002, 1, 0, 0, 1, 1, 1, 1, 1
15.509110000000002, 1, 0, 1, 1, 1, 1, 1, 1
15.509160000000001, 1, 0, 0, 1, 1, 1, 1, 1
15.509270000000001, 1, 0, 1, 1, 1, 1, 1, 1
15.522910000000001, 1, 0, 0, 1, 1, 1, 1, 1
15.523840000000002, 1, 0, 1, 1, 1, 1, 1, 1
15.525120000000001, 1, 0, 0, 1, 1, 1, 1, 1
15.525330000000002, 1, 0, 1, 1, 1, 1, 1, 1
15.525380000000002, 1, 0, 0, 1, 1, 1, 1, 1
15.525430000000002, 1, 0, 1, 1, 1, 1, 1, 1
15.525490000000001, 1, 0, 0, 1, 1, 1, 1, 1
15.525590000000001, 1, 0, 1, 1, 1, 1, 1, 1
15.525650000000001, 1, 0, 0, 1, 1, 1, 1, 1
15.525700000000001, 1, 0, 1, 1, 1, 1, 1, 1
15.525750000000000, 1, 0, 0, 1, 1, 1, 1, 1
15.526070000000001, 1, 0, 1, 1, 1, 1, 1, 1
15.527090000000001, 1, 0, 0, 1, 1, 1, 1, 1
15.527400000000002, 1, 0, 1, 1, 1, 1, 1, 1
15.527450000000002, 1, 0, 0, 1, 1, 1, 1, 1
15.527560000000001, 1, 0, 1, 1, 1, 1, 1, 1
15.529100000000001, 1, 0, 0, 1, 1, 1, 1, 1
15.529520000000002, 1, 0, 1, 1, 1, 1, 1, 1
15.533500000000002, 1, 1, 1, 1, 1, 1, 1, 1
15.533530000000001, 0, 1, 0, 1, 1, 1, 1, 1
15.534460000000001, 1, 1, 1, 1, 1, 1, 1, 1
15.534530000000002, 0, 1, 0, 1, 1, 1, 1, 1
15.534940000000001, 1, 1, 1, 1, 1, 1, 1, 1
15.535100000000002, 0, 1, 0, 1, 1, 1, 1, 1
15.535150000000002, 1, 1, 1, 1, 1, 1, 1, 1
15.535250000000001, 0, 1, 0, 1, 1, 1, 1, 1
15.535350000000001, 1, 1, 1, 1, 1, 1, 1, 1
15.535400000000001, 0, 1, 0, 1, 1, 1, 1, 1
15.535510000000002, 1, 1, 1, 1, 1, 1, 1, 1
15.535680000000001, 1, 0, 1, 1, 1, 1, 1, 1
15.535860000000001, 1, 1, 1, 1, 1, 1, 1, 1
15.535880000000001, 0, 1, 0, 1, 1, 1, 1, 1
15.535930000000000, 1, 1, 1, 1, 1, 1, 1, 1
15.535980000000002, 0, 1, 0, 1, 1, 1, 1, 1
15.536080000000002, 1, 1, 1, 1, 1, 1, 1, 1
15.536130000000002, 0, 1, 0, 1, 1, 1, 1, 1
15.536190000000001, 1, 1, 1, 1, 1, 1, 1, 1
15.536240000000001, 0, 1, 0, 1, 1, 1, 1, 1
15.536340000000001, 1, 1, 1, 1, 1, 1, 1, 1
15.536400000000000, 0, 1, 0, 1, 1, 1, 1, 1
15.536870000000000, 1, 1, 1, 1, 1, 1, 1, 1
15.536940000000001, 0, 1, 0, 1, 1, 1, 1, 1
15.537200000000002, 1, 1, 1, 1, 1, 1, 1, 1
15.537250000000002, 0, 1, 0, 1, 1, 1, 1, 1
15.537410000000001, 1, 1, 1, 1, 1, 1, 1, 1
15.537470000000001, 1, 0, 1, 1, 1, 1, 1, 1
15.537660000000001, 1, 1, 1, 1, 1, 1, 1, 1
15.537680000000002, 0, 1, 0, 1, 1, 1, 1, 1
15.537730000000002, 1, 1, 1, 1, 1, 1, 1, 1
15.537780000000001, 0, 1, 0, 1, 1, 1, 1, 1
15.537830000000001, 1, 1, 1, 1, 1, 1, 1, 1
15.537980000000001, 0, 1, 0, 1, 1, 1, 1, 1
15.538040000000001, 1, 1, 1, 1, 1, 1, 1, 1
15.538090000000000, 0, 1, 0, 1, 1, 1, 1, 1
15.538140000000002, 1, 1, 1, 1, 1, 1, 1, 1
15.538270000000001, 1, 0, 1, 1, 1, 1, 1, 1
15.555750000000002, 1, 0, 0, 1, 1, 1, 1, 1
15.556680000000002, 1, 0, 1, 1, 1, 1, 1, 1
15.557750000000000, 1, 0, 0, 1, 1, 1, 1, 1
15.557850000000002, 1, 0, 1, 1, 1, 1, 1, 1
15.557960000000001, 1, 0, 0, 1, 1, 1, 1, 1
15.558060000000001, 1, 0, 1, 1, 1, 1, 1, 1
15.558170000000000, 1, 0, 0, 1, 1, 1, 1, 1
15.558220000000002, 1, 0, 1, 1, 1, 1, 1, 1
15.558290000000001, 1, 0, 0, 1, 1, 1, 1, 1
15.558390000000001, 1, 0, 1, 1, 1, 1, 1, 1
15.558440000000001, 1, 0, 0, 1, 1, 1, 1, 1
15.558550000000002, 1, 0, 1, 1, 1, 1, 1, 1
15.558600000000002, 1, 0, 0, 1, 1, 1, 1, 1
15.558700000000002, 1, 0, 1, 1, 1, 1, 1, 1
15.559750000000001, 1, 0, 0, 1, 1, 1, 1, 1
15.559800000000001, 1, 0, 1, 1, 1, 1, 1, 1
15.559860000000000, 1, 0, 0, 1, 1, 1, 1, 1
15.560220000000001, 1, 0, 1, 1, 1, 1, 1, 1
15.560290000000002, 1, 0, 0, 1, 1, 1, 1, 1
15.560710000000002, 1, 0, 1, 1, 1, 1, 1, 1
15.561740000000002, 1, 0, 0, 1, 1, 1, 1, 1
15.561790000000002, 1, 0, 1, 1, 1, 1, 1, 1
15.561890000000002, 1, 0, 0, 1, 1, 1, 1, 1
15.561950000000001, 1, 0, 1, 1, 1, 1, 1, 1
15.603640000000000, 1, 0, 0, 1, 1, 1, 1, 1
15.604570000000001, 1, 0, 1, 1, 1, 1, 1, 1
15.605650000000001, 1, 0, 0, 1, 1, 1, 1, 1
